<?xml version="1.0" encoding="utf-8"?>
<Root xmlns:xsi="http://www.w3.org/2001/XMLSchema-instance" xmlns:xsd="http://www.w3.org/2001/XMLSchema" Id="0001" Name="Syntax identifier" Description="Coded identification of the agency controlling the syntax, and of the character repertoire used in an interchange." Count="a4">
  <Value Id="UNOA" Name="UN/ECE level A" Description="As defined in the basic code table of ISO 646 with the exceptions of lower case letters, alternative graphic character allocations and national or application-oriented graphic character allocations." />
  <Value Id="UNOB" Name="UN/ECE level B" Description="As defined in the basic code table of ISO 646 with the exceptions of alternative graphic character allocations and national or application-oriented graphic character allocations." />
  <Value Id="UNOC" Name="UN/ECE level C" Description="As defined in ISO/IEC 8859-1 : Information technology -Part 1: Latin alphabet No. 1." />
  <Value Id="UNOD" Name="UN/ECE level D" Description="As defined in ISO/IEC 8859-2 : Information technology -Part 2: Latin alphabet No. 2." />
  <Value Id="UNOE" Name="UN/ECE level E" Description="As defined in ISO/IEC 8859-5 : Information technology -Part 5: Latin/Cyrillic alphabet." />
  <Value Id="UNOF" Name="UN/ECE level F" Description="As defined in ISO 8859-7 : Information processing - Part 7: Latin/Greek alphabet." />
  <Value Id="UNOG" Name="UN/ECE level G" Description="As defined in ISO/IEC 8859-3 : Information technology -Part 3: Latin alphabet No. 3." />
  <Value Id="UNOH" Name="UN/ECE level H" Description="As defined in ISO/IEC 8859-4 : Information technology -Part 4: Latin alphabet No. 4." />
  <Value Id="UNOI" Name="UN/ECE level I" Description="As defined in ISO/IEC 8859-6 : Information technology -Part 6: Latin/Arabic alphabet." />
  <Value Id="UNOJ" Name="UN/ECE level J" Description="As defined in ISO/IEC 8859-8 : Information technology -Part 8: Latin/Hebrew alphabet." />
  <Value Id="UNOK" Name="UN/ECE level K" Description="As defined in ISO/IEC 8859-9 : Information technology -Part 9: Latin alphabet No. 5." />
  <Value Id="UNOX" Name="UN/ECE level X" Description="Code extension technique as defined by ISO 2022 utilising the escape techniques in accordance with ISO 2375." />
  <Value Id="UNOY" Name="UN/ECE level Y" Description="ISO 10646-1 octet without code extension technique." />
</Root>