<?xml version="1.0" encoding="utf-8"?>
<Root xmlns:xsi="http://www.w3.org/2001/XMLSchema-instance" xmlns:xsd="http://www.w3.org/2001/XMLSchema" Id="0007" Name="Identification code qualifier" Description="Qualifier referring to the identification code." Count="an..4">
  <Value Id="1" Name="DUNS (Data Universal Numbering System)" Description="Partner identification code assigned by Dun &amp; Bradstreet." />
  <Value Id="4" Name="IATA (International Air Transport Association)" Description="Partner identification code assigned by the International Air Transport Association." />
  <Value Id="5" Name="INSEE (Institut National de la Statistique et des Etudes Economiques) - SIRET" Description="French national statistics institute. SIRET means Systeme Informatique du Repertoire des entreprises et de leurs ETablissements." />
  <Value Id="8" Name="UCC Communications ID (Uniform Code Council Communications Identifier)" Description="The Uniform Code Council Communications Identifier is a ten digit code used to uniquely identify physical and logical locations." />
  <Value Id="9" Name="DUNS (Data Universal Numbering System) with 4 digit suffix" Description="Partner identification code assigned by Dun &amp; Bradstreet with the 4 digit suffix." />
  <Value Id="12" Name="Telephone number" Description="Partner identification code corresponds to the partner telephone number." />
  <Value Id="14" Name="EAN International" Description="Partner identification code assigned by EAN International, an international organization of EAN Member Organizations, that along with the Uniform Code Council manages the EAN.UCC System (a series of standards for supply chain management)." />
  <Value Id="18" Name="AIAG (Automotive Industry Action Group)" Description="Partner identification code assigned by the Automotive Industry Action Group." />
  <Value Id="22" Name="INSEE (Institut National de la Statistique et des Etudes Economiques) - SIREN" Description="French national statistics institute. SIREN means Systeme Informatique du Repertoire des ENtreprises (et de leurs etablissements)." />
  <Value Id="30" Name="ISO 6523: Organization identification" Description="Partner identification code specified in ISO 6523 (Structures for the identification of organizations)." />
  <Value Id="31" Name="DIN (Deutsches Institut fuer Normung)" Description="German standardization institute." />
  <Value Id="33" Name="BfA (Bundesversicherungsanstalt fuer Angestellte)" Description="German social security association." />
  <Value Id="34" Name="National Statistical Agency" Description="Partner identification code assigned by a national statistical agency." />
  <Value Id="51" Name="GEIS (General Electric Information Services)" Description="Partner identification code assigned by General Electric Information Services." />
  <Value Id="52" Name="INS (IBM Network Services)" Description="Partner identification code assigned by IBM Network Services." />
  <Value Id="53" Name="Datenzentrale des Einzelhandels" Description="German data centre for retail trade." />
  <Value Id="54" Name="Bundesverband der Deutschen Baustoffhaendler" Description="German building material trade association." />
  <Value Id="55" Name="Bank identifier code" Description="Partner identification code corresponds to the partner bank identification code." />
  <Value Id="57" Name="KTNet (Korea Trade Network Services)" Description="Partner identification code assigned by Korea Trade Network Services." />
  <Value Id="58" Name="UPU (Universal Postal Union)" Description="Partner identification code assigned by the Universal Postal Union." />
  <Value Id="59" Name="ODETTE (Organization for Data Exchange through Tele-Transmission in Europe)" Description="European automotive industry project." />
  <Value Id="61" Name="SCAC (Standard Carrier Alpha Code)" Description="Directory of standard multimodal carriers and tariff agent codes. The SCAC lists and codes transportation companies." />
  <Value Id="63" Name="ECA (Electronic Commerce Australia)" Description="Australian association for electronic commerce." />
  <Value Id="65" Name="TELEBOX 400 (Deutsche Telekom)" Description="German telecommunications service." />
  <Value Id="80" Name="NHS (National Health Service)" Description="United Kingdom National Health Service." />
  <Value Id="82" Name="Statens Teleforvaltning" Description="Norwegian telecommunications regulatory authority (NTRA)." />
  <Value Id="84" Name="Athens Chamber of Commerce" Description="Greek Chamber of Commerce." />
  <Value Id="85" Name="Swiss Chamber of Commerce" Description="Swiss Chamber of Commerce." />
  <Value Id="86" Name="US Council for International Business" Description="United States Council for International Business." />
  <Value Id="87" Name="National Federation of Chambers of Commerce and Industry" Description="Belgium National Federation of Chambers of Commerce and Industry." />
  <Value Id="89" Name="Association of British Chambers of Commerce" Description="Association of British Chambers of Commerce." />
  <Value Id="90" Name="SITA (Societe Internationale de Telecommunications Aeronautiques)" Description="SITA (Societe Internationale de Telecommunications Aeronautiques)." />
  <Value Id="91" Name="Assigned by seller or seller's agent" Description="Partner identification code assigned by the seller or seller's agent." />
  <Value Id="92" Name="Assigned by buyer or buyer's agent" Description="Partner identification code assigned by the buyer or buyer's agent." />
  <Value Id="103" Name="TW, Trade-van" Description="Trade-van is an EDI VAN service center for customs, transport, and insurance in national and international trade." />
  <Value Id="128" Name="CH, BCNR (Swiss Clearing Bank Number)" Description="Code for the identification of a Swiss clearing bank as a sender and/or receiver of an electronic message." />
  <Value Id="129" Name="CH, BPI (Swiss Business Partner Identification)" Description="Code for the identification of a corporate or a Swiss non-clearing bank as a sender and/or receiver of an electronic message." />
  <Value Id="144" Name="US, DoDAAC (Department of Defense Activity Address Code)" Description="Code assigned to uniquely identify all military units in the United States Department of Defense." />
  <Value Id="145" Name="FR, DGCP (Direction Generale de la Comptabilite Publique)" Description="Code assigned by the French public accounting office." />
  <Value Id="146" Name="FR, DGI (Direction Generale des Impots)" Description="Code assigned by the French taxation authority." />
  <Value Id="147" Name="JP, JIPDEC/ECPC (Japan Information Processing Development Corporation / Electronic Commerce Promotion Center)" Description="Partner identification code which is registered with JIPDEC/ECPC." />
  <Value Id="148" Name="ITU (International Telecommunications Union) Data Network Identification Code (DNIC)" Description="Data network identification code assigned by the ITU." />
  <Value Id="Z01" Name="Vehicle registration number" Description="Registration number of a vehicle assigned by a recognised authority." />
  <Value Id="ZZZ" Name="Mutually defined" Description="Mutually defined between trading partners." />
</Root>