<?xml version="1.0" encoding="utf-8"?>
<Root xmlns:xsi="http://www.w3.org/2001/XMLSchema-instance" xmlns:xsd="http://www.w3.org/2001/XMLSchema" Id="0054" Name="Message release number" Description="Release number within the current message version number." Count="an..3">
  <Value Id="1" Name="First release" Description="User message approved and issued in the first release of the year of the UNTDID (United Nations Trade Data Interchange Directory); valid for directories published prior to March 1990. Service message approved and issued as the first release of the message within a version of ISO 9735; valid for version 4 of IS0 9735 and later." />
  <Value Id="2" Name="Second release" Description="User message approved and issued in the second release of the year of the UNTDID (United Nations Trade Data Interchange Directory); valid for directories published prior to March 1990. Service message approved and issued as the second release of the message within a version of ISO 9735; valid for version 4 of IS0 9735 and later." />
  <Value Id="902" Name="Trial release 1990" Description="Message approved and issued in the 1990 status 1 (trial) release of the UNTDID (United Nations Trade Data Interchange Directory)." />
  <Value Id="911" Name="Trial release 1991" Description="Message approved and issued in the 1991 status 1 (trial) release of the UNTDID (United Nations Trade Data Interchange Directory)." />
  <Value Id="912" Name="Standard release 1991" Description="Message approved and issued in the 1991 status 2 (standard) release of the UNTDID (United Nations Trade Data Interchange Directory)." />
  <Value Id="921" Name="Trial release 1992" Description="Message approved and issued in the 1992 status 1 (trial) release of the UNTDID (United Nations Trade Data Interchange Directory)." />
  <Value Id="932" Name="Standard release 1993" Description="Message approved and issued in the 1993 status 2 (standard) release of the UNTDID (United Nations Trade Data Interchange Directory)." />
  <Value Id="00A" Name="Release 2000 - A" Description="Message approved and issued in the first 2000 release of the UNTDID (United Nations Trade Data Interchange Directory)." />
  <Value Id="00B" Name="Release 2000 - B" Description="Message approved and issued in the second 2000 release of the UNTDID (United Nations Trade Data Interchange Directory)." />
  <Value Id="01A" Name="Release 2001 - A" Description="Message approved and issued in the first 2001 release of the UNTDID (United Nations Trade Data Interchange Directory)." />
  <Value Id="01B" Name="Release 2001 - B" Description="Message approved and issued in the second 2001 release of the UNTDID (United Nations Trade Data Interchange Directory)." />
  <Value Id="01C" Name="Release 2001 - C" Description="Message approved and issued in the third 2001 release of the UNTDID (United Nations Trade Data Interchange Directory)." />
  <Value Id="02A" Name="Release 2002 - A" Description="Message approved and issued in the first 2002 release of the UNTDID (United Nations Trade Data Interchange Directory)." />
  <Value Id="02B" Name="Release 2002 - B" Description="Message approved and issued in the second 2002 release of the UNTDID (United Nations Trade Data Interchange Directory)." />
  <Value Id="03A" Name="Release 2003 - A" Description="Message approved and issued in the first 2003 release of the UNTDID (United Nations Trade Data Interchange Directory)." />
  <Value Id="03B" Name="Release 2003 - B" Description="Message approved and issued in the second 2003 release of the UNTDID (United Nations Trade Data Interchange Directory)." />
  <Value Id="93A" Name="Release 1993 - A" Description="Message approved and issued in the 1993 release of the UNTDID (United Nations Trade Data Interchange Directory)." />
  <Value Id="94A" Name="Release 1994 - A" Description="Message approved and issued in the first 1994 release of the UNTDID (United Nations Trade Data Interchange Directory)." />
  <Value Id="94B" Name="Release 1994 - B" Description="Message approved and issued in the second 1994 release of the UNTDID (United Nations Trade Data Interchange Directory)." />
  <Value Id="95A" Name="Release 1995 - A" Description="Message approved and issued in the first 1995 release of the UNTDID (United Nations Trade Data Interchange Directory)." />
  <Value Id="95B" Name="Release 1995 - B" Description="Message approved and issued in the second 1995 release of the UNTDID (United Nations Trade Data Interchange Directory)." />
  <Value Id="96A" Name="Release 1996 - A" Description="Message approved and issued in the first 1996 release of the UNTDID (United Nations Trade Data Interchange Directory)." />
  <Value Id="96B" Name="Release 1996 - B" Description="Message approved and issued in the second 1996 release of the UNTDID (United Nations Trade Data Interchange Directory)." />
  <Value Id="97A" Name="Release 1997 - A" Description="Message approved and issued in the first 1997 release of the UNTDID (United Nations Trade Data Interchange Directory)." />
  <Value Id="97B" Name="Release 1997 - B" Description="Message approved and issued in the second 1997 release of the UNTDID (United Nations Trade Data Interchange Directory)." />
  <Value Id="98A" Name="Release 1998 - A" Description="Message approved and issued in the first 1998 release of the UNTDID (United Nations Trade Data Interchange Directory)." />
  <Value Id="98B" Name="Release 1998 - B" Description="Message approved and issued in the second 1998 release of the UNTDID (United Nations Trade Data Interchange Directory)." />
  <Value Id="99A" Name="Release 1999 - A" Description="Message approved and issued in the first 1999 release of the UNTDID (United Nations Trade Data Interchange Directory)." />
  <Value Id="99B" Name="Release 1999 - B" Description="Message approved and issued in the second 1999 release of the UNTDID (United Nations Trade Data Interchange Directory)." />
</Root>