<?xml version="1.0" encoding="utf-8"?>
<Root xmlns:xsi="http://www.w3.org/2001/XMLSchema-instance" xmlns:xsd="http://www.w3.org/2001/XMLSchema" Id="0051" Name="Controlling agency, coded" Description="Code identifying a controlling agency." Count="an..3">
  <Value Id="AA" Name="EDICONSTRUCT" Description="French construction project." />
  <Value Id="AB" Name="DIN (Deutsches Institut fuer Normung)" Description="German standardization institute." />
  <Value Id="AC" Name="ICS (International Chamber of Shipping)" Description="The International Chamber of Shipping." />
  <Value Id="AD" Name="UPU (Union Postale Universelle)" Description="Universal Postal Union." />
  <Value Id="AE" Name="United Kingdom ANA (Article Numbering Association)" Description="Identifies the Article Numbering Association of the United Kingdom." />
  <Value Id="AF" Name="ANSI ASC X12 (American National Standard Institute Accredited Standards Committee X12)" Description="Identifies the United States electronic data interchange standards body." />
  <Value Id="AG" Name="US DoD (United States Department of Defense)" Description="The United States Department of Defense is the entity controlling the message specification." />
  <Value Id="AH" Name="US Federal Government" Description="The United States Federal Government is the entity controlling the message specification." />
  <Value Id="AI" Name="EDIFICAS" Description="European EDI association for financial, informational, cost, accounting, auditing and social areas." />
  <Value Id="CC" Name="CCC (Customs Co-operation Council)" Description="The Customs Co-operation Council." />
  <Value Id="CE" Name="CEFIC (Conseil Europeen des Federations de l'Industrie Chimique)" Description="EDI project for chemical industry." />
  <Value Id="EC" Name="EDICON" Description="UK Construction project." />
  <Value Id="ED" Name="EDIFICE (Electronic industries project)" Description="EDI Forum for companies with Interest in Computing and Electronics (EDI project for EDP/ADP sector)." />
  <Value Id="EE" Name="EC + EFTA (European Communities and European Free Trade Association)" Description="The European Communities and the European Free Trade Association." />
  <Value Id="EN" Name="EAN International" Description="International organization of EAN Member Organizations, that along with the Uniform Code Council manages the EAN.UCC System (a series of standards for supply chain management)." />
  <Value Id="ER" Name="UIC (International Union of railways)" Description="European railways." />
  <Value Id="EU" Name="European Union" Description="The European Union." />
  <Value Id="EW" Name="UN/EDIFACT Working Group (EWG)" Description="United Nations working group responsible for UN/EDIFACT (United Nations, Electronic Data Interchange for Administration, Commerce and Transport)." />
  <Value Id="EX" Name="IECC (International Express Carriers Conference)" Description="The International Express Carriers Conference." />
  <Value Id="IA" Name="IATA (International Air Transport Association)" Description="The International Air Transport Association." />
  <Value Id="KE" Name="KEC (Korea EDIFACT Committee)" Description="The Korea EDIFACT Committee." />
  <Value Id="LI" Name="LIMNET" Description="UK Insurance project." />
  <Value Id="OD" Name="ODETTE (Organization for Data Exchange through Tele-Transmission in Europe)" Description="European automotive industry project." />
  <Value Id="RI" Name="RINET (Reinsurance and Insurance Network)" Description="The Reinsurance and Insurance Network." />
  <Value Id="RT" Name="UN/ECE/TRADE/WP.4/GE.1/EDIFACT Rapporteurs' Teams" Description="United Nations Economic UN Economic Commission for Europe (UN/ECE), Committee on the development of trade (TRADE), Working Party on facilitation of international trade procedures (WP.4), Group of Experts on data elements and automatic data interchange (GE.1), EDIFACT Rapporteurs' Teams." />
  <Value Id="UN" Name="UN/CEFACT" Description="United Nations Centre for Trade Facilitation and Electronic Business (UN/CEFACT)." />
</Root>