<?xml version="1.0" encoding="utf-8"?>
<Root xmlns:xsi="http://www.w3.org/2001/XMLSchema-instance" xmlns:xsd="http://www.w3.org/2001/XMLSchema" Id="0052" Name="Message version number" Description="Version number of a message type." Count="an..3">
  <Value Id="1" Name="Status 1 version" Description="Message approved and issued as a status 1 (trial) message. (Valid for directories published after March 1990 and prior to March 1993)." />
  <Value Id="2" Name="Status 2 version" Description="Message approved and issued as a status 2 (formal recommendation) message. (Valid for directories published after March 1990 and prior to March 1993)." />
  <Value Id="4" Name="Service message, version 4" Description="Service messages approved and issued as a part of ISO 9735/Version 4, for use with that version of the syntax. Note: 1. For earlier versions of the UN/EDIFACT CONTRL message, each published by the UN as a stand-alone message, the version number to be used is specified in the message documentation." />
  <Value Id="88" Name="1988 version" Description="Message approved and issued in the 1988 release of the UNTDID (United Nations Trade Data Interchange Directory) as a status 2 (formal recommendation) message." />
  <Value Id="89" Name="1989 version" Description="Message approved and issued in the 1989 release of the UNTDID (United Nations Trade Data Interchange Directory) as a status 2 (formal recommendation) message." />
  <Value Id="90" Name="1990 version" Description="Message approved and issued in the 1990 release of the UNTDID (United Nations Trade Data Interchange Directory) as a status 2 (formal recommendation) message." />
  <Value Id="D" Name="Draft version/UN/EDIFACT Directory" Description="Message approved and issued as a draft message (Valid for directories published after March 1993 and prior to March 1997). Message approved as a standard message (Valid for directories published after March 1997)." />
  <Value Id="S" Name="Standard version" Description="Message approved and issued as a standard message. (Valid for directories published after March 1993 and prior to March 1997)." />
</Root>