<?xml version="1.0" encoding="utf-8"?>
<Root xmlns:xsi="http://www.w3.org/2001/XMLSchema-instance" xmlns:xsd="http://www.w3.org/2001/XMLSchema" Id="0065" Name="Message type" Description="Code identifying a type of message and assigned by its controlling agency." Count="an..6">
  <Value Id="APERAK" Name="Application error and acknowledgement message" Description="A code to identify the application error and acknowledgement message." />
  <Value Id="AUTACK" Name="Secure authentication and acknowledgement message" Description="A code to identify the secure authentication and acknowledgement message." />
  <Value Id="AUTHOR" Name="Authorization message" Description="A code to identify the authorization message." />
  <Value Id="AVLREQ" Name="Availability request - interactive message" Description="A code to identify the availability request - interactive message." />
  <Value Id="AVLRSP" Name="Availability response - interactive message" Description="A code to identify the availability response -interactive message." />
  <Value Id="BALANC" Name="Balance message" Description="A code to identify the balance message." />
  <Value Id="BANSTA" Name="Banking status message" Description="A code to identify the banking status message." />
  <Value Id="BAPLIE" Name="Bayplan/stowage plan occupied and empty locations message" Description="A code to identify the bayplan/stowage plan occupied and empty locations message." />
  <Value Id="BERMAN" Name="Berth management message" Description="A code to identify the berth management message." />
  <Value Id="BMISRM" Name="Bulk marine inspection summary report message" Description="A code to identify the bulk marine inspection summary report message." />
  <Value Id="BOPBNK" Name="Bank transactions and portfolio transactions report message" Description="A code to identify the bank transactions and portfolio transactions report message." />
  <Value Id="BOPCUS" Name="Balance of payment customer transaction report message" Description="A code to identify the balance of payment customer transaction report message." />
  <Value Id="BOPDIR" Name="Direct balance of payment declaration message" Description="A code to identify the direct balance of payment declaration message." />
  <Value Id="BOPINF" Name="Balance of payment information from customer message" Description="A code to identify the balance of payment information from customer message." />
  <Value Id="BUSCRD" Name="Business credit report message" Description="A code to identify the business credit report message." />
  <Value Id="CALINF" Name="Vessel call information message" Description="A code to identify the vessel call information message." />
  <Value Id="CASINT" Name="Request for legal administration action in civil proceedings message" Description="A code to identify the request for legal administration action in civil proceedings message." />
  <Value Id="CASRES" Name="Legal administration response in civil proceedings message" Description="A code to identify the legal administration response in civil proceedings message." />
  <Value Id="CHACCO" Name="Chart of accounts message" Description="A code to identify the chart of accounts message." />
  <Value Id="CLASET" Name="Classification information set message" Description="A code to identify the classification information set message." />
  <Value Id="CNTCND" Name="Contractual conditions message" Description="A code to identify the contractual conditions message." />
  <Value Id="COACSU" Name="Commercial account summary message" Description="A code to identify the commercial account summary message." />
  <Value Id="COARRI" Name="Container discharge/loading report message" Description="A code to identify the container discharge/loading report message." />
  <Value Id="CODECO" Name="Container gate-in/gate-out report message" Description="A code to identify the container gate-in/gate-out report message." />
  <Value Id="CODENO" Name="Permit expiration/clearance ready notice message" Description="A code to identify the permit expiration/clearance ready notice message." />
  <Value Id="COEDOR" Name="Container stock report message" Description="A code to identify the container stock report message." />
  <Value Id="COHAOR" Name="Container special handling order message" Description="A code to identify the container special handling order message." />
  <Value Id="COLREQ" Name="Request for a documentary collection message" Description="A code to identify the request for a documentary collection message." />
  <Value Id="COMDIS" Name="Commercial dispute message" Description="A code to identify the commercial dispute message." />
  <Value Id="CONAPW" Name="Advice on pending works message" Description="A code to identify the advice on pending works message." />
  <Value Id="CONDPV" Name="Direct payment valuation message" Description="A code to identify the direct payment valuation message." />
  <Value Id="CONDRA" Name="Drawing administration message" Description="A code to identify the drawing administration message." />
  <Value Id="CONDRO" Name="Drawing organisation message" Description="A code to identify the drawing organisation message." />
  <Value Id="CONEST" Name="Establishment of contract message" Description="A code to identify the establishment of contract message." />
  <Value Id="CONITT" Name="Invitation to tender message" Description="A code to identify the invitation to tender message." />
  <Value Id="CONPVA" Name="Payment valuation message" Description="A code to identify the payment valuation message." />
  <Value Id="CONQVA" Name="Quantity valuation message" Description="A code to identify the quantity valuation message." />
  <Value Id="CONRPW" Name="Response of pending works message" Description="A code to identify the response of pending works message." />
  <Value Id="CONTEN" Name="Tender message" Description="A code to identify the tender message." />
  <Value Id="CONTRL" Name="Syntax and service report message" Description="A code to identify the syntax and service report message." />
  <Value Id="CONWQD" Name="Work item quantity determination message" Description="A code to identify the work item quantity determination message." />
  <Value Id="COPARN" Name="Container announcement message" Description="A code to identify the container announcement message." />
  <Value Id="COPAYM" Name="Contributions for payment" Description="A code to identify the contributions for payment." />
  <Value Id="COPINO" Name="Container pre-notification message" Description="A code to identify the container pre-notification message." />
  <Value Id="COPRAR" Name="Container discharge/loading order message" Description="A code to identify the container discharge/loading order message." />
  <Value Id="COREOR" Name="Container release order message" Description="A code to identify the container release order message." />
  <Value Id="COSTCO" Name="Container stuffing/stripping confirmation message" Description="A code to identify the container stuffing/stripping confirmation message." />
  <Value Id="COSTOR" Name="Container stuffing/stripping order message" Description="A code to identify the container stuffing/stripping order message." />
  <Value Id="CREADV" Name="Credit advice message" Description="A code to identify the credit advice message." />
  <Value Id="CREEXT" Name="Extended credit advice message" Description="A code to identify the extended credit advice message." />
  <Value Id="CREMUL" Name="Multiple credit advice message" Description="A code to identify the multiple credit advice message." />
  <Value Id="CUSCAR" Name="Customs cargo report message" Description="A code to identify the customs cargo report message." />
  <Value Id="CUSDEC" Name="Customs declaration message" Description="A code to identify the customs declaration message." />
  <Value Id="CUSEXP" Name="Customs express consignment declaration message" Description="A code to identify the customs express consignment declaration message." />
  <Value Id="CUSPED" Name="Periodic customs declaration message" Description="A code to identify the periodic customs declaration message." />
  <Value Id="CUSREP" Name="Customs conveyance report message" Description="A code to identify the customs conveyance report message." />
  <Value Id="CUSRES" Name="Customs response message" Description="A code to identify the customs response message." />
  <Value Id="DEBADV" Name="Debit advice message" Description="A code to identify the debit advice message." />
  <Value Id="DEBMUL" Name="Multiple debit advice message" Description="A code to identify the multiple debit advice message." />
  <Value Id="DEBREC" Name="Debts recovery message" Description="A code to identify the debts recovery message." />
  <Value Id="DELFOR" Name="Delivery schedule message" Description="A code to identify the delivery schedule message." />
  <Value Id="DELJIT" Name="Delivery just in time message" Description="A code to identify the delivery just in time message." />
  <Value Id="DESADV" Name="Despatch advice message" Description="A code to identify the despatch advice message." />
  <Value Id="DESTIM" Name="Equipment damage and repair estimate message" Description="A code to identify the equipment damage and repair estimate message." />
  <Value Id="DGRECA" Name="Dangerous goods recapitulation message" Description="A code to identify the dangerous goods recapitulation message." />
  <Value Id="DIRDEB" Name="Direct debit message" Description="A code to identify the direct debit message." />
  <Value Id="DIRDEF" Name="Directory definition message" Description="A code to identify the directory definition message." />
  <Value Id="DMRDEF" Name="Data maintenance request definition message" Description="A code to identify the data maintenance request definition message." />
  <Value Id="DMSTAT" Name="Data maintenance status report/query message" Description="A code to identify the data maintenance status report/query message." />
  <Value Id="DOCADV" Name="Documentary credit advice message" Description="A code to identify the documentary credit advice message." />
  <Value Id="DOCAMA" Name="Advice of an amendment of a documentary credit message" Description="A code to identify the advice of an amendment of a documentary credit message." />
  <Value Id="DOCAMI" Name="Documentary credit amendment information message" Description="A code to identify the documentary credit amendment information message." />
  <Value Id="DOCAMR" Name="Request for an amendment of a documentary credit message" Description="A code to identify the request for an amendment of a documentary credit message." />
  <Value Id="DOCAPP" Name="Documentary credit application message" Description="A code to identify the documentary credit application message." />
  <Value Id="DOCARE" Name="Response to an amendment of a documentary credit message" Description="A code to identify the response to an amendment of a documentary credit message." />
  <Value Id="DOCINF" Name="Documentary credit issuance information message" Description="A code to identify the documentary credit issuance information message." />
  <Value Id="ENTREC" Name="Accounting entries message" Description="A code to identify the accounting entries message." />
  <Value Id="FINCAN" Name="Financial cancellation message" Description="A code to identify the financial cancellation message." />
  <Value Id="FINPAY" Name="Multiple interbank funds transfer message" Description="A code to identify the multiple interbank funds transfer message." />
  <Value Id="FINSTA" Name="Financial statement of an account message" Description="A code to identify the financial statement of an account message." />
  <Value Id="GENRAL" Name="General purpose message" Description="A code to identify the general purpose message." />
  <Value Id="GESMES" Name="Generic statistical message" Description="A code to identify the generic statistical message." />
  <Value Id="HANMOV" Name="Cargo/goods handling and movement message" Description="A code to identify the cargo/goods handling and movement message." />
  <Value Id="ICASRP" Name="Insurance claim assessment and reporting message" Description="A code to identify the insurance claim assessment and reporting message." />
  <Value Id="ICSOLI" Name="Insurance claim solicitor�s instruction message" Description="A code to identify the insurance claim solicitor?s instruction message." />
  <Value Id="IFCSUM" Name="Forwarding and consolidation summary message" Description="A code to identify the forwarding and consolidation summary message." />
  <Value Id="IFTCCA" Name="Forwarding and transport shipment charge calculation message" Description="A code to identify the forwarding and transport shipment charge calculation message." />
  <Value Id="IFTDGN" Name="Dangerous goods notification message" Description="A code to identify the dangerous goods notification message." />
  <Value Id="IFTFCC" Name="International transport freight costs and other charges message" Description="A code to identify the international transport freight costs and other charges message." />
  <Value Id="IFTICL" Name="Cargo insurance claims message" Description="A code to identify the cargo insurance claims message." />
  <Value Id="IFTMAN" Name="Arrival notice message" Description="A code to identify the arrival notice message." />
  <Value Id="IFTMBC" Name="Booking confirmation message" Description="A code to identify the booking confirmation message." />
  <Value Id="IFTMBF" Name="Firm booking message" Description="A code to identify the firm booking message." />
  <Value Id="IFTMBP" Name="Provisional booking message" Description="A code to identify the provisional booking message." />
  <Value Id="IFTMCA" Name="Consignment advice message" Description="A code to identify the consignment advice message." />
  <Value Id="IFTMCS" Name="Instruction contract status message" Description="A code to identify the instruction contract status message." />
  <Value Id="IFTMIN" Name="Instruction message" Description="A code to identify the instruction message." />
  <Value Id="IFTRIN" Name="Forwarding and transport rate information message" Description="A code to identify the forwarding and transport rate information message." />
  <Value Id="IFTSAI" Name="Forwarding and transport schedule and availability information message" Description="A code to identify the forwarding and transport schedule and availability information message." />
  <Value Id="IFTSTA" Name="International multimodal status report message" Description="A code to identify the international multimodal status report message." />
  <Value Id="IFTSTQ" Name="International multimodal status request message" Description="A code to identify the international multimodal status request message." />
  <Value Id="IHCEBI" Name="Interactive health insurance eligibility and benefits inquiry and response" Description="A code to identify the interactive health insurance eligibility and benefits inquiry and response." />
  <Value Id="IHCLME" Name="Health care claim or encounter request and response -interactive message" Description="A code to identify the health care claim or encounter request and response - interactive message." />
  <Value Id="IMPDEF" Name="EDI implementation guide definition message" Description="A code to identify the EDI implementation guide definition message." />
  <Value Id="INFCON" Name="Infrastructure condition message" Description="A code to identify the infrastructure condition message." />
  <Value Id="INFENT" Name="Enterprise accounting information message" Description="A code to identify the enterprise accounting information message." />
  <Value Id="INSDES" Name="Instruction to despatch message" Description="A code to identify the instruction to despatch message." />
  <Value Id="INSPRE" Name="Insurance premium message" Description="A code to identify the insurance premium message." />
  <Value Id="INSREQ" Name="Inspection request message" Description="A code to identify the inspection request message." />
  <Value Id="INSRPT" Name="Inspection report message" Description="A code to identify the inspection report message." />
  <Value Id="INVOIC" Name="Invoice message" Description="A code to identify the invoice message." />
  <Value Id="INVRPT" Name="Inventory report message" Description="A code to identify the inventory report message." />
  <Value Id="IPPOAD" Name="Insurance policy administration message" Description="A code to identify the insurance policy administration message." />
  <Value Id="IPPOMO" Name="Motor insurance policy message" Description="A code to identify the motor insurance policy message." />
  <Value Id="ISENDS" Name="Intermediary system enablement or disablement message" Description="A code to identify the intermediary system enablement or disablement message." />
  <Value Id="ITRRPT" Name="In transit report detail message" Description="A code to identify the in transit report detail message." />
  <Value Id="JAPRES" Name="Job application result message" Description="A code to identify the job application result message." />
  <Value Id="JINFDE" Name="Job information demand message" Description="A code to identify the job information demand message." />
  <Value Id="JOBAPP" Name="Job application proposal message" Description="A code to identify the job application proposal message." />
  <Value Id="JOBCON" Name="Job order confirmation message" Description="A code to identify the job order confirmation message." />
  <Value Id="JOBMOD" Name="Job order modification message" Description="A code to identify the job order modification message." />
  <Value Id="JOBOFF" Name="Job order message" Description="A code to identify the job order message." />
  <Value Id="JUPREQ" Name="Justified payment request message" Description="A code to identify the justified payment request message." />
  <Value Id="KEYMAN" Name="Security key and certificate management message" Description="A code to identify the security key and certificate management message." />
  <Value Id="LEDGER" Name="Ledger message" Description="A code to identify the ledger message." />
  <Value Id="LREACT" Name="Life reinsurance activity message" Description="A code to identify the life reinsurance activity message." />
  <Value Id="LRECLM" Name="Life reinsurance claims message" Description="A code to identify the life reinsurance claims message." />
  <Value Id="MEDPID" Name="Person identification message" Description="A code to identify the person identification message." />
  <Value Id="MEDPRE" Name="Medical prescription message" Description="A code to identify the medical prescription message." />
  <Value Id="MEDREQ" Name="Medical service request message" Description="A code to identify the medical service request message." />
  <Value Id="MEDRPT" Name="Medical service report message" Description="A code to identify the medical service report message." />
  <Value Id="MEDRUC" Name="Medical resource usage and cost message" Description="A code to identify the medical resource usage and cost message." />
  <Value Id="MEQPOS" Name="Means of transport and equipment position message" Description="A code to identify the means of transport and equipment position message." />
  <Value Id="MOVINS" Name="Stowage instruction message" Description="A code to identify the stowage instruction message." />
  <Value Id="MSCONS" Name="Metered services consumption report message" Description="A code to identify the metered services consumption report message." />
  <Value Id="ORDCHG" Name="Purchase order change request message" Description="A code to identify the purchase order change request message." />
  <Value Id="ORDERS" Name="Purchase order message" Description="A code to identify the purchase order message." />
  <Value Id="ORDRSP" Name="Purchase order response message" Description="A code to identify the purchase order response message." />
  <Value Id="OSTENQ" Name="Order status enquiry message" Description="A code to identify the order status enquiry message." />
  <Value Id="OSTRPT" Name="Order status report message" Description="A code to identify the order status report message." />
  <Value Id="PARTIN" Name="Party information message" Description="A code to identify the party information message." />
  <Value Id="PASREQ" Name="Travel, tourism and leisure product application status request - interactive message" Description="A code to identify the travel, tourism and leisure product application status request - interactive message." />
  <Value Id="PASRSP" Name="Travel, tourism and leisure product application status response - interactive message" Description="A code to identify the travel, tourism and leisure product application status response - interactive message." />
  <Value Id="PAXLST" Name="Passenger list message" Description="A code to identify the passenger list message." />
  <Value Id="PAYDUC" Name="Payroll deductions advice message" Description="A code to identify the payroll deductions advice message." />
  <Value Id="PAYEXT" Name="Extended payment order message" Description="A code to identify the extended payment order message." />
  <Value Id="PAYMUL" Name="Multiple payment order message" Description="A code to identify the multiple payment order message." />
  <Value Id="PAYORD" Name="Payment order message" Description="A code to identify the payment order message." />
  <Value Id="PRICAT" Name="Price/sales catalogue message" Description="A code to identify the price/sales catalogue message." />
  <Value Id="PRIHIS" Name="Pricing history message" Description="A code to identify the pricing history message." />
  <Value Id="PROCST" Name="Project cost reporting message" Description="A code to identify the project cost reporting message." />
  <Value Id="PRODAT" Name="Product data message" Description="A code to identify the product data message." />
  <Value Id="PRODEX" Name="Product exchange reconciliation message" Description="A code to identify the product exchange reconciliation message." />
  <Value Id="PROINQ" Name="Product inquiry message" Description="A code to identify the product inquiry message." />
  <Value Id="PROSRV" Name="Product service message" Description="A code to identify the product service message." />
  <Value Id="PROTAP" Name="Project tasks planning message" Description="A code to identify the project tasks planning message." />
  <Value Id="PRPAID" Name="Insurance premium payment message" Description="A code to identify the insurance premium payment message." />
  <Value Id="QALITY" Name="Quality data message" Description="A code to identify the quality data message." />
  <Value Id="QUOTES" Name="Quote message" Description="A code to identify the quote message." />
  <Value Id="RDRMES" Name="Raw data reporting message" Description="A code to identify the raw data reporting message." />
  <Value Id="REBORD" Name="Reinsurance bordereau message" Description="A code to identify the reinsurance bordereau message." />
  <Value Id="RECADV" Name="Receiving advice message" Description="A code to identify the receiving advice message." />
  <Value Id="RECALC" Name="Reinsurance calculation message" Description="A code to identify the reinsurance calculation message." />
  <Value Id="RECECO" Name="Credit risk cover message" Description="A code to identify the credit risk cover message." />
  <Value Id="RECLAM" Name="Reinsurance claims message" Description="A code to identify the reinsurance claims message." />
  <Value Id="RECORD" Name="Reinsurance core data message" Description="A code to identify the reinsurance core data message." />
  <Value Id="REGENT" Name="Registration of enterprise message" Description="A code to identify the registration of enterprise message." />
  <Value Id="RELIST" Name="Reinsured objects list message" Description="A code to identify the reinsured objects list message." />
  <Value Id="REMADV" Name="Remittance advice message" Description="A code to identify the remittance advice message." />
  <Value Id="REPREM" Name="Reinsurance premium message" Description="A code to identify the reinsurance premium message." />
  <Value Id="REQDOC" Name="Request for document message" Description="A code to identify the request for document message." />
  <Value Id="REQOTE" Name="Request for quote message" Description="A code to identify the request for quote message." />
  <Value Id="RESETT" Name="Reinsurance settlement message" Description="A code to identify the reinsurance settlement message." />
  <Value Id="RESMSG" Name="Reservation message" Description="A code to identify the reservation message." />
  <Value Id="RESREQ" Name="Reservation request - interactive message" Description="A code to identify the reservation request - interactive message." />
  <Value Id="RESRSP" Name="Reservation response - interactive message" Description="A code to identify the reservation response - interactive message." />
  <Value Id="RETACC" Name="Reinsurance technical account message" Description="A code to identify the reinsurance technical account message." />
  <Value Id="RETANN" Name="Announcement for returns message" Description="A code to identify the announcement for returns message." />
  <Value Id="RETINS" Name="Instruction for returns message" Description="A code to identify the instruction for returns message." />
  <Value Id="RPCALL" Name="Repair call message" Description="A code to identify the repair call message." />
  <Value Id="SAFHAZ" Name="Safety and hazard data message" Description="A code to identify the safety and hazard data message." />
  <Value Id="SANCRT" Name="International movement of goods governmental regulatory message" Description="A code to identify the international movement of goods governmental regulatory message." />
  <Value Id="SKDREQ" Name="Schedule request - interactive message" Description="A code to identify the schedule request - interactive message." />
  <Value Id="SKDUPD" Name="Schedule update - interactive message" Description="A code to identify the schedule update - interactive message." />
  <Value Id="SLSFCT" Name="Sales forecast message" Description="A code to identify the sales forecast message." />
  <Value Id="SLSRPT" Name="Sales data report message" Description="A code to identify the sales data report message." />
  <Value Id="SOCADE" Name="Social administration message" Description="A code to identify the social administration message." />
  <Value Id="SSIMOD" Name="Modification of identity details message" Description="A code to identify the modification of identity details message." />
  <Value Id="SSRECH" Name="Worker's insurance history message" Description="A code to identify the worker's insurance history message." />
  <Value Id="SSREGW" Name="Notification of registration of a worker message" Description="A code to identify the notification of registration of a worker message." />
  <Value Id="STATAC" Name="Statement of account message" Description="A code to identify the statement of account message." />
  <Value Id="STLRPT" Name="Settlement transaction reporting message" Description="A code to identify the settlement transaction reporting message." />
  <Value Id="SUPCOT" Name="Superannuation contributions advice message" Description="A code to identify the superannuation contributions advice message." />
  <Value Id="SUPMAN" Name="Superannuation maintenance message" Description="A code to identify the superannuation maintenance message." />
  <Value Id="SUPRES" Name="Supplier response message" Description="A code to identify the supplier response message." />
  <Value Id="TANSTA" Name="Tank status report message" Description="A code to identify the tank status report message." />
  <Value Id="TAXCON" Name="Tax control message" Description="A code to identify the tax control message." />
  <Value Id="TIQREQ" Name="Travel, tourism and leisure information inquiry request -interactive message" Description="A code to identify the travel, tourism and leisure information inquiry request - interactive message." />
  <Value Id="TIQRSP" Name="Travel, tourism and leisure information inquiry response -interactive message" Description="A code to identify the travel, tourism and leisure information inquiry response - interactive message." />
  <Value Id="TPFREP" Name="Terminal performance message" Description="A code to identify the terminal performance message." />
  <Value Id="TSDUPD" Name="Timetable static data update - interactive message" Description="A code to identify the timetable static data update -interactive message." />
  <Value Id="TUPREQ" Name="Travel, tourism and leisure data update request -interactive message" Description="A code to identify the travel, tourism and leisure data update request - interactive message." />
  <Value Id="TUPRSP" Name="Travel, tourism and leisure data update response -interactive message" Description="A code to identify the travel, tourism and leisure data update response - interactive message." />
  <Value Id="UTILMD" Name="Utilities master data message" Description="A code to identify the utilities master data message." />
  <Value Id="UTILTS" Name="Utilities time series message" Description="A code to identify the utilities time series message." />
  <Value Id="VATDEC" Name="Value added tax message" Description="A code to identify the value added tax message." />
  <Value Id="VESDEP" Name="Vessel departure message" Description="A code to identify the vessel departure message." />
  <Value Id="WASDIS" Name="Waste disposal information message" Description="A code to identify the waste disposal information message." />
  <Value Id="WKGRDC" Name="Work grant decision message" Description="A code to identify the work grant decision message." />
  <Value Id="WKGRRE" Name="Work grant request message" Description="A code to identify the work grant request message." />
</Root>