<?xml version="1.0" encoding="utf-8"?>
<Root xmlns:xsi="http://www.w3.org/2001/XMLSchema-instance" xmlns:xsd="http://www.w3.org/2001/XMLSchema" Id="0085" Name="Syntax error, coded" Description="A code indicating the error detected." Count="an..3">
  <Value Id="2" Name="Syntax version or level not supported" Description="Notification that the syntax version and/or level is not supported by the recipient." />
  <Value Id="7" Name="Interchange recipient not actual recipient" Description="Notification that the Interchange recipient (S003) is different from the actual recipient." />
  <Value Id="12" Name="Invalid value" Description="Notification that the value of a stand-alone data element, composite data element or component data element does not conform to the relevant specifications for the value." />
  <Value Id="13" Name="Missing" Description="Notification that a mandatory (or otherwise required) service or user segment, data element, composite data element or component data element is missing." />
  <Value Id="14" Name="Value not supported in this position" Description="Notification that the recipient does not support use of the specific value of an identified stand-alone data element, composite data element or component data element in the position where it is used. The value may be valid according to the relevant specifications and may be supported if it is used in another position." />
  <Value Id="15" Name="Not supported in this position" Description="Notification that the recipient does not support use of the segment type, stand-alone data element type, composite data element type or component data element type in the identified position." />
  <Value Id="16" Name="Too many constituents" Description="Notification that the identified segment contained too many data elements or that the identified composite data element contained too many component data elements." />
  <Value Id="17" Name="No agreement" Description="No agreement exists that allows receipt of an interchange, group, message, or package with the value of the identified stand-alone data element, composite data element or component data element." />
  <Value Id="18" Name="Unspecified error" Description="Notification that an error has been identified, but the nature of the error is not reported." />
  <Value Id="20" Name="Character invalid as service character" Description="Notification that a character advised in UNA is invalid as service character." />
  <Value Id="21" Name="Invalid character(s)" Description="Notification that one or more character(s) used in the interchange is not a valid character as defined by the syntax identifier indicated in UNB. The invalid character is part of the referenced-level, or followed immediately after the identified part of the interchange." />
  <Value Id="22" Name="Invalid service character(s)" Description="Notification that the service character(s) used in the interchange is not a valid service character as advised in UNA or not one of the default service characters. If the code is used in UCS or UCD, the invalid character followed immediately after the identified part of the interchange." />
  <Value Id="23" Name="Unknown Interchange sender" Description="Notification that the Interchange sender (S002) is unknown." />
  <Value Id="24" Name="Too old" Description="Notification that the received interchange or group is older than a limit specified in an IA or determined by the recipient." />
  <Value Id="25" Name="Test indicator not supported" Description="Notification that test processing can not be performed for the identified interchange, group, message, or package." />
  <Value Id="26" Name="Duplicate detected" Description="Notification that a possible duplication of a previously received interchange, group, message, or package has been detected. The earlier transmission may have been rejected." />
  <Value Id="28" Name="References do not match" Description="Notification that the control reference in UNB, UNG, UNH, UNO, USH or USD does not match the one in UNZ, UNE, UNT, UNP, UST or USU, respectively." />
  <Value Id="29" Name="Control count does not match number of instances received" Description="Notification that the number of groups, messages, or segments does not match the number given in UNZ, UNE, UNT or UST, or that the length of an object or of encrypted data is not equal to the length stated in the UNO, UNP, USD, or USU." />
  <Value Id="30" Name="Groups and messages/packages mixed" Description="Notification that groups have been mixed with messages/packages outside of groups in the interchange." />
  <Value Id="32" Name="Lower level empty" Description="Notification that the interchange does not contain any messages, packages, or groups, or a group does not contain any messages or packages." />
  <Value Id="33" Name="Invalid occurrence outside message, package, or group" Description="Notification of an invalid segment or data element in the interchange, between messages or between packages or between groups. Rejection is reported at the level above." />
  <Value Id="35" Name="Too many data element or segment repetitions" Description="Notification that a stand-alone data element, composite data element or segment is repeated too many times." />
  <Value Id="36" Name="Too many segment group repetitions" Description="Notification that a segment group is repeated too many times." />
  <Value Id="37" Name="Invalid type of character(s)" Description="Notification that one or more numeric characters are used in an alphabetic (component) data element or that one or more alphabetic characters are used in a numeric (component) data element." />
  <Value Id="39" Name="Data element too long" Description="Notification that the length of the data element received exceeded the maximum length specified in the data element description." />
  <Value Id="40" Name="Data element too short" Description="Notification that the length of the data element received is shorter than the minimum length specified in the data element description." />
  <Value Id="45" Name="Trailing separator" Description="Notification of one of the following: - the last character before the segment terminator is a data element separator or a component data element separator or a repeating data element separator, or - the last character before a data element separator is a component data element separator or a repeating data element separator." />
  <Value Id="46" Name="Character set not supported" Description="Notification that one or more characters used are not in the character set defined by the syntax identifier, or the character set identified by the escape sequence for the code extension technique is not supported by the recipient." />
  <Value Id="47" Name="Envelope functionality not supported" Description="Notification that the envelope structure encountered is not supported by the recipient." />
  <Value Id="48" Name="Dependency condition violated" Description="Notification that an error condition has occurred as the result of a dependency condition violation." />
</Root>