<?xml version="1.0" encoding="utf-8"?>
<Root xmlns:xsi="http://www.w3.org/2001/XMLSchema-instance" xmlns:xsd="http://www.w3.org/2001/XMLSchema" Id="0113" Name="Message type sub-function identification" Description="Code identifying a sub-function of a message type." Count="an..6">
  <Value Id="AA" Name="Interactive, perform sell" Description="This sub-function is to notify the receiver that the purpose of the message is an instruction to perform a sell." />
  <Value Id="AB" Name="Interactive, modify current dialogue data" Description="This sub-function is to notify the receiver that the message data is a modification to data previously sent in the current interactive dialogue." />
  <Value Id="AC" Name="Interactive, modify previous dialogue data" Description="This sub-function is to notify the receiver that the message data is a modification to data sent in a previous interactive dialogue." />
  <Value Id="AD" Name="Interactive, cancel reserved product" Description="This sub-function is to notify the receiver that the purpose of the message is to cancel a product previously reserved in an interactive dialogue." />
  <Value Id="AE" Name="Interactive, ignore reserved product" Description="This sub-function is to notify the receiver that the purpose of the message is to ignore a product previously reserved in an interactive dialogue." />
  <Value Id="AF" Name="Interactive, conclude current reservation" Description="This sub-function is to notify the receiver that the purpose of the message is to conclude the current reservation transaction." />
  <Value Id="AG" Name="Interactive, display reserved product" Description="This sub-function is to notify the receiver that the purpose of the message is to display a product previously reserved in an interactive dialogue." />
  <Value Id="AH" Name="Interactive, perform reference sell" Description="This sub-function is to notify the receiver that the purpose of the message is an instruction to perform a sell, based on data returned in a previous interactive response." />
  <Value Id="AI" Name="Interactive, modify previous dialogue reservation" Description="This sub-function is to notify the receiver that the purpose of the message is to modify a reservation, made during a previous interactive dialogue." />
  <Value Id="AJ" Name="Interactive, display voucher template" Description="This sub-function is to notify the receiver that the purpose of the message is to display the template for a voucher." />
  <Value Id="AK" Name="Interactive, print voucher" Description="This sub-function is to notify the receiver that the purpose of the message is to print a voucher." />
  <Value Id="AL" Name="Interactive, cancel current dialogue reservation" Description="This sub-function is to notify the receiver that the purpose of the message is to cancel a reservation made during the current interactive dialogue." />
  <Value Id="AM" Name="Interactive, cancel previous dialogue reservation" Description="This sub-function is to notify the receiver that the purpose of the message is to cancel a reservation made during a previous interactive dialogue." />
  <Value Id="AN" Name="Interactive, duplicate sell message" Description="This sub-function is to notify the receiver that the message is a duplicate of a previously sent interactive sell message." />
  <Value Id="AO" Name="Interactive, duplicate modify current dialogue data" Description="This sub-function is to notify the receiver that the message is a duplicate of a previously sent message to modify data in the current interactive dialogue." />
  <Value Id="AP" Name="Interactive, duplicate modify previous dialogue reservation" Description="This sub-function is to notify the receiver that the message is a duplicate of a previously sent message to modify a reservation made during a previous interactive dialogue." />
  <Value Id="AQ" Name="Interactive, availability request, multiple suppliers" Description="This sub-function is to notify the receiver that the message is an interactive request for availability which is simultaneously being sent to multiple suppliers." />
  <Value Id="AR" Name="Interactive, availability request, one specific supplier" Description="This sub-function is to notify the receiver that the message is an interactive request for availability from only one specific supplier." />
  <Value Id="AS" Name="Interactive, product rules request" Description="This sub-function is to notify the receiver that the message is an interactive request for product rules." />
  <Value Id="SECACK" Name="Security acknowledgment" Description="This sub-function of the AUTACK message is for the secure acknowledgement of receipt, including the reporting of any associated security violation(s)." />
  <Value Id="SECAUT" Name="Security authentication and/or non-repudiation of origin" Description="This sub-function of the AUTACK message is for secure integrity, authentication and/or non-repudiation of origin." />
</Root>