<?xml version="1.0" encoding="utf-8"?>
<Root xmlns:xsi="http://www.w3.org/2001/XMLSchema-instance" xmlns:xsd="http://www.w3.org/2001/XMLSchema" Id="0133" Name="Character encoding, coded" Description="Coded identification of the character encoding used in the interchange." Count="an..3">
  <Value Id="1" Name="ASCII 7 bit" Description="ASCII 7 bit code." />
  <Value Id="2" Name="ASCII 8 bit" Description="ASCII 8 bit code." />
  <Value Id="3" Name="Code page 500 (EBCDIC Multinational No. 5)" Description="Encoding schema for the repertoire as defined by the code page." />
  <Value Id="4" Name="Code page 850 (IBM PC Multinational)" Description="Encoding schema for the repertoire as defined by the code page." />
  <Value Id="5" Name="UCS-2" Description="Universal Multiple-Octet Coded Character Set (UCS) two-octet per character encoding schema as defined in ISO/IEC 10646-1." />
  <Value Id="6" Name="UCS-4" Description="Universal Multiple-Octet Coded Character Set (UCS) four-octet per character encoding schema as defined in ISO/IEC 10646-1." />
  <Value Id="7" Name="UTF-8" Description="UCS Transformation Format 8 (UTF-8) multi-octet (of length one to six octets) per character encoding schema as defined in ISO/IEC 10646-1, Annex R." />
  <Value Id="8" Name="UTF-16" Description="UCS Transformation Format 16 (UTF-16) two-octet per character encoding schema as defined in ISO/IEC 10646-1, Annex Q." />
  <Value Id="ZZZ" Name="Mutually agreed" Description="Mutually agreed between trading partners." />
</Root>