<?xml version="1.0" encoding="utf-8"?>
<Root xmlns:xsi="http://www.w3.org/2001/XMLSchema-instance" xmlns:xsd="http://www.w3.org/2001/XMLSchema" Id="0135" Name="Service segment tag, coded" Description="Code identifying a service segment." Count="an..3">
  <Value Id="UCD" Name="Data element error indication" Description="To identify an erroneous stand-alone, composite or component data element, and to identify the nature of the error." />
  <Value Id="UCF" Name="Group response" Description="To identify a group in the subject interchange and to indicate acknowledgement or rejection (action taken) of the UNG and UNE segments, and to identify any error related to these segments. It can also identify errors related to the USA, USC, USD, USH, USR, UST, or USU security segments when they appear at the group level. Depending on the action code, it may also indicate the action taken on the messages and packages within that group." />
  <Value Id="UCI" Name="Interchange response" Description="To identify the subject interchange, to indicate interchange receipt, to indicate acknowledgement or rejection (action taken) of the UNA, UNB and UNZ segments, and to identify any error related to these segments. It can also identify errors related to the USA, USC, USD, USH, USR, UST, or USU security segments when they appear at the interchange level. Depending on the action code, it may also indicate the action taken on the groups, messages, and packages within that interchange." />
  <Value Id="UCM" Name="Message/package response" Description="To identify a message or package in the subject interchange, and to indicate that message's or package's acknowledgement or rejection (action taken), and to identify any error related to the UNH, UNT, UNO, and UNP segments. It can also identify errors related to the USA, USC, USD, USH, USR, UST, or USU security segments when they appear at the message or package level." />
  <Value Id="UCS" Name="Segment error indication" Description="To identify either a segment containing an error or a missing segment, and to identify any error related to the complete segment." />
  <Value Id="UGH" Name="Anti-collision segment group header" Description="To head, identify and specify an anti-collision segment group." />
  <Value Id="UGT" Name="Anti-collision segment group trailer" Description="To end and check the completeness of an anti-collision segment group." />
  <Value Id="UIB" Name="Interactive interchange header" Description="To head and identify an interchange." />
  <Value Id="UIH" Name="Interactive message header" Description="To head, identify and specify a message." />
  <Value Id="UIR" Name="Interactive status" Description="To report the status of the dialogue." />
  <Value Id="UIT" Name="Interactive message trailer" Description="To end and check the completeness of a message." />
  <Value Id="UIZ" Name="Interactive interchange trailer" Description="To end and check the completeness of an interchange." />
  <Value Id="UNB" Name="Interchange header" Description="To identify an interchange." />
  <Value Id="UNE" Name="Group trailer" Description="To end and check the completeness of a group." />
  <Value Id="UNG" Name="Group header" Description="To head, identify and specify a group of messages and/or packages, which may be used for internal routing and which may contain one or more message types and/or packages." />
  <Value Id="UNH" Name="Message header" Description="To head, identify and specify a message." />
  <Value Id="UNO" Name="Object header" Description="To head, identify and specify an object." />
  <Value Id="UNP" Name="Object trailer" Description="To end and check the completeness of an object." />
  <Value Id="UNS" Name="Section control" Description="To separate header, detail and summary sections of a message." />
  <Value Id="UNT" Name="Message trailer" Description="To end and check the completeness of a message." />
  <Value Id="UNZ" Name="Interchange trailer" Description="To end and check the completeness of an interchange." />
  <Value Id="USA" Name="Security algorithm" Description="To identify a security algorithm, the technical usage made of it, and to contain the technical parameters required." />
  <Value Id="USB" Name="Secured data identification" Description="To contain details related to the AUTACK." />
  <Value Id="USC" Name="Certificate" Description="To convey the public key and the credentials of its owner." />
  <Value Id="USD" Name="Data encryption header" Description="To specify size (i.e. length of data in octets of bits) of encrypted data following the segment terminator of this segment." />
  <Value Id="USE" Name="Security message relation" Description="To specify the relation to earlier security messages, such as response to a particular request, or request for a particular answer." />
  <Value Id="USF" Name="Key management function" Description="To specify the type of key management function and the status of a corresponding key or certificate." />
  <Value Id="USH" Name="Security header" Description="To specify a security mechanism applied to a EDIFACT structure (i.e.: either message/package, group or interchange)." />
  <Value Id="USL" Name="Security list status" Description="To specify the status of security objects, such as keys or certificates to be delivered in a list, and the corresponding list parameters." />
  <Value Id="USR" Name="Security result" Description="To contain the result of the security mechanisms." />
  <Value Id="UST" Name="Security trailer" Description="To establish a link between security header and security trailer segment groups." />
  <Value Id="USU" Name="Data encryption trailer" Description="To provide a trailer for the encrypted data." />
  <Value Id="USX" Name="Security references" Description="To refer to the secured EDIFACT structure and its associated date and time." />
  <Value Id="USY" Name="Security on references" Description="To identify the applicable header, and to contain the security result and/or to indicate the possible cause of security rejection for the referred value." />
</Root>