<?xml version="1.0" encoding="utf-8"?>
<Root xmlns:xsi="http://www.w3.org/2001/XMLSchema-instance" xmlns:xsd="http://www.w3.org/2001/XMLSchema" Id="0333" Name="Report reason, coded" Description="Code identifying the reason for the status or error report." Count="an..3">
  <Value Id="1" Name="OK response" Description="No further information." />
  <Value Id="2" Name="Syntax error" Description="Error detected in syntax." />
  <Value Id="3" Name="Invalid header" Description="Invalid header segment received." />
  <Value Id="4" Name="Invalid trailer segment" Description="Invalid trailer segment received." />
  <Value Id="5" Name="Unsupported syntax" Description="Syntax version/release not supported." />
  <Value Id="6" Name="Unsupported scenario type" Description="Scenario type not supported." />
  <Value Id="7" Name="Unsupported scenario version" Description="Scenario version/release not supported." />
  <Value Id="8" Name="Unsupported dialogue type" Description="Dialogue type not supported for this scenario." />
  <Value Id="9" Name="Unsupported dialogue version" Description="Dialogue type version/release not supported." />
  <Value Id="10" Name="Unauthorised sender" Description="Sender not authorised." />
  <Value Id="11" Name="Sender rejected" Description="Sender rejected for administrative reasons." />
  <Value Id="12" Name="Multiple transactions unsupported" Description="Multiple parallel transactions not supported." />
  <Value Id="13" Name="Multiple dialogues unsupported" Description="Multiple parallel dialogues not supported." />
  <Value Id="14" Name="Resources unavailable" Description="Resources unavailable for requested function." />
  <Value Id="15" Name="Unknown transaction" Description="Referenced transaction does not exist." />
  <Value Id="16" Name="Unknown dialogue" Description="Referenced dialogue does not exist." />
  <Value Id="17" Name="Invalid function" Description="Function invalid for current dialogue state." />
  <Value Id="18" Name="Service unavailable" Description="Requested service is unavailable." />
  <Value Id="19" Name="Application unavailable" Description="Requested application not available." />
  <Value Id="20" Name="Time-out" Description="Response not received within expected time." />
  <Value Id="21" Name="Unable to process interactively" Description="To notify the initiator that a specific request cannot be processed interactively." />
  <Value Id="22" Name="Correctable application error" Description="To notify the initiator that an application error, that is correctable by the initiator, was made in the request message." />
  <Value Id="23" Name="Nothing to return" Description="To notify the initiator that there is no information to return in response to an inquiry." />
  <Value Id="24" Name="Data not accessible" Description="To notify the initiator that the requested information cannot be returned." />
  <Value Id="25" Name="Non-correctable application error" Description="To notify the initiator that some type of system or processing error was encountered, not related to the data received." />
</Root>