<?xml version="1.0" encoding="utf-8"?>
<Root xmlns:xsi="http://www.w3.org/2001/XMLSchema-instance" xmlns:xsd="http://www.w3.org/2001/XMLSchema" Id="0331" Name="Report function, coded" Description="Coded value identifying type of status or error report." Count="an..3">
  <Value Id="1" Name="Information" Description="Non Error information, e.g. acknowledgement that party is still operational." />
  <Value Id="2" Name="Warning" Description="Warning, e.g. resources getting low." />
  <Value Id="3" Name="Non-fatal error" Description="Non-fatal error detected by party sending the UIR. Dialogue integrity may be compromised." />
  <Value Id="4" Name="Abort dialogue" Description="Established dialogue cannot continue." />
  <Value Id="5" Name="Query status" Description="Request for a status report from other party. Should be answered with a 'Status report' (see code value '6' below)." />
  <Value Id="6" Name="Status report" Description="Reporting status of dialogue as perceived by sending party." />
  <Value Id="7" Name="Pause dialogue" Description="Advise other party to stop transferring data within this dialogue until a 'Continue dialogue' is received." />
  <Value Id="8" Name="Continue dialogue" Description="Advise that data flow may continue after being 'Paused' (see code value '7' above)." />
  <Value Id="9" Name="Start dialogue reject" Description="Dialogue cannot be initiated." />
</Root>