<?xml version="1.0" encoding="utf-8"?>
<Root xmlns:xsi="http://www.w3.org/2001/XMLSchema-instance" xmlns:xsd="http://www.w3.org/2001/XMLSchema" Id="0505" Name="Filter function, coded" Description="Identification of the filtering function used to reversibly map any bit pattern on to a restricted character set." Count="an..3">
  <Value Id="1" Name="No filter" Description="No filter function is used." />
  <Value Id="2" Name="Hexadecimal filter" Description="Hexadecimal filter." />
  <Value Id="3" Name="ISO 646 filter" Description="ASCII filter as described in DIS 10126-1." />
  <Value Id="4" Name="ISO 646 Baudot filter" Description="Baudot filter as described in DIS 10126-1." />
  <Value Id="5" Name="UN/EDIFACT EDA filter" Description="Filter function for UN/EDIFACT character set repertoire A as described in Part 5 of ISO 9735." />
  <Value Id="6" Name="UN/EDIFACT EDC filter" Description="Filter function for UN/EDIFACT character set repertoire A as described in Part 5 of ISO 9735." />
  <Value Id="7" Name="Base 64 filter" Description="Base 64 filter function as described in RFC 1521." />
  <Value Id="ZZZ" Name="Mutually agreed" Description="Mutually agreed between trading partners." />
</Root>