<?xml version="1.0" encoding="utf-8"?>
<Root xmlns:xsi="http://www.w3.org/2001/XMLSchema-instance" xmlns:xsd="http://www.w3.org/2001/XMLSchema" Id="0501" Name="Security service, coded" Description="Specification of the security service applied." Count="an..3">
  <Value Id="1" Name="Non-repudiation of origin" Description="The message includes a digital signature protecting the receiver of the message from the sender's denial of having sent the message." />
  <Value Id="2" Name="Message origin authentication" Description="The actual sender of the message cannot claim to be some other (authorised) entity." />
  <Value Id="3" Name="Integrity" Description="The message content is protected against the modification of data." />
  <Value Id="4" Name="Confidentiality" Description="The message content is protected against the unauthorised reading, copying or disclosure of its content." />
  <Value Id="5" Name="Non-repudiation of receipt" Description="Non-repudiation of receipt protects the sender of an object message from the receiver's denial of having received the message." />
  <Value Id="6" Name="Receipt authentication" Description="Receipt authentication assures the sender that the message has been received by the authenticated recipient." />
  <Value Id="7" Name="Referenced EDIFACT structure non-repudiation of origin" Description="The referenced EDIFACT structure is secured by a digital signature protecting the receiver of the message from the sender's denial of having sent the message." />
  <Value Id="8" Name="Referenced EDIFACT structure origin authentication" Description="The actual sender of the referenced EDIFACT structure cannot claim to be some other (authorised) party." />
  <Value Id="9" Name="Referenced EDIFACT structure integrity" Description="The referenced EDIFACT structure content is protected against the modification of data." />
  <Value Id="10" Name="Time stamping request" Description="Ask for the EDIFACT structure to be time stamped." />
  <Value Id="11" Name="Entity authentication" Description="The initiator and/or responder cannot claim to be another party." />
  <Value Id="12" Name="Entity authentication with key establishment" Description="The initiator and/or responder cannot claim to be another party, and security keys are established." />
</Root>