<?xml version="1.0" encoding="utf-8"?>
<Root xmlns:xsi="http://www.w3.org/2001/XMLSchema-instance" xmlns:xsd="http://www.w3.org/2001/XMLSchema" Id="0525" Name="Cryptographic mode of operation, coded" Description="Specification of the mode of operation used for the algorithm." Count="an..3">
  <Value Id="1" Name="ECB" Description="DES modes of operation, Electronic Code Book; FIPS Pub 81 (1981); ANSI X3.106; IS 8372 (64 bits); ISO 10116 (n-bits)." />
  <Value Id="2" Name="CBC" Description="DES modes of operation, Cipher Block Chaining; FIPS Pub 81 (1981); ANSI X3.106; IS 8372 (64 bits); ISO 10116 (n-bits)." />
  <Value Id="3" Name="CFB1" Description="DES modes of operation, Cipher feedback; FIPS Pub 81 (1981); ANSI X3.106; IS 8372 (64 bits); ISO 10116 (n-bits)." />
  <Value Id="4" Name="CFB8" Description="DES modes of operation, Cipher feedback; FIPS Pub 81 (1981); ANSI X3.106; IS 8372 (64 bits); ISO 10116 (n-bits)." />
  <Value Id="5" Name="OFB" Description="DES modes of operation; FIPS Pub 81 (1981); IS 8372 (64 bits); ISO 10116 (n-bits)." />
  <Value Id="16" Name="DSMR" Description="Digital Signature scheme giving Message Recovery. ISO 9796." />
  <Value Id="17" Name="CFB64" Description="DES mode of operation, cipher feedback; ISO 10116 (n-bits)." />
  <Value Id="23" Name="TCBC" Description="TDEA mode of operation, Cipher Block Chaining, ANSI X9.52." />
  <Value Id="24" Name="TCBC-I" Description="TDEA mode of operation, Cipher Block Chaining -Interleaved, ANSI X9.52." />
  <Value Id="25" Name="TCFB1" Description="TDEA mode of operation, Cipher Feedback - 1 bit feedback, ANSI X9.52." />
  <Value Id="26" Name="TCFB8" Description="TDEA mode of operation, Cipher Feedback - 8 bit feedback, ANSI X9.52." />
  <Value Id="27" Name="TCFB64" Description="TDEA mode of operation, Cipher Feedback - 64 bit feedback, ANSI X9.52." />
  <Value Id="28" Name="TCFB1-P" Description="TDEA mode of operation, Cipher Feedback Pipelined - 1 bit feedback, ANSI X9.52." />
  <Value Id="29" Name="TCFB8-P" Description="TDEA mode of operation, Cipher Feedback Pipelined - 8 bit feedback, ANSI X9.52." />
  <Value Id="30" Name="TCFB64-P" Description="TDEA mode of operation, Cipher Feedback Pipelined - 64 bit feedback, ANSI X9.52." />
  <Value Id="31" Name="TOFB" Description="TDEA mode of operation, Output Feedback Mode, ANSI X9.52." />
  <Value Id="32" Name="TOFB-P" Description="TDEA mode of operation, Output Feedback Mode Pipelined, ANSI X9.52." />
  <Value Id="33" Name="TCBCM" Description="TDEA mode of operation, Cipher Block Chaining with output feedback Masking, ANSI X9.52." />
  <Value Id="34" Name="TCBCM-I" Description="TDEA mode of operation, Cipher Block Chaining with output feedback Masking Interleaved, ANSI X9.52." />
  <Value Id="35" Name="TECB" Description="TDEA mode of operation, Electronic Cookbook Mode, ANSI X9.52." />
  <Value Id="36" Name="CTS" Description="RC5 mode of operation, Cipher Text Stealing, Published in RCF 2040." />
  <Value Id="ZZZ" Name="Mutually agreed" Description="Mutually agreed between trading partners." />
</Root>