<?xml version="1.0" encoding="utf-8"?>
<Root xmlns:xsi="http://www.w3.org/2001/XMLSchema-instance" xmlns:xsd="http://www.w3.org/2001/XMLSchema" Id="0527" Name="Algorithm, coded" Description="Identification of the algorithm." Count="an..3">
  <Value Id="1" Name="DES" Description="Data Encryption Standard. FIPS Pub 46 (January 1977)." />
  <Value Id="2" Name="MAA" Description="Message Authentication Algorithm. Banking-Approved Algorithms for message Authentication. ISO 8731-2." />
  <Value Id="3" Name="FEAL" Description="FEAL Fast Data Encipherment Algorithm." />
  <Value Id="4" Name="IDEA" Description="International Data Encryption Algorithm: Lai X., Massey J. &quot;&quot;A Proposal for a New Block Encryption Standard&quot;&quot;, Proceedings of Eurocrypt'90, LNCS vol 473, Springer-Verlag, Berlin 1991, and Lai X., Massey J. &quot;&quot;Markov Ciphers and Differential Cryptanalysis&quot;&quot;, Proceedings of Eurocrypt'91, LNCS vol 547, Springer-Verlag, Berlin 1991." />
  <Value Id="5" Name="MD4" Description="The MD4 Message digest algorithm. Rivest R. RSA Data Security Inc. (1990)." />
  <Value Id="6" Name="MD5" Description="The MD5 Message digest algorithm. Rivest R. Dusse S. RSA Data Security Inc. (1991)." />
  <Value Id="7" Name="RIPEMD" Description="Extension of the MD4 - Ripe Report CS - R9324, April 93." />
  <Value Id="8" Name="SHA" Description="Secure Hashing Algorithm." />
  <Value Id="9" Name="AR/DFP" Description="Hash function of the German banking industry, submitted to ISO/IEC JTC 1/SC 27/WG 2, Doc N179." />
  <Value Id="10" Name="RSA" Description="Rivest, Shamir, Adleman: A Method for obtaining Digital Signatures and Public Key Cryptosystems. Communications of the ACM, Vol.21(2), pp 120-126 (1978)." />
  <Value Id="11" Name="DSA" Description="Digital Signature Algorithm/Digital Signature Standard NIST Pub 1993 Draft." />
  <Value Id="12" Name="RAB" Description="Rabin, &quot;Digitalized signatures and public-key functions as intractable as factorization&quot;, MIT Laboratory for Computer Science Technical Report LCS/TR-212, Cambridge, Mass, 1979." />
  <Value Id="13" Name="TDEA" Description="Triple Data Encryption Algorithm; ANSI X9.52." />
  <Value Id="14" Name="RIPEMD-160" Description="Dedicated Hash-Function #1; ISO 10118-3." />
  <Value Id="15" Name="RIPEMD-128" Description="Dedicated Hash-Function #2; ISO 10118-3." />
  <Value Id="16" Name="SHA1" Description="Secure Hash Algorithm, dedicated Hash-Function #3; ISO 10118-3." />
  <Value Id="17" Name="ECC" Description="Elliptic Curve Algorithm, Draft IEEE P1363 standard." />
  <Value Id="18" Name="ZLIB" Description="Data compression algorithm; Deflate/inflate algorithm published in RFC1950, RFC1951 and RFC1952." />
  <Value Id="20" Name="INFOZIP" Description="Data compression algorithm." />
  <Value Id="21" Name="OLZW" Description="Data compression algorithm; Optimized LZW; Published in 'Dr. Dobb's Journal' (Jun 1990)." />
  <Value Id="22" Name="ARITCODE" Description="Data compression algorithm; Arithmetic coding; Published in 'Comm. Of the ACM' (Jun 1987)." />
  <Value Id="23" Name="SHUFF" Description="Data compression algorithm; Static Huffman; Published in 'Proceedings of the I.R.E.' (Sep. 1952)." />
  <Value Id="24" Name="DHUFF" Description="Data compression algorithm; Dynamic Huffman; Published in 'ACM Transaction on Mathematical Software' (Jun 1989)." />
  <Value Id="25" Name="CRC-32" Description="Cyclic Redundancy Check - 32-bit; Ethernet CRC." />
  <Value Id="26" Name="CRC-CCITT" Description="Cyclic Redundancy Check - 16-bit." />
  <Value Id="27" Name="ISO12042" Description="Data compression for information exchange - Binary arithmetic coding algorithm; ISO-12042." />
  <Value Id="28" Name="RC4" Description="Variable-Key Size Symmetric Stream Cipher, specified by RSA Security Inc." />
  <Value Id="29" Name="RC5" Description="Variable-Key Size Symmetric Block Cipher, published in RFC 2040." />
  <Value Id="30" Name="HMAC-SHA1" Description="Message Authentication using keyed SHA-1 (published in RFC 2104)." />
  <Value Id="31" Name="HMAC-MD5" Description="Message Authentication using keyed MD5 (published in RFC 2104)." />
  <Value Id="32" Name="HMAC-RIPEMD-160" Description="Messahe Authentication using keyed RIPEMD-160 (published in RFC 2104)." />
  <Value Id="33" Name="HMAC-RIPEMD-128" Description="Message Authentication using keyed RIPEMD-128 (published in RFC 2104)." />
  <Value Id="34" Name="DB-MACv3" Description="MAC calculation (variant 3), using RIPEMD-160 and triple DES (published by Deutsche Bundesbank 1998)." />
  <Value Id="35" Name="LZ77" Description="Lempel Ziv, 1977 data compression algorithm." />
  <Value Id="36" Name="LZW" Description="Lempel Ziv Welch data compression algorithm." />
  <Value Id="37" Name="MAC-ISO 8731-1" Description="Message authentication code defined in ISO 8731, Part 1." />
  <Value Id="38" Name="DIM1" Description="Data integrity mechanism using a cryptographic check function; ISO DIS 9797, first method." />
  <Value Id="39" Name="DIM2" Description="Data integrity mechanism using a cryptographic check function; ISO DIS 9797, second method." />
  <Value Id="40" Name="MDC2" Description="Modification detection code, IBM System Journal, vol 13, #2, 1991." />
  <Value Id="41" Name="HDS1" Description="ISO CD 10118-1, hash functions -part 1; hash functions using an n-bit block cipher algorithm providing a single length hash code." />
  <Value Id="42" Name="HDS2" Description="ISO CD 10118-1, hash functions -part 1; hash functions using an n-bit block cipher algorithm providing a double length hash code." />
  <Value Id="43" Name="SQM" Description="ISO 9594-8. Square-Mod-N hash function for RSA." />
  <Value Id="44" Name="NVB 7.1" Description="Dutch banking standard for hashing and signing using RSA." />
  <Value Id="45" Name="PKCS#1-v2_MGF1" Description="Mask Generation Function defined in PKCS#1, Version 2." />
  <Value Id="46" Name="NVBAK" Description="Dutch banking standard, NVB Authenticity Mark, published by the NVB, May 1992." />
  <Value Id="47" Name="MCCP" Description="Banking key management by means of asymmetric algorithms, algorithms using the RSA cryptosystem. Signature construction by means of a separate signature. ISO 11166-2." />
  <Value Id="ZZZ" Name="Mutually agreed" Description="Mutually agreed between trading partners." />
</Root>