<?xml version="1.0" encoding="utf-8"?>
<Root xmlns:xsi="http://www.w3.org/2001/XMLSchema-instance" xmlns:xsd="http://www.w3.org/2001/XMLSchema" Id="0523" Name="Use of algorithm, coded" Description="Specification of the usage made of the algorithm." Count="an..3">
  <Value Id="1" Name="Owner hashing" Description="Specifies that the algorithm is used by the message sender to compute the hash function on the message (as in the case of Integrity or Non-repudiation of Origin identified in the security function qualifier of USH)." />
  <Value Id="2" Name="Owner symmetric" Description="Specifies that the algorithm is used by the message sender either for integrity, confidentiality, or message origin authentication (specified by security service, coded in USH)." />
  <Value Id="3" Name="Issuer signing" Description="Specifies that the algorithm is used by the Certificate Issuer (CA) to sign the hash result computed on the certificate." />
  <Value Id="4" Name="Issuer hashing" Description="Specifies that the algorithm is used by the Certificate Issuer (CA) to compute the hash result on the certificate." />
  <Value Id="5" Name="Owner enciphering" Description="Specifies that the algorithm is used by the message sender to encrypt a symmetric key." />
  <Value Id="6" Name="Owner signing" Description="Specifies that the algorithm is used by the message sender to sign either the hash result computed on the message or the symmetric keys." />
  <Value Id="7" Name="Owner enciphering or signing" Description="Specifies that the algorithm may be used by the message sender either to encrypt a symmetric key or sign the hash result computed on the message. This value may only be used in a USA segment within a USC segment group. When encrypting a symmetric key a receiver certificate shall be used. When signing a hash result a sender certificate shall be used." />
  <Value Id="8" Name="Owner compressing" Description="Specifies that the algorithm is used by the message sender to compress the data before (encryption and) submission." />
  <Value Id="9" Name="Owner compression integrity" Description="Specifies that the algorithm is used by the message sender on the compressed data before (encryption and) submission. The integrity value is used to verify the contents of the compressed text before expansion." />
  <Value Id="10" Name="Key agreement" Description="Specifies that the algorithm is used by the initiator and responder to agree a secret key." />
</Root>