<?xml version="1.0" encoding="utf-8"?>
<Root xmlns:xsi="http://www.w3.org/2001/XMLSchema-instance" xmlns:xsd="http://www.w3.org/2001/XMLSchema" Id="0531" Name="Algorithm parameter qualifier" Description="Specification of the type of parameter value." Count="an..3">
  <Value Id="1" Name="Initialisation value, clear text" Description="Identifies the algorithm parameter value as an unencrypted initialisation value." />
  <Value Id="2" Name="Initialisation value, encrypted under a symmetric key" Description="Identifies the algorithm parameter value as an initialisation value which is encrypted under the symmetric data key." />
  <Value Id="3" Name="Initialisation value, encrypted under a public key" Description="Identifies the algorithm parameter value as an initialisation value encrypted under the public key of the receiving party." />
  <Value Id="4" Name="Initialisation value, format mutually agreed" Description="Identifies the algorithm parameter value as an initialisation value in a format agreed between the two parties." />
  <Value Id="5" Name="Symmetric key, encrypted under a symmetric key" Description="Identifies the algorithm parameter value as a symmetric key which is encrypted with a previously agreed algorithm under a previously exchanged symmetric key." />
  <Value Id="6" Name="Symmetric key, encrypted under a public key" Description="Identifies the algorithm parameter value as a symmetric key encrypted under the public key of the receiving party." />
  <Value Id="7" Name="Symmetric key, signed and encrypted" Description="Identifies the algorithm parameter value as a symmetric key signed under the sender's secret key, then encrypted under the receiver's public key." />
  <Value Id="8" Name="Symmetric key encrypted under an asymmetric key common to the sender and the receiver" Description="Identifies the algorithm parameter value as a symmetric key encrypted under an asymmetric key common to the sender and the receiver (use of Diffie and Hellman scheme, for instance)." />
  <Value Id="9" Name="Symmetric key name" Description="Identifies the algorithm parameter value as the name of a symmetric key. This may be used in the case where a key relationship has already been established between the sender and receiver." />
  <Value Id="10" Name="Key encrypting key name" Description="Identifies the parameter value as the name of a key encrypting key." />
  <Value Id="11" Name="Symmetric key, format mutually agreed" Description="Identifies the algorithm parameter value as a symmetric key in a format agreed between the two parties." />
  <Value Id="12" Name="Modulus" Description="Identifies the algorithm parameter value as the modulus of a public key which is to be used according to the function defined by the use of algorithm." />
  <Value Id="13" Name="Exponent" Description="Identifies the algorithm parameter value as the exponent of a public key which is to be used according to the function defined by the use of algorithm." />
  <Value Id="14" Name="Modulus length" Description="Identifies the algorithm parameter value as the length of the modulus (in bits) of the public key used in the algorithm. The length is independent of whatever filtering function may be in use." />
  <Value Id="15" Name="Generic parameter 1" Description="Identifies the algorithm parameter value as the first generic parameter." />
  <Value Id="16" Name="Generic parameter 2" Description="Identifies the algorithm parameter value as the second generic parameter." />
  <Value Id="17" Name="Generic parameter 3" Description="Identifies the algorithm parameter value as the third generic parameter." />
  <Value Id="18" Name="Generic parameter 4" Description="Identifies the algorithm parameter value as the fourth generic parameter." />
  <Value Id="19" Name="Generic parameter 5" Description="Identifies the algorithm parameter value as the fifth generic parameter." />
  <Value Id="20" Name="Generic parameter 6" Description="Identifies the algorithm parameter value as the sixth generic parameter." />
  <Value Id="21" Name="Generic parameter 7" Description="Identifies the algorithm parameter value as the seventh generic parameter." />
  <Value Id="22" Name="Generic parameter 8" Description="Identifies the algorithm parameter value as the eighth generic parameter." />
  <Value Id="23" Name="Generic parameter 9" Description="Identifies the algorithm parameter value as the ninth generic parameter." />
  <Value Id="24" Name="Generic parameter 10" Description="Identifies the algorithm parameter value as the tenth generic parameter." />
  <Value Id="25" Name="DSA parameter P" Description="Identifies the algorithm parameter value as the parameter P of DSA algorithm." />
  <Value Id="26" Name="DSA parameter Q" Description="Identifies the algorithm parameter value as the parameter Q of DSA algorithm." />
  <Value Id="27" Name="DSA parameter G" Description="Identifies the algorithm parameter value as the parameter G of DSA algorithm." />
  <Value Id="28" Name="DSA parameter Y" Description="Identifies the algorithm parameter value as the parameter Y of DSA algorithm." />
  <Value Id="29" Name="Initial value for CRC calculation" Description="Identifies the algorithm parameter value as the initial value for the CRC calculation." />
  <Value Id="30" Name="Initial directory tree" Description="Identifies the algorithm parameter value as the initial directory tree for the data compression algorithm specified." />
  <Value Id="31" Name="Integrity value offset" Description="Identifies the algorithm parameter value as the offset within the compressed text where the integrity value is located." />
  <Value Id="33" Name="Generator" Description="Identifies the algorithm parameter value as the generator for a secret key agreement mechanism." />
  <Value Id="34" Name="Symmetric key activation date/time" Description="Identifies the activation date/time of a symmetric key. The date/time format shall be CCYYMMDDHHMMSS." />
  <Value Id="35" Name="PKCS#1-EME-OAEP HF" Description="Identifies the algorithm parameter value as the code of the hash function used by EME-OAEP padding mechanism as defined in PKCS#1, Version 2." />
  <Value Id="36" Name="PKCS#1-EME-OAEP MGF" Description="Identifies the algorithm parameter value as the code of the mask generation function used by EME-OAEP padding mechanism as defined in PKCS#1, Version 2." />
  <Value Id="37" Name="PKCS#1-EME-OAEP P Init" Description="Identifies the algorithm parameter value as the initial octets of the encoding parameter octet string (P) used by EME-OAEP padding mechanism as defined in PKCS#1, Version 2." />
  <Value Id="38" Name="PKCS#1-EME-OAEP P Cont" Description="Identifies the algorithm parameter value as the additional octets of the encoding parameter octet string (P) following the initial octets, used by EME-OAEP padding mechanism as defined in PKCS#1, Version 2." />
  <Value Id="39" Name="PKCS#1-EME-OAEP P Final" Description="Identifies the algorithm parameter value as the final octets of the encoding parameter octet string (P) following the initial or additional octets, used by EME-OAEP padding mechanism as defined in PKCS#1, Version 2." />
  <Value Id="40" Name="PKCS#1-EME-OAEP HF/MGF" Description="Identifies the algorithm parameter value as the code of the hash function used by the mask generation function used by EME-OAEP padding mechanism as defined in PKCS#1, Version 2." />
  <Value Id="41" Name="PKCS#1-EME-OAEP LENGTH" Description="Identifies the algorithm parameter value as the intended length of the result produced by EME-OAEP padding mechanism as defined in PKCS#1, Version 2." />
  <Value Id="ZZZ" Name="Mutually agreed" Description="Mutually agreed between trading partners." />
</Root>