<?xml version="1.0" encoding="utf-8"?>
<Root xmlns:xsi="http://www.w3.org/2001/XMLSchema-instance" xmlns:xsd="http://www.w3.org/2001/XMLSchema" Id="0543" Name="Certificate original character set repertoire, coded" Description="Identification of the character set repertoire used to create the certificate it was signed." Count="an..3">
  <Value Id="1" Name="UN/ECE level A" Description="As defined in the basic code table of ISO 646 with the exceptions of lower case letters, alternative graphic character allocations and national or application-oriented graphic character allocations." />
  <Value Id="2" Name="UN/ECE level B" Description="As defined in the basic code table of ISO 646 with the exceptions of alternative graphic character allocations and national or application-oriented graphic character allocations." />
  <Value Id="3" Name="UN/ECE level C" Description="As defined in ISO 8859-1 : Information processing - Part 1: Latin alphabet No. 1." />
  <Value Id="4" Name="UN/ECE level D" Description="As defined in ISO 8859-2 : Information processing - Part 2: Latin alphabet No. 2." />
  <Value Id="5" Name="UN/ECE level E" Description="As defined in ISO 8859-5 : Information processing - Part 5: Latin/Cyrillic alphabet." />
  <Value Id="6" Name="UN/ECE level F" Description="As defined in ISO 8859-7 : Information processing - Part 7: Latin/Greek alphabet." />
  <Value Id="7" Name="UN/ECE level G" Description="As defined in ISO 8859-3 : Information processing - Part 3: Latin alphabet." />
  <Value Id="8" Name="UN/ECE level H" Description="As defined in ISO 8859-4 : Information processing - Part 4: Latin alphabet." />
  <Value Id="9" Name="UN/ECE level I" Description="As defined in ISO 8859-6 : Information processing - Part 6: Latin/Arabic alphabet." />
  <Value Id="10" Name="UN/ECE level J" Description="As defined in ISO 8859-8 : Information processing - Part 8: Latin/Hebrew alphabet." />
  <Value Id="11" Name="UN/ECE level K" Description="As defined in ISO 8859-9 : Information processing - Part 9: Latin alphabet." />
  <Value Id="12" Name="UN/ECE level X" Description="Code extension technique as defined by ISO 2022 utilising the escape techniques in accordance with ISO 2375." />
  <Value Id="13" Name="UN/ECE level Y" Description="ISO 10646-1 octet without code extension technique." />
</Root>