<?xml version="1.0" encoding="utf-8"?>
<Root xmlns:xsi="http://www.w3.org/2001/XMLSchema-instance" xmlns:xsd="http://www.w3.org/2001/XMLSchema" Id="0563" Name="Validation value, qualifier" Description="Identification of the type of validation value." Count="an..3">
  <Value Id="1" Name="Unique validation value" Description="Specifies that this is the unique validation value. This code shall be used when the algorithm involved produces a single parameter result (one MAC with DES algorithm, or one digital signature with RSA algorithm, for instance)." />
  <Value Id="2" Name="DSA algorithm r parameter" Description="Specifies that this is the r parameter, resulting of the use of DSA algorithm." />
  <Value Id="3" Name="DSA algorithm s parameter" Description="Specifies that this is the s parameter, resulting of the use of DSA algorithm." />
  <Value Id="4" Name="Random number for party A" Description="A random number generated by party A in a key agreement or entity authentication protocol." />
  <Value Id="5" Name="Random number for party B" Description="A random number generated by party B in a key agreement or entity authentication protocol." />
  <Value Id="6" Name="Enciphered block under a symmetric algorithm" Description="The result of the encipherment of data under a symmetric algorithm in an entity authentication protocol." />
  <Value Id="7" Name="Enciphered block under an asymmetric algorithm" Description="The result of the encipherment of data under an asymmetric algorithm in an entity authentication protocol." />
  <Value Id="8" Name="Key agreement value" Description="The value calculated in a key agreement protocol." />
</Root>