<?xml version="1.0" encoding="utf-8"?>
<Root xmlns:xsi="http://www.w3.org/2001/XMLSchema-instance" xmlns:xsd="http://www.w3.org/2001/XMLSchema" Id="0579" Name="Key management function qualifier" Description="Specification of the type of key management function." Count="an..3">
  <Value Id="101" Name="Registration submission" Description="Submission of information for registration." />
  <Value Id="102" Name="Asymmetric key pair request" Description="Request a trusted party to generate an asymmetric key pair." />
  <Value Id="110" Name="Certification request" Description="Request certification of credentials and public key." />
  <Value Id="111" Name="Certificate renewal request" Description="Request to extend the validity period of the current valid key, whose certificate is about to expire." />
  <Value Id="112" Name="Certificate replacement request" Description="Request to replace the current certificate by a new one with a different public key (and possibly other information)." />
  <Value Id="121" Name="Certificate (path) retrieval request" Description="Request the delivery of an existing (valid or revoked) certificate, with path details where appropriate." />
  <Value Id="123" Name="Certificate list retrieval request" Description="Request full or partial list of certificate." />
  <Value Id="124" Name="Certificate status request" Description="Request current status of a given certificate." />
  <Value Id="125" Name="Certificate validation request" Description="Request the CA to validate an existing certificate." />
  <Value Id="126" Name="Certificate delivery request" Description="Request the CA to deliver a (valid or revoked) certificate to a list of recipients known to the CA or specified elsewhere." />
  <Value Id="130" Name="Revocation request" Description="Request revocation of a party's certificate." />
  <Value Id="131" Name="Alert request" Description="Request to put a party's certificate on alert." />
  <Value Id="140" Name="Revocation list request" Description="Request full or partial list of revoked certificates." />
  <Value Id="150" Name="Symmetric key request" Description="Request the delivery of symmetric keys." />
  <Value Id="151" Name="Symmetric key discontinuation request" Description="Request discontinuation of symmetric key." />
  <Value Id="152" Name="Asymmetric key discontinuation request" Description="Request discontinuation of asymmetric key." />
  <Value Id="221" Name="Certificate delivery" Description="Delivery of an existing (valid or revoked) certificate." />
  <Value Id="222" Name="Certificate path delivery" Description="Delivery of a path." />
  <Value Id="224" Name="Certificate status notice" Description="Notice of current status of a given certificate." />
  <Value Id="225" Name="Certificate validation notice" Description="Notice of validation of an existing certificate." />
  <Value Id="231" Name="Revocation confirmation" Description="Confirmation of revocation of a party's certificate." />
  <Value Id="251" Name="Symmetric key delivery" Description="Delivery of symmetric keys." />
  <Value Id="252" Name="Discontinuation acknowledgement" Description="Acknowledgement of the requested discontinuation." />
</Root>