<?xml version="1.0" encoding="utf-8"?>
<Root xmlns:xsi="http://www.w3.org/2001/XMLSchema-instance" xmlns:xsd="http://www.w3.org/2001/XMLSchema" Id="0571" Name="Security error, coded" Description="Identifies the security error causing the rejection of the EDIFACT structure." Count="an..3">
  <Value Id="1" Name="Wrong authenticator" Description="The validation is wrong." />
  <Value Id="2" Name="Wrong certificate" Description="The certificate is wrong." />
  <Value Id="3" Name="Certification path" Description="The certification path is incomplete. Cannot verify." />
  <Value Id="4" Name="Algorithm not supported" Description="The algorithm is not supported." />
  <Value Id="5" Name="Hashing method not supported" Description="The hashing method is not supported." />
  <Value Id="6" Name="Protocol error" Description="The stated protocol has not been followed." />
  <Value Id="7" Name="Security expected but not present" Description="It was expected the user message would be secured (eg using integrated message security or the AUTACK message in authentication mode), but this was not present or received in the expected time period." />
  <Value Id="8" Name="Security parameters do not match those expected" Description="The parameters specifying the applied security do not match those expected (eg from an interchange agreement)." />
</Root>