<?xml version="1.0" encoding="utf-8"?>
<Root xmlns:xsi="http://www.w3.org/2001/XMLSchema-instance" xmlns:xsd="http://www.w3.org/2001/XMLSchema" Id="0591" Name="Padding mechanism, coded" Description="Padding mechanism or padding scheme applied." Count="an..3">
  <Value Id="1" Name="Zero padding" Description="Message padding used for block cipher algorithms. Binary zeros are appended to the end of the message in order to make the message length an exact integer multiple of the block length. The block length is implicitly specified through the algorithm and mode of operation." />
  <Value Id="2" Name="PKCS #1 padding" Description="Message padding used for block cipher algorithms according to PKCS #1 (published by RSA Inc., 1993)." />
  <Value Id="3" Name="ISO 10126 padding" Description="Message padding used for block cipher algorithms according to ISO-10126 specification." />
  <Value Id="4" Name="TBSS padding" Description="Message padding used for block cipher algorithms according to TBSS (Swiss standard, published by Telekurs AG, 1996)." />
  <Value Id="5" Name="FF padding" Description="Message padding used for block cipher algorithms. Binary 255 are padded to fill a message up to a block length. The block length is implicit specified through the algorithm and mode of operation." />
  <Value Id="6" Name="ISO 9796 #1 padding" Description="Message padding for digital signature schemes according to ISO 9796 part 1." />
  <Value Id="7" Name="ISO 9796 #2 padding" Description="Message padding for digital signature schemes according to ISO 9796 part 2." />
  <Value Id="8" Name="ISO 9796 #3 padding" Description="Message padding for digital signature schemes according to ISO 9796 part 3." />
  <Value Id="9" Name="TBSS envelope padding" Description="Message padding for digital envelopes according to TBSS (Swiss standard, published by Telekurs AG, 1996)" />
  <Value Id="10" Name="PKCS #1 envelope padding" Description="Message padding for digital envelopes according to PKCS #1 (published by RSA Inc, 1993)." />
  <Value Id="11" Name="PKCS #1 signature padding" Description="Message padding for digital signature schemes according to PKCS #1 (published by RSA Inc, 1993)." />
  <Value Id="12" Name="BCS signature padding" Description="Message padding for digital signature schemes according to ZKA (German standard published by ZKA 1995)." />
  <Value Id="13" Name="OAEP" Description="Optimal Asymmetric Encryption Padding (published in IEEE P1363)." />
  <Value Id="14" Name="RSAES-OAEP" Description="Padding mechanism specified in PKCS#1, version2, for encryption with a RSA public key." />
  <Value Id="15" Name="RSAES-PKCS#1-v1_5" Description="Padding mechanism specified in PKCS#1, version2, for encryption with a RSA public key." />
  <Value Id="16" Name="RSASA-PKCS-v1_5" Description="Padding mechanism specified in PKCS#1, version2, for digital signatures." />
  <Value Id="17" Name="Encryption Block Formatting" Description="Padding mechanism specified in PKCS#1, version 1.5." />
  <Value Id="18" Name="PKCS#5" Description="Padding mechanism specified in PKCS#5 for symmetric encryption." />
  <Value Id="19" Name="ANSI X9.23" Description="Padding mechanism specified in ANSI X9.23 for symmetric encryption." />
</Root>