<?xml version="1.0" encoding="utf-8"?>
<Root xmlns:xsi="http://www.w3.org/2001/XMLSchema-instance" xmlns:xsd="http://www.w3.org/2001/XMLSchema" Id="0805" Name="Object type qualifier" Description="Qualifier referring to the type of object." Count="an..3">
  <Value Id="1" Name="Computer environment type" Description="Specification of the type of computer environment for which the object is intended." />
  <Value Id="2" Name="Computer environment version" Description="Specification of the version of the computer environment for which the object is intended." />
  <Value Id="3" Name="Computer environment release" Description="Specification of the release of the computer environment for which the object is intended." />
  <Value Id="5" Name="Computer environment name" Description="Specification of the name of the computer environment for which the object is intended." />
  <Value Id="6" Name="Non-EDIFACT security level code" Description="Specification of the level such as interchange, group or message at which non-EDIFACT security is applied to the data constituting the object." />
  <Value Id="7" Name="Non-EDIFACT security version" Description="Specification of the version of the non-EDIFACT security technique applied to the data constituting the object." />
  <Value Id="8" Name="Non-EDIFACT security release" Description="Specification of the release of the non-EDIFACT security technique applied to the data constituting the object." />
  <Value Id="9" Name="Non-EDIFACT security technique" Description="Specification of the non-EDIFACT security technique applied to the data constituting the object." />
  <Value Id="10" Name="Non-EDIFACT security free text information" Description="Free form description of the non-EDIFACT security technique applied to the data constituting the object." />
  <Value Id="11" Name="File identification by number" Description="Identification number assigned to the file constituting the object." />
  <Value Id="12" Name="File identification by name" Description="Name assigned to the file constituting the object." />
  <Value Id="13" Name="File format" Description="Specification of the format of the file constituting the object." />
  <Value Id="14" Name="File version" Description="Specification of the version of the file constituting the object." />
  <Value Id="15" Name="File release" Description="Specification of the release of the file constituting the object." />
  <Value Id="16" Name="File status" Description="Specification of the status of the file constituting the object." />
  <Value Id="17" Name="File size" Description="Specification of the size of the file constituting the object in bytes." />
  <Value Id="18" Name="File description" Description="Free form description of the file constituting the object." />
  <Value Id="19" Name="File block type" Description="Specification of the type of blocking used to partition the file constituting the object." />
  <Value Id="20" Name="File block length" Description="Specification of the length of the blocks used to partition the file constituting the object." />
  <Value Id="21" Name="File record length" Description="Specification of the length of the records contained in the file constituting the object expressed as the number of character positions." />
  <Value Id="22" Name="Program identification by number" Description="Identification number assigned to the program constituting the object." />
  <Value Id="23" Name="Program identification by name" Description="Name assigned to the program constituting the object." />
  <Value Id="24" Name="Program type" Description="Specification of the type of program constituting the object." />
  <Value Id="25" Name="Program version" Description="Specification of the version of the program constituting the object." />
  <Value Id="26" Name="Program release" Description="Specification of the release of the program constituting the object." />
  <Value Id="27" Name="Program status" Description="Specification of the status of the program constituting the object." />
  <Value Id="28" Name="Program description" Description="Free form description of the program constituting the object." />
  <Value Id="29" Name="Program size" Description="Specification of the size of the program constituting the object in bytes." />
  <Value Id="30" Name="Interchange format" Description="Specification of the format of the interchange constituting the object." />
  <Value Id="31" Name="Interchange version" Description="Specification of the version of the interchange constituting the object." />
  <Value Id="32" Name="Interchange release" Description="Specification of the release of the interchange constituting the object." />
  <Value Id="33" Name="Interchange status" Description="Specification of the status of the interchange constituting the object." />
  <Value Id="34" Name="Interchange identification" Description="Identification number assigned to the interchange constituting the object." />
  <Value Id="35" Name="Compression technique identification" Description="An identification assigned to the compression technique applied to the object." />
  <Value Id="36" Name="Compression technique version" Description="Specification of the version of the compression technique applied to the object." />
  <Value Id="37" Name="Compression technique release" Description="Specification of the release of the compression technique applied to the object." />
  <Value Id="38" Name="Drawing identification by name" Description="Name assigned to the drawing constituting the object." />
  <Value Id="39" Name="Drawing identification by number" Description="Identification number assigned to the drawing constituting the object." />
  <Value Id="40" Name="Drawing type" Description="Specification of the type of drawing constituting the object." />
  <Value Id="41" Name="Drawing format" Description="Specification of the format of the drawing constituting the object." />
  <Value Id="42" Name="Drawing version" Description="Specification of the version of the drawing constituting the object." />
  <Value Id="43" Name="Drawing release" Description="Specification of the release of the drawing constituting the object." />
  <Value Id="44" Name="Drawing status" Description="Specification of the status of the drawing constituting the object." />
  <Value Id="45" Name="Drawing size" Description="Specification of the size of the drawing constituting the object in bytes." />
  <Value Id="46" Name="Drawing description" Description="Free form description of the drawing constituting the object." />
  <Value Id="48" Name="Filter type" Description="Specification of the type of filtering technique applied to the object." />
  <Value Id="49" Name="Filter version" Description="Specification of the version of the filtering technique applied to the object." />
  <Value Id="50" Name="Filter code page" Description="Specification of the code page used for the filtering technique applied to the object." />
  <Value Id="51" Name="Filter technique" Description="Specification of the filtering technique applied to the object." />
  <Value Id="52" Name="Character set repertoire identification" Description="Identification of the character set repertoire used for the object." />
  <Value Id="53" Name="Character set encoding technique" Description="Specification of the character set encoding technique used for the object." />
  <Value Id="54" Name="Character set encoding technique code page" Description="Specification of the code page used for the character set encoding technique used for the object." />
  <Value Id="55" Name="Certificate type" Description="Specification of the type of certificate constituting the object." />
  <Value Id="56" Name="Certificate version" Description="Specification of the version of the certificate constituting the object." />
  <Value Id="57" Name="Certificate release" Description="Specification of the release of the certificate constituting the object." />
  <Value Id="58" Name="Certificate status" Description="Specification of the status of the certificate constituting the object." />
  <Value Id="60" Name="Certificate identification by name" Description="Name assigned to the certificate constituting the object." />
  <Value Id="61" Name="Certificate identification by number" Description="Identification number assigned to the certificate constituting the object." />
  <Value Id="62" Name="Certificate format" Description="Specification of the format of the certificate constituting the object." />
  <Value Id="63" Name="Certificate code page" Description="Specification of the code page used when generating the certificate constituting the object." />
</Root>