<?xml version="1.0" encoding="utf-8"?>
<Root xmlns:xsi="http://www.w3.org/2001/XMLSchema-instance" xmlns:xsd="http://www.w3.org/2001/XMLSchema" Id="1225" Name="Message function code" Description="Code indicating the function of the message." Count="an..3">
  <Value Id="1" Name="Cancellation" Description="Message cancelling a previous transmission for a given transaction." />
  <Value Id="2" Name="Addition" Description="Message containing items to be added." />
  <Value Id="3" Name="Deletion" Description="Message containing items to be deleted." />
  <Value Id="4" Name="Change" Description="Message containing items to be changed." />
  <Value Id="5" Name="Replace" Description="Message replacing a previous message." />
  <Value Id="6" Name="Confirmation" Description="Message confirming the details of a previous transmission where such confirmation is required or recommended under the terms of a trading partner agreement." />
  <Value Id="7" Name="Duplicate" Description="The message is a duplicate of a previously generated message." />
  <Value Id="8" Name="Status" Description="Code indicating that the referenced message is a status." />
  <Value Id="9" Name="Original" Description="Initial transmission related to a given transaction." />
  <Value Id="10" Name="Not found" Description="Message whose reference number is not filed." />
  <Value Id="11" Name="Response" Description="Message responding to a previous message or document." />
  <Value Id="12" Name="Not processed" Description="Message indicating that the referenced message was received but not yet processed." />
  <Value Id="13" Name="Request" Description="Code indicating that the referenced message is a request." />
  <Value Id="14" Name="Advance notification" Description="Code indicating that the information contained in the message is an advance notification of information to follow." />
  <Value Id="15" Name="Reminder" Description="Repeated message transmission for reminding purposes." />
  <Value Id="16" Name="Proposal" Description="Message content is a proposal." />
  <Value Id="17" Name="Cancel, to be reissued" Description="Referenced transaction cancelled, reissued message will follow." />
  <Value Id="18" Name="Reissue" Description="New issue of a previous message (maybe cancelled)." />
  <Value Id="19" Name="Seller initiated change" Description="Change information submitted by buyer but initiated by seller." />
  <Value Id="20" Name="Replace heading section only" Description="Message to replace the heading of a previous message." />
  <Value Id="21" Name="Replace item detail and summary only" Description="Message to replace item detail and summary of a previous message." />
  <Value Id="22" Name="Final transmission" Description="Final message in a related series of messages together making up a commercial, administrative or transport transaction." />
  <Value Id="23" Name="Transaction on hold" Description="Message not to be processed until further release information." />
  <Value Id="24" Name="Delivery instruction" Description="Delivery schedule message only used to transmit short- term delivery instructions." />
  <Value Id="25" Name="Forecast" Description="Delivery schedule message only used to transmit long- term schedule information." />
  <Value Id="26" Name="Delivery instruction and forecast" Description="Combination of codes '24' and '25'." />
  <Value Id="27" Name="Not accepted" Description="Message to inform that the referenced message is not accepted by the recipient." />
  <Value Id="28" Name="Accepted, with amendment in heading section" Description="Message accepted but amended in heading section." />
  <Value Id="29" Name="Accepted without amendment" Description="Referenced message is entirely accepted." />
  <Value Id="30" Name="Accepted, with amendment in detail section" Description="Referenced message is accepted but amended in detail section." />
  <Value Id="31" Name="Copy" Description="Indicates that the message is a copy of an original message that has been sent, e.g. for action or information." />
  <Value Id="32" Name="Approval" Description="A message releasing an existing referenced message for action to the receiver." />
  <Value Id="33" Name="Change in heading section" Description="Message changing the referenced message heading section." />
  <Value Id="34" Name="Accepted with amendment" Description="The referenced message is accepted but amended." />
  <Value Id="35" Name="Retransmission" Description="Change-free transmission of a message previously sent." />
  <Value Id="36" Name="Change in detail section" Description="Message changing referenced detail section." />
  <Value Id="37" Name="Reversal of a debit" Description="Reversal of a previously posted debit." />
  <Value Id="38" Name="Reversal of a credit" Description="Reversal of a previously posted credit." />
  <Value Id="39" Name="Reversal for cancellation" Description="Code indicating that the referenced message is reversing a cancellation of a previous transmission for a given transaction." />
  <Value Id="40" Name="Request for deletion" Description="The message is given to inform the recipient to delete the referenced transaction." />
  <Value Id="41" Name="Finishing/closing order" Description="Last of series of call-offs." />
  <Value Id="42" Name="Confirmation via specific means" Description="Message confirming a transaction previously agreed via other means (e.g. phone)." />
  <Value Id="43" Name="Additional transmission" Description="Message already transmitted via another communication channel. This transmission is to provide electronically processable data only." />
  <Value Id="44" Name="Accepted without reserves" Description="Message accepted without reserves." />
  <Value Id="45" Name="Accepted with reserves" Description="Message accepted with reserves." />
  <Value Id="46" Name="Provisional" Description="Message content is provisional." />
  <Value Id="47" Name="Definitive" Description="Message content is definitive." />
  <Value Id="48" Name="Accepted, contents rejected" Description="Message to inform that the previous message is received, but it cannot be processed due to regulations, laws, etc." />
  <Value Id="49" Name="Settled dispute" Description="The reported dispute is settled." />
  <Value Id="50" Name="Withdraw" Description="Message withdrawing a previously approved message." />
  <Value Id="51" Name="Authorisation" Description="Message authorising a message or transaction(s)." />
  <Value Id="52" Name="Proposed amendment" Description="A code used to indicate an amendment suggested by the sender." />
  <Value Id="53" Name="Test" Description="Code indicating the message is to be considered as a test." />
  <Value Id="54" Name="Extract" Description="A subset of the original." />
  <Value Id="55" Name="Notification only" Description="The receiver may use the notification information for analysis only." />
  <Value Id="56" Name="Advice of ledger booked items" Description="An advice that items have been booked in the ledger." />
  <Value Id="57" Name="Advice of items pending to be booked in the ledger" Description="An advice that items are pending to be booked in the ledger." />
  <Value Id="58" Name="Pre-advice of items requiring further information" Description="A pre-advice that items require further information." />
  <Value Id="59" Name="Pre-adviced items" Description="A pre-advice of items." />
  <Value Id="60" Name="No action since last message" Description="Code indicating the fact that no action has taken place since the last message." />
  <Value Id="61" Name="Complete schedule" Description="The message function is a complete schedule." />
  <Value Id="62" Name="Update schedule" Description="The message function is an update to a schedule." />
  <Value Id="63" Name="Not accepted, provisional" Description="Not accepted, subject to confirmation." />
  <Value Id="64" Name="Verification" Description="The message is transmitted to verify information." />
  <Value Id="65" Name="Unsettled dispute" Description="To report an unsettled dispute." />
</Root>