<?xml version="1.0" encoding="utf-8"?>
<Root xmlns:xsi="http://www.w3.org/2001/XMLSchema-instance" xmlns:xsd="http://www.w3.org/2001/XMLSchema" Id="1229" Name="Action code" Description="Code specifying the action to be taken or already taken." Count="an..3">
  <Value Id="1" Name="Added" Description="The information is to be or has been added." />
  <Value Id="2" Name="Deleted" Description="The information is to be or has been deleted." />
  <Value Id="3" Name="Changed" Description="The information is to be or has been changed." />
  <Value Id="4" Name="No action" Description="This line item is not affected by the actual message." />
  <Value Id="5" Name="Accepted without amendment" Description="This line item is entirely accepted by the seller." />
  <Value Id="6" Name="Accepted with amendment" Description="This line item is accepted but amended by the seller." />
  <Value Id="7" Name="Not accepted" Description="This line item is not accepted by the seller." />
  <Value Id="8" Name="Schedule only" Description="Code specifying that the message is a schedule only." />
  <Value Id="9" Name="Amendments" Description="Code specifying that amendments are requested/notified." />
  <Value Id="10" Name="Not found" Description="This line item is not found in the referenced message." />
  <Value Id="11" Name="Not amended" Description="This line is not amended by the buyer." />
  <Value Id="12" Name="Line item numbers changed" Description="Code specifying that the line item numbers have changed." />
  <Value Id="13" Name="Buyer has deducted amount" Description="Buyer has deducted amount from payment." />
  <Value Id="14" Name="Buyer claims against invoice" Description="Buyer has a claim against an outstanding invoice." />
  <Value Id="15" Name="Charge back by seller" Description="Factor has been requested to charge back the outstanding item." />
  <Value Id="16" Name="Seller will issue credit note" Description="Seller agrees to issue a credit note." />
  <Value Id="17" Name="Terms changed for new terms" Description="New settlement terms have been agreed." />
  <Value Id="18" Name="Abide outcome of negotiations" Description="Factor agrees to abide by the outcome of negotiations between seller and buyer." />
  <Value Id="19" Name="Seller rejects dispute" Description="Seller does not accept validity of dispute." />
  <Value Id="20" Name="Settlement" Description="The reported situation is settled." />
  <Value Id="21" Name="No delivery" Description="Code indicating that no delivery will be required." />
  <Value Id="22" Name="Call-off delivery" Description="A request for delivery of a particular quantity of goods to be delivered on a particular date (or within a particular period)." />
  <Value Id="23" Name="Proposed amendment" Description="A code used to indicate an amendment suggested by the sender." />
  <Value Id="24" Name="Accepted with amendment, no confirmation required" Description="Accepted with changes which require no confirmation." />
  <Value Id="25" Name="Equipment provisionally repaired" Description="The equipment or component has been provisionally repaired." />
  <Value Id="26" Name="Included" Description="Code indicating that the entity is included." />
  <Value Id="27" Name="Upon receipt and verification of documents we shall cover you when due as per your instructions" Description="Upon receipt and verification of documents we shall cover you when due as per your instructions." />
  <Value Id="28" Name="Upon receipt and verification of documents we shall authorize you to debit our account with you when due" Description="Upon receipt and verification of documents we shall authorize you to debit our account with you when due." />
  <Value Id="29" Name="On receipt of your authenticated advice we shall cover you when due as per your instructions" Description="On receipt of your authenticated advice we shall cover you when due as per your instructions." />
  <Value Id="30" Name="On receipt of your authenticated advice we shall authorize you to debit our account with you when due" Description="On receipt of your authenticated advice we shall authorize you to debit our account with you when due." />
  <Value Id="31" Name="On receipt of your authenticated advice we shall credit your account with us when due" Description="On receipt of your authenticated advice we shall credit your account with us when due." />
  <Value Id="32" Name="Credit advice requested for direct debit" Description="A credit advice is requested for the direct debit." />
  <Value Id="33" Name="Credit advice and acknowledgement for direct debit" Description="A credit advice and acknowledgement are requested for the direct debit." />
  <Value Id="34" Name="Inquiry" Description="Request for information." />
  <Value Id="35" Name="Checked" Description="Checked." />
  <Value Id="36" Name="Not checked" Description="Not checked." />
  <Value Id="37" Name="Cancelled" Description="Discontinued." />
  <Value Id="38" Name="Replaced" Description="Provide a replacement." />
  <Value Id="39" Name="New" Description="Not existing before." />
  <Value Id="40" Name="Agreed" Description="Consent." />
  <Value Id="41" Name="Proposed" Description="Put forward for consideration." />
  <Value Id="42" Name="Already delivered" Description="Delivery has taken place." />
  <Value Id="43" Name="Additional subordinate structures will follow" Description="Additional subordinate structures will follow the current hierarchy level." />
  <Value Id="44" Name="Additional subordinate structures will not follow" Description="No additional subordinate structures will follow the current hierarchy level." />
  <Value Id="45" Name="Result opposed" Description="A notification that the result is opposed." />
  <Value Id="46" Name="Auction held" Description="A notification that an auction was held." />
  <Value Id="47" Name="Legal action pursued" Description="A notification that legal action has been pursued." />
  <Value Id="48" Name="Meeting held" Description="A notification that a meeting was held." />
  <Value Id="49" Name="Result set aside" Description="A notification that the result has been set aside." />
  <Value Id="50" Name="Result disputed" Description="A notification that the result has been disputed." />
  <Value Id="51" Name="Countersued" Description="A notification that a countersuit has been filed." />
  <Value Id="52" Name="Pending" Description="A notification that an action is awaiting settlement." />
  <Value Id="53" Name="Court action dismissed" Description="A notification that a court action will no longer be heard." />
  <Value Id="54" Name="Referred item, accepted" Description="The item being referred to has been accepted." />
  <Value Id="55" Name="Referred item, rejected" Description="The item being referred to has been rejected." />
  <Value Id="56" Name="Debit advice statement line" Description="Notification that the statement line is a debit advice." />
  <Value Id="57" Name="Credit advice statement line" Description="Notification that the statement line is a credit advice." />
  <Value Id="58" Name="Grouped credit advices" Description="Notification that the credit advices are grouped." />
  <Value Id="59" Name="Grouped debit advices" Description="Notification that the debit advices are grouped." />
  <Value Id="60" Name="Registered" Description="The name is registered." />
  <Value Id="61" Name="Payment denied" Description="The payment has been denied." />
  <Value Id="62" Name="Approved as amended" Description="Approved with modifications." />
  <Value Id="63" Name="Approved as submitted" Description="The request has been approved as submitted." />
  <Value Id="64" Name="Cancelled, no activity" Description="Cancelled due to the lack of activity." />
  <Value Id="65" Name="Under investigation" Description="Investigation is being done." />
  <Value Id="66" Name="Initial claim received" Description="Notification that the initial claim was received." />
  <Value Id="67" Name="Not in process" Description="Not in process." />
  <Value Id="68" Name="Rejected, duplicate" Description="Rejected because it is a duplicate." />
  <Value Id="69" Name="Rejected, resubmit with corrections" Description="Rejected but may be resubmitted when corrected." />
  <Value Id="70" Name="Pending, incomplete" Description="Pending because of incomplete information." />
  <Value Id="71" Name="Under field office investigation" Description="Investigation by the field is being done." />
  <Value Id="72" Name="Pending, awaiting additional material" Description="Pending awaiting receipt of additional material." />
  <Value Id="73" Name="Pending, awaiting review" Description="Pending while awaiting review." />
  <Value Id="74" Name="Reopened" Description="Opened again." />
  <Value Id="75" Name="Processed by primary, forwarded to additional payer(s)" Description="This request has been processed by the primary payer and sent to additional payer(s)." />
  <Value Id="76" Name="Processed by secondary, forwarded to additional payer(s)" Description="This request has been processed by the secondary payer and sent to additional payer(s)." />
  <Value Id="77" Name="Processed by tertiary, forwarded to additional payer(s)" Description="This request has been processed by the tertiary payer and sent to additional payer(s)." />
  <Value Id="78" Name="Previous payment decision reversed" Description="A previous payment decision has been reversed." />
  <Value Id="79" Name="Not our claim, forwarded to another payer(s)" Description="A request does not belong to this payer but has been forwarded to another payer(s)." />
  <Value Id="80" Name="Transferred to correct insurance carrier" Description="The request has been transferred to the correct insurance carrier for processing." />
  <Value Id="81" Name="Not paid, predetermination pricing only" Description="Payment has not been made and the enclosed response is predetermination pricing only." />
  <Value Id="82" Name="Documentation claim" Description="The claim is for documentation purposes only, no payment required." />
  <Value Id="83" Name="Reviewed" Description="Assessed." />
  <Value Id="84" Name="Repriced" Description="This price was changed." />
  <Value Id="85" Name="Audited" Description="An official examination has occurred." />
  <Value Id="86" Name="Conditionally paid" Description="Payment has been conditionally made." />
  <Value Id="87" Name="On appeal" Description="Reconsideration of the decision has been applied for." />
  <Value Id="88" Name="Closed" Description="Shut." />
  <Value Id="89" Name="Reaudited" Description="A subsequent official examination has occurred." />
  <Value Id="90" Name="Reissued" Description="Issued again." />
  <Value Id="91" Name="Closed after reopening" Description="Reopened and then closed." />
  <Value Id="92" Name="Redetermined" Description="Determined again or differently." />
  <Value Id="93" Name="Processed as primary" Description="Processed as the first." />
  <Value Id="94" Name="Processed as secondary" Description="Processed as the second." />
  <Value Id="95" Name="Processed as tertiary" Description="Processed as the third." />
  <Value Id="96" Name="Correction of error" Description="A correction to information previously communicated which contained an error." />
  <Value Id="97" Name="Single credit item of a group" Description="Notification that the credit item is a single credit item of a group of credit items." />
  <Value Id="98" Name="Single debit item of a group" Description="Notification that the debit item is a single debit item of a group of debit items." />
  <Value Id="99" Name="Interim response" Description="The response is an interim one." />
  <Value Id="100" Name="Final response" Description="The response is an final one." />
  <Value Id="101" Name="Debit advice requested" Description="A debit advice is requested for the transaction." />
  <Value Id="102" Name="Transaction not impacted" Description="Advice that the transaction is not impacted." />
  <Value Id="103" Name="Patient to be notified" Description="The action to take is to notify the patient." />
  <Value Id="104" Name="Healthcare provider to be notified" Description="The action to take is to notify the healthcare provider." />
  <Value Id="105" Name="Usual general practitioner to be notified" Description="The action to take is to notify the usual general practitioner." />
  <Value Id="106" Name="Advice without details" Description="An advice without details is requested or notified." />
  <Value Id="107" Name="Advice with details" Description="An advice with details is requested or notified." />
  <Value Id="108" Name="Amendment requested" Description="An amendment is requested." />
  <Value Id="109" Name="For information" Description="Included for information only." />
  <Value Id="110" Name="Withdraw" Description="A code indicating discontinuance or retraction." />
  <Value Id="111" Name="Delivery date change" Description="The action / notiification is a change of the delivery date." />
  <Value Id="112" Name="Quantity change" Description="The action / notification is a change of quantity." />
  <Value Id="113" Name="Resale and claim" Description="The identified items have been sold by the distributor to the end customer, and compensation for the loss of inventory value is claimed." />
  <Value Id="114" Name="Resale" Description="The identified items have been sold by the distributor to the end customer." />
  <Value Id="115" Name="Prior addition" Description="This existing line item becomes available at an earlier date." />
</Root>