<?xml version="1.0" encoding="utf-8"?>
<Root xmlns:xsi="http://www.w3.org/2001/XMLSchema-instance" xmlns:xsd="http://www.w3.org/2001/XMLSchema" Id="1227" Name="Calculation sequence code" Description="Code specifying a calculation sequence." Count="an..3">
  <Value Id="1" Name="First step of calculation" Description="Code specifying the first step of a calculation." />
  <Value Id="2" Name="Second step of calculation" Description="Code specifying the second step of a calculation." />
  <Value Id="3" Name="Third step of calculation" Description="Code specifying the third step of a calculation." />
  <Value Id="4" Name="Fourth step of calculation" Description="Code specifying the fourth step of a calculation." />
  <Value Id="5" Name="Fifth step of calculation" Description="Code specifying the fifth step of a calculation." />
  <Value Id="6" Name="Sixth step of calculation" Description="Code specifying the sixth step of a calculation." />
  <Value Id="7" Name="Seventh step of calculation" Description="Code specifying the seventh step of a calculation." />
  <Value Id="8" Name="Eighth step of calculation" Description="Code specifying the eighth step of a calculation." />
  <Value Id="9" Name="Ninth step of calculation" Description="Code specifying the ninth step of a calculation." />
</Root>