<?xml version="1.0" encoding="utf-8"?>
<Root xmlns:xsi="http://www.w3.org/2001/XMLSchema-instance" xmlns:xsd="http://www.w3.org/2001/XMLSchema" Id="1373" Name="Document status code" Description="Code specifying the status of a document." Count="an..3">
  <Value Id="1" Name="Accepted" Description="The specified document is accepted." />
  <Value Id="2" Name="Accompanying goods" Description="Notice that a specific document will be accompanying the goods." />
  <Value Id="3" Name="Conditionally accepted" Description="The specified document is conditionally accepted." />
  <Value Id="4" Name="To arrive by separate EDI message" Description="Notice that a specific document/message will be transmitted via a separate EDI message." />
  <Value Id="5" Name="Information only" Description="Notice that the specific document or message is for information only." />
  <Value Id="6" Name="To arrive by manual means" Description="Notice that a specific document or message will not be sent via EDI." />
  <Value Id="7" Name="To be raised and sent" Description="Request for a specific message to be formatted and transmitted or a request for a specific document to be raised and sent." />
  <Value Id="8" Name="Rejected" Description="The specified document is rejected." />
  <Value Id="9" Name="To be printed" Description="The document or message is to be printed." />
  <Value Id="10" Name="Document currently valid" Description="Specific document is currently valid." />
  <Value Id="11" Name="Document not available" Description="Specified document is not available." />
  <Value Id="12" Name="Document exhausted by declaration and attached" Description="Customs declaration to which the document is related completed or exhaust the allowance stated on the document. The document is attached to the Customs declaration." />
  <Value Id="13" Name="Document not exhausted by declaration and attached" Description="Customs declaration to which the document is related does not complete or exhaust the allowance stated on the document . The document is not attached to the declaration but has already been lodged in the Customs station." />
  <Value Id="14" Name="Document exhausted by declaration and previously lodged" Description="Customs declaration to which the document is related completed or exhaust the allowance stated on the document. The usage of the document is complete. The document is not attached to the declaration but has already been lodged in the Customs station." />
  <Value Id="15" Name="Document not exhausted by declaration and previously lodged" Description="Customs declaration to which the document is related does not complete or exhaust the allowance stated on the document. The document can continue to be used for future declarations until the allowance is exhausted. The document is not attached to the declaration but has already been lodged in the Customs station." />
  <Value Id="16" Name="Document not attached" Description="Specified document is not or cannot be attached." />
  <Value Id="17" Name="Document with the goods" Description="Document not attached to the Customs declaration but is attached to the goods." />
  <Value Id="18" Name="Document attached, to be returned after endorsement" Description="Specified document is attached to the Customs declaration and will be required to be returned to the declarant after Customs endorsement." />
  <Value Id="19" Name="Document applied for" Description="Application has been submitted for that document." />
  <Value Id="20" Name="Received for shipment" Description="Indicates that the document has legal validity from the date of receival of the cargo." />
  <Value Id="21" Name="Shipped on board" Description="Indicates that the document has legal validity from the date that cargo is loaded on board a vessel." />
  <Value Id="22" Name="Status 0" Description="Message is at status 0." />
  <Value Id="23" Name="Status 1" Description="Message is at status 1." />
  <Value Id="24" Name="Status 2" Description="Message is at status 2." />
  <Value Id="25" Name="Message under development" Description="Message is under development." />
  <Value Id="26" Name="Document not freighted" Description="Document not to include freight figures." />
  <Value Id="27" Name="Document freighted" Description="Document to include freight figures." />
  <Value Id="28" Name="Archived" Description="The document or message has been archived." />
  <Value Id="29" Name="Provisional" Description="The document or message has no official status." />
  <Value Id="30" Name="Documents enclosed in the first transmission" Description="The documents are enclosed in the first transmission." />
  <Value Id="31" Name="Documents enclosed in the second transmission" Description="The documents are enclosed in the second transmission." />
  <Value Id="32" Name="Document not required, waiver issued" Description="The document is not required, waiver of requirement has been issued." />
  <Value Id="33" Name="Already on file with receiver of this message" Description="The document is already on file with the party receiving the message." />
  <Value Id="34" Name="Retained by sender of this message, or by sender's agent or representative" Description="The document is in the possession of the sender or sender's agent or representative." />
  <Value Id="35" Name="Document incomplete" Description="The document is incomplete." />
  <Value Id="36" Name="Document previously submitted" Description="The document has already been submitted." />
  <Value Id="37" Name="Document complete" Description="The document is complete." />
</Root>