<?xml version="1.0" encoding="utf-8"?>
<Root xmlns:xsi="http://www.w3.org/2001/XMLSchema-instance" xmlns:xsd="http://www.w3.org/2001/XMLSchema" Id="1501" Name="Computer environment details code qualifier" Description="Code qualifying computer environment details." Count="an..3">
  <Value Id="1" Name="Hardware platform" Description="Code to identify the type of hardware installed in a computer environment e.g. PC, Mac, UNIX-Workstation, Mini, Mainframe." />
  <Value Id="2" Name="Operating system" Description="Code to identify the operating system, like DOS, VMS, etc. used in a computer environment." />
  <Value Id="3" Name="Application software" Description="Code to identify an application software, like AutoCad, WinWord, etc. used in a computer environment." />
  <Value Id="4" Name="Network" Description="Code to identify a network like Ethernet, Token Ring, etc. implemented in a computer environment." />
  <Value Id="5" Name="Sending system" Description="Code to identify the system, which acts as a sending system in an interchange." />
  <Value Id="6" Name="File generating software" Description="Software used to generate a file." />
  <Value Id="7" Name="File compression software" Description="Software used for the compression of a file." />
  <Value Id="8" Name="File compression method" Description="Method used for the compression of a file." />
</Root>