<?xml version="1.0" encoding="utf-8"?>
<Root xmlns:xsi="http://www.w3.org/2001/XMLSchema-instance" xmlns:xsd="http://www.w3.org/2001/XMLSchema" Id="1505" Name="Value list type code" Description="Code specifying a type of value list." Count="an..3">
  <Value Id="1" Name="Non coded list" Description="The list contains a set of non coded values." />
  <Value Id="2" Name="Date and time list" Description="The list contains a set of dates, dates and times, or times." />
  <Value Id="3" Name="Coded list" Description="The list contains a set of coded data values." />
  <Value Id="4" Name="Structure correspondence link" Description="The list contains a set of correspondence links between structures." />
  <Value Id="5" Name="Structure overlapping link" Description="The list contains a set of overlapping link values between structures." />
  <Value Id="6" Name="Structure historic link" Description="The list contains a set of historic link values between structures." />
  <Value Id="7" Name="Structure hierarchical link" Description="The list contains a set of hierarchical link values between structures." />
  <Value Id="8" Name="Structure group link" Description="The list contains a set of group link values between structures." />
  <Value Id="9" Name="Multiple hierarchical structure item" Description="The list contains a set of items at multiple hierarchical levels in a structure." />
  <Value Id="10" Name="Classification domain" Description="The list contains a set of items from a classification domain." />
  <Value Id="11" Name="Single hierarchical structure item" Description="The list contains a set of items at a single hierarchical level in a structure." />
</Root>