<?xml version="1.0" encoding="utf-8"?>
<Root xmlns:xsi="http://www.w3.org/2001/XMLSchema-instance" xmlns:xsd="http://www.w3.org/2001/XMLSchema" Id="2005" Name="Date or time or period function code qualifier" Description="Code qualifying the function of a date, time or period." Count="an..3">
  <Value Id="1" Name="Service completion date/time, actual" Description="Actual date/time on which the service was completed." />
  <Value Id="2" Name="Delivery date/time, requested" Description="Date on which buyer requests goods to be delivered." />
  <Value Id="3" Name="Invoice document issue date time" Description="[2377] Date of issue of an invoice." />
  <Value Id="4" Name="Order document issue date time" Description="[2011] Date of order." />
  <Value Id="5" Name="Saleable stock demand cover period, expected" Description="A period of time when saleable stocks are expected to cover demand for a product." />
  <Value Id="6" Name="Moved from location date" Description="The date an entity moved from a location." />
  <Value Id="7" Name="Effective from date/time" Description="(2069) Date and/or time at which specified event or document becomes effective." />
  <Value Id="8" Name="Order received date/time" Description="Date/time when the purchase order is received by the seller." />
  <Value Id="9" Name="Processing date/time" Description="Date/time of processing." />
  <Value Id="10" Name="Shipment date/time, requested" Description="Date on which goods should be shipped or despatched by the supplier." />
  <Value Id="11" Name="Despatch date and or time" Description="(2170) Date/time on which the goods are or are expected to be despatched or shipped." />
  <Value Id="12" Name="Terms discount due date/time" Description="Date by which payment should be made if discount terms are to apply." />
  <Value Id="13" Name="Terms net due date" Description="Date by which payment must be made." />
  <Value Id="14" Name="Payment date/time, deferred" Description="Date/time when instalments are due." />
  <Value Id="15" Name="Promotion start date/time" Description="Date/time when promotion activities begin." />
  <Value Id="16" Name="Promotion end date/time" Description="Date/time when promotion activities end." />
  <Value Id="17" Name="Delivery date/time, estimated" Description="Date and/or time when the shipper of the goods expects delivery will take place." />
  <Value Id="18" Name="Installation date/time/period" Description="The date/time/period of the act, or an instance of installing something or someone." />
  <Value Id="19" Name="Meat ageing period" Description="Period of time between slaughter and delivery during which meat is ageing." />
  <Value Id="20" Name="Cheque date/time" Description="Date/time when cheque is issued." />
  <Value Id="21" Name="Charge back date/time" Description="The date/time of the charge back." />
  <Value Id="22" Name="Freight bill date/time" Description="Date/time when freight bill is issued." />
  <Value Id="23" Name="Equipment reconditioning date/time, actual" Description="Actual date/time of the reconditioning of a piece of equipment." />
  <Value Id="24" Name="Transfer note acceptance date and time" Description="Date and time when a transfer note (transfer document for transport exclusively using containers as equipment) is recognised as being valid by the carrier." />
  <Value Id="35" Name="Delivery date/time, actual" Description="Date/time on which goods or consignment are delivered at their destination." />
  <Value Id="36" Name="Expiry date" Description="Date of expiry of the validity of a referenced document, price information or any other referenced data element with a limited validity period." />
  <Value Id="37" Name="Ship not before date/time" Description="Goods should not be shipped before given date/time." />
  <Value Id="38" Name="Ship not later than date/time" Description="Date/time by which the goods should have been shipped." />
  <Value Id="39" Name="Ship week of date" Description="Date identifying the week during which goods should be shipped." />
  <Value Id="40" Name="Clinical information issue date and/or time" Description="Date and/or time when clinical information is issued." />
  <Value Id="41" Name="Event duration, expected" Description="The expected duration of an event." />
  <Value Id="42" Name="Superseded date/time" Description="Date/time being overlaid by a date given elsewhere." />
  <Value Id="43" Name="Event duration, intended" Description="The intended duration of an event." />
  <Value Id="44" Name="Availability" Description="Date/time when received item is available." />
  <Value Id="45" Name="Compilation date and time" Description="Date and time of the compilation." />
  <Value Id="46" Name="Cancellation date" Description="Date on which a document or message has been cancelled." />
  <Value Id="47" Name="Statistical time series date" Description="Date for statistical time series purposes." />
  <Value Id="48" Name="Duration" Description="Duration." />
  <Value Id="49" Name="Deliver not before and not after dates" Description="Deliver not before and not after a specific date range." />
  <Value Id="50" Name="Goods receipt date/time" Description="Date/time upon which the goods were received by a given party." />
  <Value Id="51" Name="Cumulative quantity start date" Description="First Date for accumulation of delivery quantities." />
  <Value Id="52" Name="Cumulative quantity end date" Description="Last Date for accumulation of delivery quantities." />
  <Value Id="53" Name="Buyer's local time" Description="Time at the buyer's location." />
  <Value Id="54" Name="Seller's local time" Description="Time at the seller's location." />
  <Value Id="55" Name="Confirmed date/time" Description="Date/time which has been confirmed." />
  <Value Id="56" Name="Original authorisation date and/or time" Description="Date and/or time when original authorisation was issued." />
  <Value Id="57" Name="Precaution relevant period" Description="The period when a precaution is relevant." />
  <Value Id="58" Name="Clearance date (Customs)" Description="Date on which Customs formalities necessary to allow goods to be exported, to enter home use, or to be placed under another Customs procedure has been accomplished (CCC)." />
  <Value Id="59" Name="Inbound movement authorization date" Description="Inland movement authorization date." />
  <Value Id="60" Name="Engineering change level date" Description="Date the engineering level of goods is changed." />
  <Value Id="61" Name="Cancel if not delivered by this date" Description="The date on which cancellation should take place, if delivery has not occurred." />
  <Value Id="62" Name="Excluded date" Description="Date excluded from a period of time." />
  <Value Id="63" Name="Delivery date time, last" Description="[2025] Last date, and optionally time of a delivery." />
  <Value Id="64" Name="Delivery date/time, earliest" Description="Date identifying a point in time before which the goods shall not be delivered." />
  <Value Id="65" Name="Delivery date/time, 1st schedule" Description="The first scheduled date/time for delivery." />
  <Value Id="66" Name="Excluded period" Description="An interval of time excluded from a period of time." />
  <Value Id="67" Name="Delivery date/time, current schedule" Description="Delivery Date deriving from actual schedule." />
  <Value Id="68" Name="Additional period" Description="An interval of time added to a period of time." />
  <Value Id="69" Name="Delivery date time, promised before" Description="[2139] Date and optionally time by which the merchandise should be delivered to the buyer, as agreed between the seller and the buyer (generic term)." />
  <Value Id="70" Name="Additional date" Description="Date added to a period of time." />
  <Value Id="71" Name="Delivery date/time, requested for (after and including)" Description="Delivery is requested to happen after or on given date." />
  <Value Id="72" Name="Delivery date/time, promised for (after and including)" Description="Delivery might take place earliest at given date." />
  <Value Id="73" Name="Guarantee period" Description="The period for which the guarantee is or will be granted." />
  <Value Id="74" Name="Delivery date/time, requested for (prior to and including)" Description="Delivery is requested to happen prior to or including the given date." />
  <Value Id="75" Name="Delivery date/time, promised for (prior to and including)" Description="Delivery might take place latest at given date." />
  <Value Id="76" Name="Delivery date/time, scheduled for" Description="The date/time for which delivery is scheduled." />
  <Value Id="77" Name="Specification revision date" Description="Date of revision to a specification." />
  <Value Id="78" Name="Event date/time/period, actual" Description="The actual date/time/period an event occurred." />
  <Value Id="79" Name="Shipment date/time, promised for" Description="Shipment might happen at given date/time." />
  <Value Id="80" Name="Planning end date and/or time, actual" Description="The actual date and/or time the planning ended." />
  <Value Id="81" Name="Shipment date/time, requested for (after and including)" Description="Shipment should happen earliest at given date." />
  <Value Id="82" Name="Medicine administration time" Description="Designated time of day for the administration of medicine." />
  <Value Id="83" Name="Dispensing interval, minimum" Description="The shortest interval allowed between one dispensing of an item and the next dispensing of the same item." />
  <Value Id="84" Name="Shipment date/time, requested for (prior to and including)" Description="Shipment should take place latest at given date." />
  <Value Id="85" Name="Shipment date/time, promised for (prior to and including)" Description="Shipment might take place latest at given date." />
  <Value Id="86" Name="Medication date/time, start" Description="Date and/or time when medication was started." />
  <Value Id="87" Name="Travel service connection time" Description="Time elapsing between the arrival of a travel service and the departure of a connecting travel service." />
  <Value Id="88" Name="Summer time, start" Description="Date/time at which the summer time starts." />
  <Value Id="89" Name="Inquiry date" Description="The date on which an inquiry is made." />
  <Value Id="90" Name="Report start date" Description="The date on which a report is to begin." />
  <Value Id="91" Name="Report end date" Description="The date on which a report is to end." />
  <Value Id="92" Name="Contract effective date" Description="Date when a contract becomes valid." />
  <Value Id="93" Name="Contract expiry date" Description="Date when a contract expires." />
  <Value Id="94" Name="Production/manufacture date" Description="Date on which goods are produced." />
  <Value Id="95" Name="Bill of lading date" Description="Date as specified on the bill of lading." />
  <Value Id="96" Name="Discharge date/time" Description="Date/time when goods should, might or have been discharged from the means of transport." />
  <Value Id="97" Name="Transaction creation date" Description="The date on which a transaction was originated or brought into being." />
  <Value Id="98" Name="Winter time, start" Description="Date/time at which the winter time starts." />
  <Value Id="99" Name="Quotation opening date" Description="The date on which the quotation has been or may be opened." />
  <Value Id="100" Name="Product ageing period before delivery" Description="Period of time before delivery during which the product is ageing." />
  <Value Id="101" Name="Production date, no schedule established as of" Description="Date as of there is no valid production schedule." />
  <Value Id="102" Name="Health problem period" Description="Period of time of health problem." />
  <Value Id="103" Name="Closing date/time for breakbulk STORO" Description="Date/time on which delivering period for breakbulk STORO cargo ends (STORO = Stowing on Roll on-Roll off vessel)." />
  <Value Id="104" Name="Closing date/time for container RO-RO" Description="Date/time on which delivering period for container Roll on-Roll off (RO-RO) cargo ends." />
  <Value Id="105" Name="Starting date/time for breakbulk STORO" Description="Date/time on which delivering period for breakbulk STORO cargo starts (STORO = Stowing on Roll on-Roll off vessel)." />
  <Value Id="106" Name="Starting date/time for container RO-RO" Description="Date/time on which delivering period for container Roll on-Roll off (RO-RO) cargo starts." />
  <Value Id="107" Name="Deposit date/time" Description="The date/time on which a deposit was made." />
  <Value Id="108" Name="Postmark date/time" Description="An official mark stamped on a letter identifying date/time of dispatch or arrival." />
  <Value Id="109" Name="Receive at lockbox date" Description="The date on which a financial institution, serving as collection agency for a company located in another part of the country, collects an amount of money on behalf of that company." />
  <Value Id="110" Name="Ship date, originally scheduled" Description="The date on which the shipment of goods was originally scheduled." />
  <Value Id="111" Name="Manifest/ship notice date" Description="The date of issuance of a manifest or ship notice." />
  <Value Id="112" Name="First interest-bearing date" Description="The first date from which interest is borne." />
  <Value Id="113" Name="Sample required date" Description="Date as of a sample has to be available customer defined." />
  <Value Id="114" Name="Tooling required date" Description="Date as of a tool has to be available customer defined." />
  <Value Id="115" Name="Sample available date" Description="Date as of a sample will be available seller defined." />
  <Value Id="116" Name="Equipment return period, expected" Description="Period until which equipment is expected to be hired." />
  <Value Id="117" Name="Delivery date/time, first" Description="First possible date/time for delivery." />
  <Value Id="118" Name="Cargo booking confirmed date/time" Description="Date/time at which the cargo booking has been accepted by the carrier." />
  <Value Id="119" Name="Test completion date" Description="Date when a test has been completed." />
  <Value Id="120" Name="Last interest-bearing date" Description="The last date from which interest is borne." />
  <Value Id="121" Name="Entry date" Description="Date of entry." />
  <Value Id="122" Name="Contract completion date" Description="The date a contract is completed." />
  <Value Id="123" Name="Documentary credit expiry date/time" Description="(2211) The latest date/time for presentation of the documents to the bank where the credit expires." />
  <Value Id="124" Name="Despatch note document issue date time" Description="[2219] Issue date of a despatch note." />
  <Value Id="125" Name="Import permit issue date time" Description="[2293] Date of issue of an import licence." />
  <Value Id="126" Name="Contract document issue date time" Description="[2327] Date on which a contract is issued." />
  <Value Id="127" Name="Previous report date" Description="Date of the previous report." />
  <Value Id="128" Name="Delivery date/time, last" Description="Date when the last delivery should be or has been accomplished." />
  <Value Id="129" Name="Exportation date" Description="[2043] Date when the imported vessel/merchandise last left the country of export for the country of import." />
  <Value Id="130" Name="Current report date" Description="Date of the current report." />
  <Value Id="131" Name="Tax point date time" Description="[2221] Date on which tax is due or calculated." />
  <Value Id="132" Name="Transport means arrival date time, estimated" Description="[2349] Date and or time of the estimated arrival of means of transport." />
  <Value Id="133" Name="Transport means departure date/time, estimated" Description="Date/time when carrier estimates that a means of transport should depart at the place of departure." />
  <Value Id="134" Name="Rate of exchange date/time" Description="Date/time on which the exchange rate was fixed." />
  <Value Id="135" Name="Telex date" Description="Date identifying when a telex message was sent." />
  <Value Id="136" Name="Transport means departure date time, actual" Description="[2281] Date and or time of the departure of a means of transport." />
  <Value Id="137" Name="Document issue date time" Description="[2007] Date that a document was issued and when appropriate, signed or otherwise authenticated." />
  <Value Id="138" Name="Payment availability date time" Description="[2035] Date that an amount due becomes available to a creditor under the terms of payment." />
  <Value Id="139" Name="Property mortgage date, start" Description="The date the mortgage on a piece of property begins." />
  <Value Id="140" Name="Payment due date" Description="Date/time at which funds should be made available." />
  <Value Id="141" Name="Customs declaration document lodgement date time" Description="[2033] Presentation date of a declaration to customs." />
  <Value Id="142" Name="Labour wage determination date" Description="The date a labour wage is determined." />
  <Value Id="143" Name="Consignment acceptance date time, actual" Description="[2127] Actual date and optionally time when a consignment of goods is taken over by the carrier at the place of acceptance." />
  <Value Id="144" Name="Quota date" Description="Date that the quota applies to." />
  <Value Id="145" Name="Event date" Description="A date specifying an event." />
  <Value Id="146" Name="Entry date, estimated (Customs)" Description="Date on which the official date of Customs entry is anticipated." />
  <Value Id="147" Name="Export permit effective end date time" Description="[2079] Date on which an export licence expires." />
  <Value Id="148" Name="Goods declaration document acceptance date time" Description="[2037] Date on which a Goods declaration has been or will be accepted by Customs in accordance with Customs legislation." />
  <Value Id="149" Name="Invoice date, required" Description="Date required for invoice issue." />
  <Value Id="150" Name="Declaration/presentation date" Description="Date when item has been or has to be declared/presented." />
  <Value Id="151" Name="Importation date" Description="Date on which goods are imported, as determined by the governing Customs administration." />
  <Value Id="152" Name="Exportation date for textiles" Description="Date when imported textiles last left the country of origin for the country of importation." />
  <Value Id="153" Name="Cancellation date/time, latest" Description="The latest date/time on which cancellation of the payment order may be requested." />
  <Value Id="154" Name="Acceptance date of document" Description="The date on which a document was accepted." />
  <Value Id="155" Name="Accounting period start date" Description="The first date of an accounting period." />
  <Value Id="156" Name="Accounting period end date" Description="The last date of an accounting period." />
  <Value Id="157" Name="Validity start date" Description="The first date of a period for which something is valid." />
  <Value Id="158" Name="Horizon start date" Description="The first date of a period forming a horizon." />
  <Value Id="159" Name="Horizon end date" Description="The last date of a period forming a horizon." />
  <Value Id="160" Name="Authorization date" Description="Date when an authorization was given." />
  <Value Id="161" Name="Release date of customer" Description="Date the customer authorised the goods' release." />
  <Value Id="162" Name="Release date of supplier" Description="Date when the supplier released goods." />
  <Value Id="163" Name="Processing start date/time" Description="Date/Time when a specific process starts." />
  <Value Id="164" Name="Processing end date/time" Description="Date/Time when a specific process ends." />
  <Value Id="165" Name="Tax period start date" Description="Date when a tax period begins." />
  <Value Id="166" Name="Tax period end date" Description="Date when a tax period ends." />
  <Value Id="167" Name="Charge period start date" Description="The charge period's first date." />
  <Value Id="168" Name="Charge period end date" Description="The charge period's last date." />
  <Value Id="169" Name="Lead time" Description="Time required between order entry till earliest goods delivery." />
  <Value Id="170" Name="Settlement due date" Description="More generic than 'payment due date' and therefore more apt for reinsurance/insurance business." />
  <Value Id="171" Name="Reference date/time" Description="Date/time on which the reference was issued." />
  <Value Id="172" Name="Hired from date" Description="Date from which an item has been or will be hired." />
  <Value Id="173" Name="Hired until date" Description="Date until which an item has been or will be hired." />
  <Value Id="174" Name="Advise after date/time" Description="The information must be advised after the date/time indicated." />
  <Value Id="175" Name="Advise before date/time" Description="The information must be advised before the date/time indicated." />
  <Value Id="176" Name="Advise completed date/time" Description="The advise has been completed at the date indicated." />
  <Value Id="177" Name="Advise on date/time" Description="The information must be advised on the date/time indicated." />
  <Value Id="178" Name="Transport means arrival date time, actual" Description="[2107] Date and or time of the arrival of means of transport." />
  <Value Id="179" Name="Booking date/time" Description="Date at which the booking was made." />
  <Value Id="180" Name="Closing date/time" Description="Final date for delivering cargo to a liner ship." />
  <Value Id="181" Name="Positioning date/time of equipment" Description="Date/time when equipment is positioned." />
  <Value Id="182" Name="Issue date" Description="Date when a document/message has been or will be issued." />
  <Value Id="183" Name="Date, as at" Description="Date related to a given context." />
  <Value Id="184" Name="Notification date/time" Description="Date/time of notification." />
  <Value Id="185" Name="Commenced tank cleaning date/time" Description="The date/and or time tank cleaning was started." />
  <Value Id="186" Name="Transport means departure date/time, actual" Description="(2280) Date (and time) of departure of means of transport." />
  <Value Id="187" Name="Authentication date/time of document" Description="Date/time when the document is signed or otherwise authenticated." />
  <Value Id="188" Name="Previous current account date" Description="Date of the previous current account." />
  <Value Id="189" Name="Transport means departure date/time, scheduled" Description="Date (and time) of scheduled departure of means of transport." />
  <Value Id="190" Name="Transhipment date/time" Description="Date and time of the transfer of the goods from one means of transport to another." />
  <Value Id="191" Name="Delivery date/time, expected" Description="Date/time on which goods are expected to be delivered." />
  <Value Id="192" Name="Expiration date/time of customs document" Description="Date on which validity of a customs document expires." />
  <Value Id="193" Name="Execution date" Description="The date when ordered bank initiated the transaction." />
  <Value Id="194" Name="Start date/time" Description="Date/time on which a period starts." />
  <Value Id="195" Name="Import permit effective end date time" Description="[2273] Date on which the validity of an import licence expires." />
  <Value Id="196" Name="Transport means departure date/time, earliest" Description="Date/time of earliest departure of means of transport." />
  <Value Id="197" Name="Lay-time first day" Description="First of a number of days allowed in a charter party of the loading and discharging of cargo." />
  <Value Id="198" Name="Lay-time last day" Description="Last of a number of days allowed in a charter party for the loading and discharging of cargo." />
  <Value Id="199" Name="Positioning date/time of goods" Description="The date and/or time the goods have to be or have been positioned." />
  <Value Id="200" Name="Cargo pick-up date / time" Description="Date/time at which the cargo is picked up. Synonym: collected." />
  <Value Id="201" Name="Equipment pick-up date / time" Description="Date/time at which the equipment is picked up." />
  <Value Id="202" Name="Posting date" Description="The date when an entry is posted to an account." />
  <Value Id="203" Name="Execution date/time, requested" Description="The date/time on which the ordered bank is requested to initiate the payment order, as specified by the originator (e.g. the date of the debit)." />
  <Value Id="204" Name="Release date (Customs)" Description="Date on which Customs releases merchandise to the carrier or importer." />
  <Value Id="205" Name="Settlement date" Description="Date for settlement of financial transaction e.g. foreign exchange securities." />
  <Value Id="206" Name="End date/time" Description="Date/time on which a period (from - to) ends." />
  <Value Id="207" Name="Commenced pumping ballast date/time" Description="Date/time on which the intake of materials to be carried to improve the trim and the stability of the means of transport, was commenced." />
  <Value Id="208" Name="Transport means departure date/time, ultimate" Description="Date/time at which a means of transport has to depart ultimately." />
  <Value Id="209" Name="Value date" Description="Date on which the funds are at the disposal of the beneficiary or cease to be at the disposal of the ordering customer." />
  <Value Id="210" Name="Reinsurance current account period" Description="The date of the current reinsurance account." />
  <Value Id="211" Name="360/30" Description="Calculation is based on year of 360 days, month of 30 days." />
  <Value Id="212" Name="360/28-31" Description="Calculation is based on year of 360 days, month of 28-31 days." />
  <Value Id="213" Name="365-6/30" Description="Calculation is based on year of 365-6 days, month of 30 days." />
  <Value Id="214" Name="365-6/28-31" Description="Calculation is based on year of 365-6 days, month of 28- 31 days." />
  <Value Id="215" Name="365/28-31" Description="Calculation is based on year of 365 days, month of 28-31 days." />
  <Value Id="216" Name="365/30" Description="Calculation is based on year of 365 days, month of 30 days." />
  <Value Id="217" Name="From date of award to latest delivery" Description="Lead time to determine the latest date a delivery can be made based on the date an award is made." />
  <Value Id="218" Name="Authentication/validation date/time" Description="The date/time of authentication and/or validation." />
  <Value Id="219" Name="Crossborder date/time" Description="Date/time at which goods are transferred across a country border." />
  <Value Id="220" Name="Property mortgage scheduled date, end" Description="The date the mortgage on a piece of property is scheduled to end." />
  <Value Id="221" Name="Interest period" Description="Number of days used for the calculation of interests." />
  <Value Id="222" Name="Presentation date, latest" Description="Latest date for presentation of a document." />
  <Value Id="223" Name="Delivery date/time, deferred" Description="New date and time of delivery calculated on basis of a consignee's requirement (chargeable)." />
  <Value Id="224" Name="Permit to admit date" Description="Date on which permission was granted to move merchandise into a bonded warehouse or free trade zone." />
  <Value Id="225" Name="Certification of weight date/time" Description="Date/time at which the carrier proceeds to the weighting of the goods." />
  <Value Id="226" Name="Discrepancy date/time" Description="Date/time at which a discrepancy has been found." />
  <Value Id="227" Name="Beneficiary's banks due date" Description="Date on which funds should be made available to the beneficiary's bank." />
  <Value Id="228" Name="Debit value date, requested" Description="Date on which the account owner wants the debit value to his account." />
  <Value Id="229" Name="Hoses connected date/time" Description="The date and/or time hoses were connected." />
  <Value Id="230" Name="Hoses disconnected date/time" Description="The date and/or time hoses were disconnected." />
  <Value Id="231" Name="Transport means arrival date/time, earliest" Description="Date/time of earliest arrival of means of transport." />
  <Value Id="232" Name="Transport means arrival date/time, scheduled" Description="Date (and time) of scheduled arrival of means of transport." />
  <Value Id="233" Name="Transport means arrival date/time, ultimate" Description="Date (and time) of ultimate arrival of means of transport." />
  <Value Id="234" Name="Collection date/time, earliest" Description="The transport order may be issued before the goods are ready for picking up. This date/time indicates from when on the carrier can have access to the consignment." />
  <Value Id="235" Name="Collection date/time, latest" Description="In relation with the arrangements agreed between buyer and seller or between sender and main transport it may be necessary to specify the latest collection date/time." />
  <Value Id="236" Name="Completed pumping ballast date/time" Description="Date/time at which the intake of materials, to be carried to improve the trim and the stability of the means of transport, was completed." />
  <Value Id="237" Name="Completed tank cleaning date/time" Description="The date and/or time tank cleaning was completed." />
  <Value Id="238" Name="Tanks accepted date/time" Description="The date and/or time the tanks are to be or have been accepted." />
  <Value Id="239" Name="Tanks inspected date/time" Description="The date and/or time the tanks are to be or have been inspected." />
  <Value Id="240" Name="Reinsurance accounting period" Description="To identify a reinsurance account period via start and end dates. Note: 1. This period is not the same as &quot;reinsurance current account period&quot;." />
  <Value Id="241" Name="From date of award to earliest delivery" Description="Lead time to determine the earliest date a delivery can be made based on the date an award is made." />
  <Value Id="242" Name="Preparation date/time of document" Description="Date and/or time that the document was prepared." />
  <Value Id="243" Name="Transmission date/time of document" Description="The date/time at which a document was transmitted." />
  <Value Id="244" Name="Settlement date, planned" Description="The date for which settlement is planned." />
  <Value Id="245" Name="Underwriting year" Description="Year in which the treaty was commenced." />
  <Value Id="246" Name="Accounting year" Description="Year considered for accounting of the treaty or portion of the treaty." />
  <Value Id="247" Name="Year of occurrence" Description="Year in which a specific event (e.g. a loss) took place." />
  <Value Id="248" Name="Loss" Description="Date, time, period on which a referenced loss occurred." />
  <Value Id="249" Name="Cash call date" Description="Date on which a cash call was made for a loss suffered and covered." />
  <Value Id="250" Name="Re-exportation date" Description="Date of re-exportation." />
  <Value Id="251" Name="Re-importation date" Description="Date of re-importation." />
  <Value Id="252" Name="Arrival date/time at initial port" Description="Date/time that the conveyance arrives at the initial port in the country of destination." />
  <Value Id="253" Name="Departure date/time from last port of call" Description="Date/time that conveyance departed from the last foreign port of call." />
  <Value Id="254" Name="Registration date of previous Customs declaration" Description="Registration date of the Customs declaration for the previous Customs procedure either in the same or another country." />
  <Value Id="255" Name="Availability due date" Description="Date when ordered items should be available at a specified location." />
  <Value Id="256" Name="From date of award to completion" Description="Lead time to determine the completion date of an effort based on the date an award is made." />
  <Value Id="257" Name="Calculation date time" Description="[2253] Date on which the calculation was made." />
  <Value Id="258" Name="Guarantee date" Description="Date when a guarantee is placed." />
  <Value Id="259" Name="Conveyance registration date" Description="Date when a vessel, vehicle or other means of transport was registered by a competent authority." />
  <Value Id="260" Name="Valuation date (Customs)" Description="Date when Customs valuation was made." />
  <Value Id="261" Name="Release date/time" Description="Date/time assigned to identify the release of a set of rules, conditions, conventions, productions, etc." />
  <Value Id="262" Name="Closure date/time/period" Description="Date/time/period when an enterprise is closed." />
  <Value Id="263" Name="Invoicing period" Description="Period for which an invoice is issued." />
  <Value Id="264" Name="Release frequency" Description="Frequency of a release." />
  <Value Id="265" Name="Due date" Description="The date on which some action should occur." />
  <Value Id="266" Name="Validation date" Description="The date on which something was made valid, ratified or confirmed." />
  <Value Id="267" Name="Rate/price date/time" Description="Date/time on which a rate/price is determined." />
  <Value Id="268" Name="Transit time/limits" Description="The time to go over a distance." />
  <Value Id="269" Name="Discharge date/time, started" Description="Date/time when discharge operations were started." />
  <Value Id="270" Name="Ship during date" Description="The date identifying the period during or in which the goods should be shipped." />
  <Value Id="271" Name="Ship on or about date" Description="Date on or about which goods should be shipped." />
  <Value Id="272" Name="Documentary credit presentation period" Description="The specification of the period of time, expressed in number of days, after the date of issuance of the transport document(s) within which the documents must be presented." />
  <Value Id="273" Name="Validity period" Description="Dates (from/to)/period referenced documents are valid." />
  <Value Id="274" Name="From date of order receipt to sample ready" Description="Lead time is the defined timespan." />
  <Value Id="275" Name="From date of tooling authorization to sample ready" Description="Lead time is the defined timespan." />
  <Value Id="276" Name="From date of receipt of tooling aids to sample ready" Description="Lead time is the defined timespan." />
  <Value Id="277" Name="From date of sample approval to first product shipment" Description="Lead time is the defined timespan." />
  <Value Id="278" Name="From date of order receipt to shipment" Description="Lead time is the defined timespan." />
  <Value Id="279" Name="From date of order receipt to delivery" Description="Lead time is the defined timespan." />
  <Value Id="280" Name="From last booked order to delivery" Description="Lead time is the defined timespan." />
  <Value Id="281" Name="Date of order lead time" Description="Lead time is referenced to the date of order." />
  <Value Id="282" Name="Confirmation date lead time" Description="Lead time is referenced to the date of confirmation." />
  <Value Id="283" Name="Arrival date/time of transport lead time" Description="Lead time is referenced to the date a transport will arrive or has arrived." />
  <Value Id="284" Name="Before inventory is replenished based on stock check lead time" Description="Lead time is the defined timespan." />
  <Value Id="285" Name="Invitation to tender date/time" Description="Date/time on which the invitation to tender has been made available to relevant parties." />
  <Value Id="286" Name="Tender submission date/time" Description="Date/time on which the tender was submitted." />
  <Value Id="287" Name="Contract award date/time" Description="Date/time on which the contract is awarded to a tenderer." />
  <Value Id="288" Name="Price base date/time" Description="Base date/time of prices." />
  <Value Id="289" Name="Interest rate validity period" Description="Validity period of the interest rate." />
  <Value Id="290" Name="Contractual start date/time" Description="Date/time on which activities stated in the contract must start." />
  <Value Id="291" Name="Start date/time, planned" Description="The date/time for which something is planned to begin or commence." />
  <Value Id="292" Name="Works completion date/time, planned" Description="The date/time for the completion of building or repair operations is planned." />
  <Value Id="293" Name="Works completion date/time, actual" Description="The actual date/time for the completion of building or repair operations." />
  <Value Id="294" Name="Hand over date/time, planned" Description="Date/time on which hand over (i.e. the transfer of responsibility for an object or activity such as documentation, system etc. from one party to another) is planned to take place." />
  <Value Id="295" Name="Hand over date/time, actual" Description="Date/time on which hand over (i.e. the transfer of responsibility for an object or activity such as documentation, system etc. from one party to another) actually takes place." />
  <Value Id="296" Name="Retention release date/time" Description="Date/time on which the retention is released." />
  <Value Id="297" Name="Retention release date/time, partial" Description="Date/time on which the retention is partially released." />
  <Value Id="298" Name="Goods pick-up date / time, planned" Description="Date/time at which goods can be picked up, according to a plan." />
  <Value Id="299" Name="Price adjustment start date" Description="Value date of the indexes appearing as denominators in a price adjustment formula." />
  <Value Id="300" Name="Price adjustment limit date" Description="Limit value date of indexes used as numerators in a price adjustment formula." />
  <Value Id="301" Name="Value date of index" Description="Date of validity of index values." />
  <Value Id="302" Name="Publication date" Description="The date of the act of making something publicly known." />
  <Value Id="303" Name="Escalation date" Description="Value date of indexes appearing as numerators in an escalation formula." />
  <Value Id="304" Name="Price adjustment date" Description="Value date of indexes appearing as numerators in a price adjustment formula." />
  <Value Id="305" Name="Latest price adjustment date" Description="Date on which the latest price adjustment took place." />
  <Value Id="306" Name="Work period" Description="Period of execution of works." />
  <Value Id="307" Name="Payment instruction date/time" Description="Date/time on which a payment instruction was given." />
  <Value Id="308" Name="Payment valuation presentation date/time" Description="Date/time on which the payment valuation is presented." />
  <Value Id="309" Name="Banks' value date" Description="Date on which the funds are at the disposal of the receiving bank or cease to be at the disposal of the sending bank." />
  <Value Id="310" Name="Received date/time" Description="Date/time of receipt." />
  <Value Id="311" Name="On" Description="Fixed maturity day for deferred payment or time draft(s)." />
  <Value Id="312" Name="Ship not before and not after date/time" Description="Shipment(s) of goods is/are to be made not before the first specified date/time and not after the second specified date/time." />
  <Value Id="313" Name="Order to proceed date" Description="Issue date of an instruction to start work." />
  <Value Id="314" Name="Planned duration of works" Description="The period of time planned for the completion of building or repair operations." />
  <Value Id="315" Name="Agreement to pay date" Description="Date on which the debtor agreed to pay." />
  <Value Id="316" Name="Valuation date/time" Description="Date/time of valuation." />
  <Value Id="317" Name="Reply date" Description="The date to answer or to respond in word or action." />
  <Value Id="318" Name="Request date" Description="The date on which something was asked for." />
  <Value Id="319" Name="Customer value date" Description="Date at which funds are taken into account for interest calculation (in debit or credit)." />
  <Value Id="320" Name="Declaration reference period" Description="Reference period of a set of items reported on the same declaration." />
  <Value Id="321" Name="Promotion date/period" Description="Date/period relevant for specific promotion activities." />
  <Value Id="322" Name="Accounting period" Description="A period of time for the recording of financial transactions for accounting." />
  <Value Id="323" Name="Horizon period" Description="Period forming a (planning) horizon." />
  <Value Id="324" Name="Processing date/period" Description="Date/period a specific process happened/will happen." />
  <Value Id="325" Name="Tax period" Description="Period a tax rate/tax amount etc. is applicable." />
  <Value Id="326" Name="Charge period" Description="Period a specified charge is valid for." />
  <Value Id="327" Name="Instalment payment due date" Description="Date on which an instalment payment is due." />
  <Value Id="328" Name="Payroll deduction date/time" Description="Date/time of a monetary deduction made from the salary of a person on a payroll." />
  <Value Id="329" Name="Person birth date time" Description="[2491] Date on which an individual is or was born." />
  <Value Id="330" Name="Joined employer date" Description="Date when a person joins an employer." />
  <Value Id="331" Name="Contributions ceasing date/time" Description="Date/time when contributions cease." />
  <Value Id="332" Name="Contribution period end date/time" Description="Date/time when a contribution period ends." />
  <Value Id="333" Name="Part-time working change date/time" Description="Date/time when the proportion of part-time work changes." />
  <Value Id="334" Name="Status change date/time" Description="Date/time when a status changes." />
  <Value Id="335" Name="Contribution period start date/time" Description="Date/time when a contribution period commences." />
  <Value Id="336" Name="Salary change effective date" Description="Date when a change in salary becomes effective." />
  <Value Id="337" Name="Left employer date" Description="Date when a person leaves an employer." />
  <Value Id="338" Name="Benefit change date/time" Description="Date/time when a benefit provided by a service provider is changed." />
  <Value Id="339" Name="Category change date/time" Description="Date/time when a change of category is made." />
  <Value Id="340" Name="Joined fund date/time" Description="Date/time when a person joins a fund." />
  <Value Id="341" Name="Waiting time" Description="The period of time between the moment at which one wants an activity to begin and the moment at which this activity can actually begin." />
  <Value Id="342" Name="Consignment loading date time" Description="[2347] Date and optionally time when a consignment is to be or has been loaded onto a means of transport." />
  <Value Id="343" Name="Date/time of discount termination" Description="Date/time when the deduction from an amount comes to an end." />
  <Value Id="344" Name="Date/time of interest due" Description="Date/time when the interest has to be paid." />
  <Value Id="345" Name="Days of operation" Description="Week days of operation." />
  <Value Id="346" Name="Latest check-in time" Description="Latest time of check-in." />
  <Value Id="347" Name="Slaughtering start date" Description="Date on which slaughtering commenced." />
  <Value Id="348" Name="Packing start date" Description="Date on which packing commenced." />
  <Value Id="349" Name="Packing end date" Description="Date on which packing completed." />
  <Value Id="350" Name="Test start date" Description="Date when a test has been started." />
  <Value Id="351" Name="Inspection date" Description="Date of inspection." />
  <Value Id="352" Name="Slaughtering end date" Description="Date on which slaughtering completed." />
  <Value Id="353" Name="Accounting transaction date" Description="Date to which an accounting transaction refers." />
  <Value Id="354" Name="Activity period date range" Description="A specific date range associated with an activity." />
  <Value Id="355" Name="Contractual delivery date" Description="The date of delivery contractually agreed between parties." />
  <Value Id="356" Name="Sales date, and or time, and or period" Description="The date, and or time, and or period on which a sale took place." />
  <Value Id="357" Name="Cancel if not published by this date" Description="Cancel if not published by this date." />
  <Value Id="358" Name="Scheduled for delivery on or after" Description="Scheduled for delivery on or after the specified date, and or time." />
  <Value Id="359" Name="Scheduled for delivery on or before" Description="Scheduled for delivery on or before specified date and or time." />
  <Value Id="360" Name="Sell by date" Description="The date by which a product should be sold." />
  <Value Id="361" Name="Product best before date time" Description="[2497] Indication that freshness of goods is limited in time to the date shown." />
  <Value Id="362" Name="End availability date" Description="The end date of availability." />
  <Value Id="363" Name="Total shelf life period" Description="A period indicating the total shelf life of a product." />
  <Value Id="364" Name="Minimum shelf life remaining at time of despatch period" Description="Period indicating the minimum shelf life remaining for a product at the time of leaving the supplier." />
  <Value Id="365" Name="Packaging date" Description="The date on which the packaging of a product took place." />
  <Value Id="366" Name="Inventory report date" Description="Date on which a inventory report is made." />
  <Value Id="367" Name="Meter reading date, previous" Description="Date on which the previous reading of a meter took place." />
  <Value Id="368" Name="Meter reading date, latest" Description="Date on which the latest reading of a meter took place." />
  <Value Id="369" Name="Date and or time of handling, estimated" Description="The date and or time when the handling action is estimated to take place." />
  <Value Id="370" Name="Date when container equipment becomes domestic" Description="The date on which foreign-built container equipment has entered into the commerce of another country and has become domestic equipment." />
  <Value Id="371" Name="Hydrotest date" Description="The date equipment has been hydrotested." />
  <Value Id="372" Name="Equipment pre-trip date" Description="The date on which equipment is pre-tripped." />
  <Value Id="373" Name="Mooring, date and time" Description="Date and time of mooring." />
  <Value Id="374" Name="Road fund tax expiry date" Description="The date of expiry of the road fund tax." />
  <Value Id="375" Name="Date of first registration" Description="Date of first registration." />
  <Value Id="376" Name="Biannual terminal inspection date" Description="The date on which a biannual inspection of a terminal has taken or will take place." />
  <Value Id="377" Name="Federal HighWay Administration (FHWA) inspection date" Description="The date on which container equipment is to be or has been inspected in accordance with the requirements of the U.S. Federal Highway Administration." />
  <Value Id="378" Name="Container Safety Convention (CSC) inspection date" Description="The date on which container equipment is to be or has been inspected as per the Container Safety Convention (CSC)." />
  <Value Id="379" Name="Periodic inspection date" Description="The date on which a periodic inspection has to take place." />
  <Value Id="380" Name="Drawing revision date" Description="Date the drawing revision has been allocated to a design." />
  <Value Id="381" Name="Product lifespan at time of production" Description="The total lifespan of a product at the time of its production." />
  <Value Id="382" Name="Earliest sale date" Description="The earliest date on which the product may be made available for sale." />
  <Value Id="383" Name="Cancel if not shipped by this date" Description="Cancel the order if goods not shipped by this date." />
  <Value Id="384" Name="Previous invoice date" Description="Indicates the date which was allocated to a previous invoice." />
  <Value Id="385" Name="Payment cancelled, violation of agreement" Description="Date/time when a payment is cancelled due to the fact that the transaction does not comply with the agreement." />
  <Value Id="386" Name="Payment cancelled due to administrative error" Description="Date/time when a payment is cancelled due to an administrative error." />
  <Value Id="387" Name="Repair turnaround time" Description="Provides the period of time necessary to turnaround a given repair." />
  <Value Id="388" Name="Order amendment binding date" Description="The date when an order amendment becomes binding for both parties." />
  <Value Id="389" Name="Cure time" Description="Specifies the length of time that an article was or should be cured." />
  <Value Id="390" Name="From date of award to delivery" Description="Lead time to determine the delivery date based on the date an award is made." />
  <Value Id="391" Name="From date of receipt of item to approval" Description="Lead time to determine the date an item will be approved based on the date the item was received." />
  <Value Id="392" Name="Equipment pick-up date / time, earliest" Description="Earliest date/time at which the equipment can be picked up." />
  <Value Id="393" Name="Equipment pick-up date / time, planned" Description="Date/time at which equipment can be picked up, either full or empty, according to a plan." />
  <Value Id="394" Name="Equipment positioning date/time, actual" Description="Date/time on which equipment was actually positioned (delivered)." />
  <Value Id="395" Name="Equipment positioning date/time, estimated" Description="Date/time on which equipment is estimated to be positioned (delivered)." />
  <Value Id="396" Name="Equipment positioning date/time, requested" Description="Date/time on which equipment is requested to be positioned (delivered)." />
  <Value Id="397" Name="Equipment positioning date/time, ultimate" Description="Date/time on which equipment should be positioned (delivered) at the latest." />
  <Value Id="398" Name="Goods collection or pick-up date/time, planned" Description="Date/time at which goods can be picked up, according to a planning." />
  <Value Id="399" Name="Goods positioning date/time, expected" Description="Date/time on which goods are expected to be positioned." />
  <Value Id="400" Name="Cargo release date/time, ultimate" Description="Ultimate date/time at which goods or equipment should be released." />
  <Value Id="401" Name="Container Safety Convention (CSC) plate expiration date" Description="Date on which the validity of a Container Safety Convention (CSC) plate expires." />
  <Value Id="402" Name="Document received date/time" Description="Date/time on which the document was actually received." />
  <Value Id="403" Name="Discharge date/time, actual" Description="Date/time when the specified goods or transport equipment has or have been discharged from the means of transport." />
  <Value Id="404" Name="Transport means loading date/time, actual" Description="Date/time when the specified goods or transport equipment has or have been loaded in or on the means of transport." />
  <Value Id="405" Name="Equipment pick-up date / time, actual" Description="Date/time on which the equipment was actually collected." />
  <Value Id="406" Name="Goods positioning date/time, planned" Description="The date/time on which the goods will be positioned according to a planning." />
  <Value Id="407" Name="Document requested date/time" Description="Date/time on which the document is requested by a party." />
  <Value Id="408" Name="Expected container hire from date/time" Description="Estimated date and time when the containers are expected to go on-hire." />
  <Value Id="409" Name="Order completion date/time, ultimate" Description="Date/time on which the order should be completed at the latest." />
  <Value Id="410" Name="Equipment repair ready date/time, ultimate" Description="Ultimate date/time on which a piece of equipment must be repaired." />
  <Value Id="411" Name="Container stuffing date/time, ultimate" Description="Date/time on which the container stuffing should be completed at the latest." />
  <Value Id="412" Name="Container stripping date/time, ultimate" Description="Date/time on which the container stripping should be completed at the latest." />
  <Value Id="413" Name="Discharge and loading completed date/time" Description="Date/time when all discharge and loading operations on the transport means have been completed." />
  <Value Id="414" Name="Equipment stock check date/time" Description="Date/time on which equipment has been ascertained as being in stock." />
  <Value Id="415" Name="Activity reporting date" Description="The date applicable to the activity being reported." />
  <Value Id="416" Name="Submission date" Description="The date of a submission." />
  <Value Id="417" Name="Previous booking date/time" Description="Date/time at which the previous booking was made." />
  <Value Id="418" Name="Minimum shelf life remaining at time of receipt" Description="The minimum shelf life remaining at the time of receipt." />
  <Value Id="419" Name="Forecast period" Description="A period for which a forecast applies." />
  <Value Id="420" Name="Unloaded, date and time" Description="To report the date and time that an unloading action occurred." />
  <Value Id="421" Name="Estimated acceptance date" Description="To estimate the date of acceptance." />
  <Value Id="422" Name="Documentary credit issue date" Description="The date the documentary credit has been issued." />
  <Value Id="423" Name="First date of ordering" Description="The first date on which ordering may take place." />
  <Value Id="424" Name="Last date of ordering" Description="The last date on which ordering may take place." />
  <Value Id="425" Name="Original posting date" Description="Date when the entry was originally posted." />
  <Value Id="426" Name="Reinsurance payment frequency" Description="The frequency of payments of reinsurance premiums." />
  <Value Id="427" Name="Adjusted age" Description="The adjusted age used for purposes of calculation." />
  <Value Id="428" Name="Original issue age" Description="The original issue age." />
  <Value Id="429" Name="Coverage duration" Description="The period coverage has been in force." />
  <Value Id="430" Name="Coverage issue date" Description="Date from which the anniversary coverage is measured." />
  <Value Id="431" Name="Flat extra period" Description="Period for charging the additional extra." />
  <Value Id="432" Name="Paid to date" Description="Date to which payments have been paid." />
  <Value Id="433" Name="Reinsurance coverage duration" Description="The period for which reinsurance coverage has been in force." />
  <Value Id="434" Name="Maturity date" Description="Date at which maturity occurs." />
  <Value Id="435" Name="Reinsurance issue age" Description="The actual or equivalent age at time of issue." />
  <Value Id="436" Name="Reinsurance paid-up date" Description="The date up to which the reinsurance has been paid." />
  <Value Id="437" Name="Benefit period" Description="The period of time for which benefits are provided." />
  <Value Id="438" Name="Disability wait period" Description="The period of time the insured must be disabled before reinsurance coverage becomes effective." />
  <Value Id="439" Name="Deferred Period" Description="The period of time for which an activity has been postponed." />
  <Value Id="440" Name="Documentary credit amendment date" Description="Date of amendment of a documentary credit." />
  <Value Id="441" Name="Last on hire date" Description="Date the item was last placed on hire." />
  <Value Id="442" Name="Last off hire date" Description="Date the item was last returned from hire." />
  <Value Id="443" Name="Direct interchange date" Description="Date the item was directly interchanged." />
  <Value Id="444" Name="Approval date" Description="Date of approval." />
  <Value Id="445" Name="Original estimate date" Description="The date of the original estimate." />
  <Value Id="446" Name="Revised estimate date" Description="The date the estimate was revised." />
  <Value Id="447" Name="Creditor's requested value date" Description="Date on which the creditor requests to be credited." />
  <Value Id="448" Name="Referenced item creation date" Description="Creation date of referenced item." />
  <Value Id="449" Name="Date for the last update" Description="Date for the last update." />
  <Value Id="450" Name="Opening date" Description="Date of opening." />
  <Value Id="451" Name="Source document capture date" Description="Date source document data is entered into a business application." />
  <Value Id="452" Name="Trial balance period" Description="Period covered by the trial balance." />
  <Value Id="453" Name="Date of source document" Description="The date of the source document." />
  <Value Id="454" Name="Accounting value date" Description="Date against which the entry has to be legally allocated." />
  <Value Id="455" Name="Expected value date" Description="Date on which the funds are expected to be at the disposal of the beneficiary." />
  <Value Id="456" Name="Chart of account period" Description="Period covered by the chart of account." />
  <Value Id="457" Name="Date of separation" Description="Date of marital separation." />
  <Value Id="458" Name="Date of divorce" Description="Date when two married persons are officially divorced." />
  <Value Id="459" Name="Date of marriage" Description="Date when two persons are married." />
  <Value Id="460" Name="Wage period, start date" Description="Date when a period of wage begins." />
  <Value Id="461" Name="Wage period, end date" Description="Date when a period of wage ends." />
  <Value Id="462" Name="Working period, start date" Description="Date when a period of work begins." />
  <Value Id="463" Name="Working period, end date" Description="Date when a period of work ends." />
  <Value Id="464" Name="Embarkation date and time" Description="Date and time at which crew and/or passengers board." />
  <Value Id="465" Name="Disembarkation date and time" Description="Date and time at which crew and/or passengers disembark." />
  <Value Id="466" Name="Time now date" Description="A time now date used for planning and scheduling purposes." />
  <Value Id="467" Name="Holiday" Description="A date or period that is a break from work." />
  <Value Id="468" Name="Non working" Description="To specify a non working date or period." />
  <Value Id="469" Name="Start date or time, earliest" Description="The earliest date or time for starting." />
  <Value Id="470" Name="Start date or time, latest" Description="The latest date or time for starting." />
  <Value Id="471" Name="Finish date or time, earliest" Description="The earliest date or time for finishing." />
  <Value Id="472" Name="Finish date or time, latest" Description="The latest date or time for finishing." />
  <Value Id="473" Name="Start date or time, mandatory" Description="The mandatory date or time for starting." />
  <Value Id="474" Name="Finish date or time, mandatory" Description="The mandatory date or time for finishing." />
  <Value Id="475" Name="Start date or time, actual" Description="The actual date or time for starting." />
  <Value Id="476" Name="Start date or time, estimated" Description="The estimated date or time for starting." />
  <Value Id="477" Name="Completion date or time, estimated" Description="The estimated date or time for completion." />
  <Value Id="478" Name="Start date or time, scheduled" Description="The scheduled date or time for starting." />
  <Value Id="479" Name="Completion date or time, scheduled" Description="The scheduled date or time for completion." />
  <Value Id="480" Name="Start date or time, not before" Description="The not before date or time for starting." />
  <Value Id="481" Name="Start date or time, not after" Description="The not after date or time for starting." />
  <Value Id="482" Name="Completion date or time, not before" Description="The not before date or time for completion." />
  <Value Id="483" Name="Completion date or time, not after" Description="The not after date or time for completion." />
  <Value Id="484" Name="Illness recovery date, expected" Description="Date when a person is expected to recover from illness." />
  <Value Id="485" Name="Period of illness, start date" Description="Date when a period of illness began." />
  <Value Id="486" Name="Period of illness, end date" Description="Date when a period of illness ends." />
  <Value Id="487" Name="Decease date" Description="Date when a person died." />
  <Value Id="488" Name="Benefit period, start date" Description="Date when a period of benefit begins." />
  <Value Id="489" Name="Benefit period, end date" Description="Date when a period of benefit ends." />
  <Value Id="490" Name="Selection period, start date" Description="Date when a period of selection begins." />
  <Value Id="491" Name="Selection period, end date" Description="Date when a period of selection ends." />
  <Value Id="492" Name="Balance date/time/period" Description="The date/time/period of a balance." />
  <Value Id="493" Name="Benefit payments termination date" Description="To identify the date on which benefit payments have ceased." />
  <Value Id="494" Name="Covered income period" Description="To identify the period over which covered income is measured." />
  <Value Id="495" Name="Current income period" Description="To identify the period over which current income is measured." />
  <Value Id="496" Name="Reinstatement date" Description="Identifies the date of reinstatement." />
  <Value Id="497" Name="Definition of disability duration" Description="To identify the period for which the definition of disability applies." />
  <Value Id="498" Name="Previous termination date" Description="Identifies the date of the previous termination." />
  <Value Id="499" Name="Premium change period" Description="To identify the period of the premium change." />
  <Value Id="500" Name="Off-hire survey date" Description="Date on which the equipment was surveyed at the end of the current leasing period." />
  <Value Id="501" Name="In service survey date" Description="Date of survey of equipment while in use." />
  <Value Id="502" Name="On hire survey date" Description="Date on which the equipment was surveyed at the beginning of the current leasing period." />
  <Value Id="503" Name="Production inspection date" Description="Date of production inspection." />
  <Value Id="504" Name="Overtime, start date" Description="Date when a period of overtime begins." />
  <Value Id="505" Name="Overtime, end date" Description="Date when a period of overtime ends." />
  <Value Id="506" Name="Back order delivery date/time/period" Description="The date/time/period during which the delivery of a back order will take, or has taken, place." />
  <Value Id="507" Name="Negotiations start date" Description="The date on which negotiations started." />
  <Value Id="508" Name="Work effective start date" Description="The date on which work will effectively start." />
  <Value Id="510" Name="Notification time limit" Description="The time limit which has been set for a notification to take place." />
  <Value Id="511" Name="Time limit" Description="The time limit in which an event must take place." />
  <Value Id="512" Name="Attendance date and or time and or period" Description="Date and or time and or period of attendance." />
  <Value Id="513" Name="Accident date and or time" Description="Date and or time when an accident occurred." />
  <Value Id="514" Name="Adoption date, actual" Description="Actual date when adoption occurs." />
  <Value Id="515" Name="Reimbursement claim issue date and or time" Description="Date and or time when a reimbursement claim is issued." />
  <Value Id="516" Name="Hospital admission date and or time" Description="Date and or time of admission to a hospital." />
  <Value Id="517" Name="Hospital discharge date and or time" Description="Date and or time of discharge from a hospital." />
  <Value Id="518" Name="Period of care start date and or time" Description="Date and or time when a period of care starts." />
  <Value Id="519" Name="Period of care end date and or time" Description="Date and or time when a period of care ends." />
  <Value Id="520" Name="Department admission date and or time" Description="Date and or time of admission to a department." />
  <Value Id="521" Name="Department discharge date and or time" Description="Date and or time of discharge from a department." />
  <Value Id="522" Name="Childbirth date and or time, actual" Description="Actual date and or time of childbirth." />
  <Value Id="523" Name="Prescription issue date and or time" Description="Date and or time when a prescription was issued." />
  <Value Id="524" Name="Prescription dispensing date and or time" Description="Date and or time when a prescription was dispensed." />
  <Value Id="525" Name="Clinical examination date and or time" Description="Date and or time of clinical examination." />
  <Value Id="526" Name="Death date and or time" Description="Date and or time of death." />
  <Value Id="527" Name="Childbirth date, estimated" Description="Estimated date of childbirth." />
  <Value Id="528" Name="Last menstrual cycle, start date" Description="Date when the last menstrual cycle started." />
  <Value Id="529" Name="Pregnancy duration, actual" Description="Actual duration of pregnancy." />
  <Value Id="530" Name="Fumigation date and/or time" Description="The date/or time on which fumigation is to occur or has taken place." />
  <Value Id="531" Name="Payment period" Description="A period of time in which a payment has been or will be made." />
  <Value Id="532" Name="Average delivery delay" Description="The average delay between deliveries." />
  <Value Id="533" Name="Budget line application date" Description="The date on which something has been applied to a budget line." />
  <Value Id="534" Name="Date of repair or service" Description="The date of a repair or service." />
  <Value Id="535" Name="Date of product failure" Description="The date the product failed." />
  <Value Id="536" Name="Review date" Description="Date the item was or will be reviewed." />
  <Value Id="537" Name="International review cycle start date" Description="Date the international review cycle starts." />
  <Value Id="538" Name="International assessment approval for publication date" Description="Date the Data Maintenance Request (DMR) was approved for publication after completing international review." />
  <Value Id="539" Name="Status assignment date" Description="Date a status was assigned." />
  <Value Id="540" Name="Instruction's original execution date" Description="Original execution date for the instruction." />
  <Value Id="541" Name="First published date" Description="Date when material was first published." />
  <Value Id="542" Name="Last published date" Description="Date when material was last published." />
  <Value Id="543" Name="Balance sheet date, latest" Description="Date of the latest balance sheet." />
  <Value Id="544" Name="Security share price as of given date" Description="Date of the security share price." />
  <Value Id="545" Name="Assigned date" Description="Date when assigned." />
  <Value Id="546" Name="Business opened date" Description="Date opened for business." />
  <Value Id="547" Name="Initial financial accounts filed date" Description="Date when the initial financial accounts were filed." />
  <Value Id="548" Name="Stop work as of given date" Description="Date work stopped or will stop." />
  <Value Id="549" Name="Completion date" Description="Date of completion." />
  <Value Id="550" Name="Lease term, start date" Description="Start date of the lease term." />
  <Value Id="551" Name="Lease term, end date" Description="End date of the lease term." />
  <Value Id="552" Name="Start date, actual" Description="Actual date of start." />
  <Value Id="553" Name="Start date, estimated" Description="Date of estimated start." />
  <Value Id="554" Name="Filed date" Description="Date when filed." />
  <Value Id="555" Name="Return to work date" Description="Date of return to work." />
  <Value Id="556" Name="Purchased date" Description="Date of purchase." />
  <Value Id="557" Name="Returned date" Description="Date return takes place." />
  <Value Id="558" Name="Changed date" Description="Date change takes place." />
  <Value Id="559" Name="Terminated date" Description="Date termination takes place." />
  <Value Id="560" Name="Evaluation date" Description="Date evaluation takes place." />
  <Value Id="561" Name="Business termination date" Description="Date the business terminates." />
  <Value Id="562" Name="Release from bankruptcy date" Description="Date when an entity is released from bankruptcy status." />
  <Value Id="563" Name="Placement date, initial" Description="Date of initial placement." />
  <Value Id="564" Name="Signature date" Description="Date of signature." />
  <Value Id="565" Name="Bankruptcy filed date" Description="Date when bankruptcy was filed." />
  <Value Id="566" Name="End date, scheduled" Description="Date when activity is scheduled to end." />
  <Value Id="567" Name="Report period" Description="Period covered by the report." />
  <Value Id="568" Name="Suspended date" Description="Date of suspension." />
  <Value Id="569" Name="Renewal date" Description="Date of renewal." />
  <Value Id="570" Name="Reported date" Description="Date when reported." />
  <Value Id="571" Name="Checked date" Description="Date when checked." />
  <Value Id="572" Name="Present residence, start date" Description="The beginning date of residence at present location." />
  <Value Id="573" Name="Employment position, start date" Description="The start date of employment in a particular position." />
  <Value Id="574" Name="Account closed date" Description="Date when account was closed." />
  <Value Id="575" Name="Construction date, actual" Description="Date of actual construction." />
  <Value Id="576" Name="Employment profession start date" Description="Start date of employment in a particular profession." />
  <Value Id="577" Name="Next review date" Description="Date of next review." />
  <Value Id="578" Name="Meeting date" Description="Date of the meeting." />
  <Value Id="579" Name="Administrator ordered date" Description="Date when an administrator is ordered for a company." />
  <Value Id="580" Name="Last date to file a claim" Description="Date after which no claim can be filed." />
  <Value Id="581" Name="Convicted date" Description="Date when convicted." />
  <Value Id="582" Name="Interviewed date" Description="Date of an interview." />
  <Value Id="583" Name="Last visit date" Description="Date of last visit." />
  <Value Id="584" Name="Future period" Description="Period in the future." />
  <Value Id="585" Name="Preceding period" Description="Period preceding current period." />
  <Value Id="586" Name="Expected problem resolution date" Description="Date when problem is expected to be resolved." />
  <Value Id="587" Name="Action date" Description="Date of action." />
  <Value Id="588" Name="Accountant's opinion date" Description="Date of an accountant's opinion." />
  <Value Id="589" Name="Last activity date" Description="Date of last activity." />
  <Value Id="590" Name="Resolved date" Description="Date when resolved." />
  <Value Id="591" Name="Recorded date" Description="Date when recorded." />
  <Value Id="592" Name="Date of birth, estimated" Description="The estimated date of birth." />
  <Value Id="593" Name="Last annual report date" Description="Date of the last annual report." />
  <Value Id="594" Name="Net worth date" Description="Date of net worth." />
  <Value Id="595" Name="Payment cancellation rejected" Description="Date/time when a cancellation of a payment is rejected due to the fact that the payment is already done." />
  <Value Id="596" Name="Profit period" Description="Period over which profit was earned." />
  <Value Id="597" Name="Registration date" Description="Date when registered." />
  <Value Id="598" Name="Consolidation date" Description="Date when consolidation occurred." />
  <Value Id="599" Name="Board of directors not authorised as of given date" Description="As of this date the board of directors is not authorised." />
  <Value Id="600" Name="Board of directors not complete as of given date" Description="As of this date the board of directors is not fully filled." />
  <Value Id="601" Name="Manager not registered as of given date" Description="As of this date the manager is not registered." />
  <Value Id="602" Name="Citizenship change date" Description="Date of citizenship change." />
  <Value Id="603" Name="Participation date" Description="Date of participation." />
  <Value Id="604" Name="Capitalisation date" Description="Date of capitalisation." />
  <Value Id="605" Name="Board of directors registration date" Description="Date when the board of directors was registered." />
  <Value Id="606" Name="Operations ceased date" Description="Date when operations ceased." />
  <Value Id="607" Name="Satisfaction date" Description="Date when satisfaction was obtained." />
  <Value Id="608" Name="Legal settlement terms met date" Description="Date when terms specified in the legal settlement were met." />
  <Value Id="609" Name="Business control change date" Description="Date when a new authority took control." />
  <Value Id="610" Name="Court registration date" Description="Date of registration in the court." />
  <Value Id="611" Name="Annual report due date" Description="Date when annual report is due." />
  <Value Id="612" Name="Asset and liability schedule date" Description="Date of the asset and liability schedule." />
  <Value Id="613" Name="Annual report mailing date" Description="Date when the annual report was mailed." />
  <Value Id="614" Name="Annual report filing date" Description="Date when the annual report was filed." />
  <Value Id="615" Name="Annual report delinquent on date" Description="Date when annual report was considered delinquent." />
  <Value Id="616" Name="Accounting methodology change date" Description="Date when accounting methodology was changed." />
  <Value Id="617" Name="Closed until date" Description="Date when again open." />
  <Value Id="618" Name="Conversion into holding company date" Description="Date business was converted into a holding company." />
  <Value Id="619" Name="Deed not available as of given date" Description="Date when deed was not available." />
  <Value Id="620" Name="Detrimental information receipt date" Description="Date when detrimental information was received." />
  <Value Id="621" Name="Construction date, estimated" Description="Estimated date of construction." />
  <Value Id="622" Name="Financial information date" Description="Date of the financial information." />
  <Value Id="623" Name="Graduation date" Description="Date when graduation occurs." />
  <Value Id="624" Name="Insolvency discharge granted date" Description="Date when insolvency discharge was granted." />
  <Value Id="625" Name="Incorporation date" Description="Date of incorporation." />
  <Value Id="626" Name="Inactivity end date" Description="Date when inactivity ends." />
  <Value Id="627" Name="Last check for balance sheet update date" Description="Date balance sheet was last checked to determine if update had taken place." />
  <Value Id="628" Name="Last capital change date" Description="Date of last capital change." />
  <Value Id="629" Name="Letter of agreement date" Description="Date of a letter of agreement." />
  <Value Id="630" Name="Letter of liability date" Description="Date of a letter of liability." />
  <Value Id="631" Name="Liquidation date" Description="Date of liquidation." />
  <Value Id="632" Name="Lowest activity period" Description="Period of lowest activity." />
  <Value Id="633" Name="Legal structure change date" Description="Date when legal structure was changed." />
  <Value Id="634" Name="Current name effective date" Description="Date when current name became effective." />
  <Value Id="635" Name="Not registered as of given date" Description="Date when not yet registered." />
  <Value Id="636" Name="Current authority control start date" Description="Date when current authority took control." />
  <Value Id="637" Name="Privilege details verification date" Description="Date when privilege details were verified." />
  <Value Id="638" Name="Current legal structure effective date" Description="Date when current legal structure became effective." />
  <Value Id="639" Name="Peak activity period" Description="Period of peak activity." />
  <Value Id="640" Name="Presentation to bankruptcy receivers date" Description="Date when presented to the bankruptcy receivers." />
  <Value Id="641" Name="Resignation date" Description="Date of resignation." />
  <Value Id="642" Name="Legal action closed date" Description="Date when the legal action was closed." />
  <Value Id="643" Name="Mail receipt date" Description="Date mail was received." />
  <Value Id="644" Name="Social security claims verification date" Description="Date when social security claims were verified." />
  <Value Id="645" Name="Sole directorship registration date" Description="Date when sole directorship was registered." />
  <Value Id="646" Name="Trade style registration date" Description="Date when trade style was registered." />
  <Value Id="647" Name="Trial start date, scheduled" Description="Date when a trial is scheduled to begin." />
  <Value Id="648" Name="Trial start date, actual" Description="Date when the trial actually started." />
  <Value Id="649" Name="Value Added Tax (VAT) claims verification date" Description="Date when the Value Added Tax (VAT) claims were verified." />
  <Value Id="650" Name="Receivership result date" Description="Date when the result of the receivership occurs." />
  <Value Id="651" Name="Investigation end date" Description="The date when an investigation ended." />
  <Value Id="652" Name="Employee temporary laid-off period end date" Description="The ending date of a period in which employees were temporarily placed out of work." />
  <Value Id="653" Name="Investigation start date" Description="The date when an investigation began." />
  <Value Id="654" Name="Income period" Description="The period of time in which income is earned." />
  <Value Id="655" Name="Criminal sentence duration" Description="The period of time over which a criminal sentence applies." />
  <Value Id="656" Name="Age" Description="Length of time that a person or animal has lived or a thing has existed." />
  <Value Id="657" Name="Receivables collection period" Description="The period of time over which receivable accounts are collected." />
  <Value Id="658" Name="Comparison period" Description="The time period covered in a comparison." />
  <Value Id="659" Name="Adjournment" Description="The period of time over which an adjournment is in effect." />
  <Value Id="660" Name="Court dismissal date" Description="The date on which a court refused further hearing of a case." />
  <Value Id="661" Name="Insufficient assets judgement date" Description="The date on which assets were judged to be insufficient." />
  <Value Id="662" Name="Average payment period" Description="The average period of time over which money has been paid." />
  <Value Id="663" Name="Forecast period start" Description="The beginning of a forecast period." />
  <Value Id="664" Name="Period extended" Description="Number of time units added to the original end date/time/period." />
  <Value Id="665" Name="Employee temporary laid-off period start date" Description="The start date of a period in which employees were temporarily placed out of work." />
  <Value Id="666" Name="Management available date" Description="Date when management is available." />
  <Value Id="667" Name="Withdrawn date" Description="The date when something was retracted." />
  <Value Id="668" Name="Claim incurred date" Description="The date that the claim was incurred." />
  <Value Id="669" Name="Financial coverage period" Description="The period of time for which financial coverage applies." />
  <Value Id="670" Name="Claim made date" Description="The date on which a claim was made." />
  <Value Id="671" Name="Stop distribution date" Description="The date on which distribution is to stop." />
  <Value Id="672" Name="Period assigned" Description="The period assigned." />
  <Value Id="673" Name="Lease period" Description="The period associated with a lease." />
  <Value Id="674" Name="Forecast period end date" Description="The ending date of a forecast period." />
  <Value Id="675" Name="Judgement date" Description="The date on which a decision from a court of law was rendered." />
  <Value Id="676" Name="Period worked for the company" Description="Period of time that was worked for the company." />
  <Value Id="677" Name="Transport equipment stuffing date and/or time" Description="The date and/or time on which the stuffing of transport equipment is to or has taken place." />
  <Value Id="678" Name="Transport equipment stripping date and/or time" Description="The date and/or time on which the stripping of a transport equipment is to or has taken place." />
  <Value Id="679" Name="Initial request date" Description="Date of an initial request." />
  <Value Id="680" Name="Period overdue" Description="The period by which an event is overdue." />
  <Value Id="681" Name="Implementation date/time/period" Description="A date/time/period within which an implementation is to take place." />
  <Value Id="682" Name="Refusal period" Description="The period within which a refusal can be made." />
  <Value Id="683" Name="Suspension period" Description="The period for which something is suspended." />
  <Value Id="684" Name="Deletion date" Description="The date on which deletion occurs." />
  <Value Id="685" Name="First sale date and/or time and/or period" Description="The first date, and/or time, and/or period a product was sold." />
  <Value Id="686" Name="Last sale date and/or time and/or period" Description="The last date, and/or time, and/or period a product was sold." />
  <Value Id="687" Name="Date ready for collection" Description="A date on which an object is ready for collection." />
  <Value Id="688" Name="Shipping date, no schedule established as of" Description="As at this date no valid shipping schedule has been established." />
  <Value Id="689" Name="Shipping date and/or time, current schedule" Description="Shipping date and/or time as currently scheduled." />
  <Value Id="690" Name="Suppliers' average credit period" Description="The average period of time that credit is extended by suppliers." />
  <Value Id="691" Name="Advising date" Description="Date of advice." />
  <Value Id="692" Name="Project over target baseline date" Description="The date an over target baseline was implemented for a project." />
  <Value Id="693" Name="Established date" Description="Date when an entity was established or created." />
  <Value Id="694" Name="Latest filing period" Description="Latest period for which a filing may be made." />
  <Value Id="695" Name="Mailing date" Description="Date when an item may be mailed." />
  <Value Id="696" Name="Date/time of latest accounts filing at public registry" Description="The latest date/time when financial accounts were filed at public registry." />
  <Value Id="697" Name="Date placed in disfavour" Description="Date when placed in a disfavoured category or status." />
  <Value Id="698" Name="Employment position start date, estimated" Description="Estimated start date of employment in a particular position." />
  <Value Id="699" Name="Registered contractor number assignment date, original" Description="Date when a registered contractor number was originally assigned." />
  <Value Id="700" Name="Ownership change date" Description="Date when ownership changes." />
  <Value Id="701" Name="Original duration" Description="Original length of time." />
  <Value Id="702" Name="Period between changes" Description="The period of time between changes." />
  <Value Id="703" Name="From date of notice to proceed to commencement of performance" Description="Period of time from notice to proceed until performance commencement." />
  <Value Id="704" Name="From date of notice to proceed to completion" Description="Period of time from date of notice to proceed until completion." />
  <Value Id="705" Name="Period an event is late due to customer" Description="The period of time an event is late due to the actions of a customer." />
  <Value Id="706" Name="File generation date and/or time" Description="Date and, or time of file generation." />
  <Value Id="707" Name="Endorsed certificate issue date" Description="Date on which a certificate, endorsed by signature or other agreed means, is issued." />
  <Value Id="708" Name="Patient first visit for condition" Description="The date of the first visit by a patient to a healthcare provider for this condition." />
  <Value Id="709" Name="Admission date and/or time, expected" Description="Expected date and/or time of admission." />
  <Value Id="710" Name="Symptoms onset, patient alleged" Description="Date and/or time of onset of symptoms according to the patient." />
  <Value Id="711" Name="Accident benefit period" Description="To identify the period of time for which benefits are provided in the event of an accident." />
  <Value Id="712" Name="Accident benefit age limit" Description="To identify the age to which benefits are provided to the insured in the event of an accident." />
  <Value Id="713" Name="Accident lifetime benefit qualification age" Description="To identify the qualification age for lifetime benefits provided to the insured in the event of an accident." />
  <Value Id="714" Name="Sickness benefit period" Description="To identify the period of time for which benefits are provided in the event of sickness." />
  <Value Id="715" Name="Sickness benefit age limit" Description="To identify the age to which benefits are provided to the insured in the event of sickness." />
  <Value Id="716" Name="Sickness lifetime benefit qualification age" Description="To identify the qualification age for lifetime benefits provided to the insured in the event of sickness." />
  <Value Id="717" Name="Accident insurance elimination period" Description="To identify the period of time the insured must be disabled in the event of an accident for benefits to be payable by the ceding company." />
  <Value Id="718" Name="Sickness insurance elimination period" Description="The period of time the insured must be disabled in the event of sickness for benefits to be payable by the ceding company." />
  <Value Id="719" Name="Provider signature date" Description="Date when the provider signed." />
  <Value Id="720" Name="Condition initial treatment date" Description="Date when initially treated for this condition." />
  <Value Id="721" Name="Information release authorization date" Description="Date when the information was authorized to be released." />
  <Value Id="722" Name="Benefit release authorization date" Description="Date when a benefit is authorized for release." />
  <Value Id="723" Name="Last seen date" Description="The date when last seen." />
  <Value Id="724" Name="Acute manifestation date" Description="The date the symptoms manifested themselves in an acute form." />
  <Value Id="725" Name="Similar illness onset date" Description="The date of the onset of an illness similar to the illness currently being treated." />
  <Value Id="726" Name="Last X-ray date" Description="The date the last X-ray was taken." />
  <Value Id="727" Name="Placement date, previous" Description="The date something was previously placed." />
  <Value Id="728" Name="Placement date" Description="The date something is placed." />
  <Value Id="729" Name="Temporary prosthesis date" Description="The date a temporary prosthetic device was provided." />
  <Value Id="730" Name="Orthodontic treatment period, remaining" Description="The period of time that the orthodontic treatment has remaining." />
  <Value Id="731" Name="Orthodontic treatment period, total" Description="The period of orthodontic treatment from beginning to end." />
  <Value Id="732" Name="Maximum credit granted date" Description="Date on which the highest credit was granted." />
  <Value Id="733" Name="Last date of accounts filed at public register" Description="Date on which accounts were last filed at the public register." />
  <Value Id="734" Name="Allowed renewal duration period" Description="The period of time a company can renew its duration period." />
  <Value Id="735" Name="Offset from Coordinated Universal Time (UTC)" Description="Number of hour's offset from Coordinated Universal Time (UTC)." />
  <Value Id="736" Name="Appointment expiry date" Description="Date when an appointment will expire." />
  <Value Id="737" Name="Earliest filing period" Description="Earliest period for which a filing is made." />
  <Value Id="738" Name="Original name change date" Description="Date when the original name was changed." />
  <Value Id="739" Name="Education start date" Description="Date education begins at an educational institution." />
  <Value Id="740" Name="Education end date" Description="Date education is completed at an educational institution." />
  <Value Id="741" Name="Receivership period" Description="Period of time a receivership lasts." />
  <Value Id="742" Name="Financial information submission date/time" Description="Date/time when financial information is submitted." />
  <Value Id="743" Name="Purchase order latest possible change date" Description="Date identifying a point of time after which a purchase order cannot be changed." />
  <Value Id="744" Name="Investment number allocation date" Description="The date that an investment number was allocated." />
  <Value Id="745" Name="Payment impossible" Description="Date/time when a payment is recorded as being impossible." />
  <Value Id="746" Name="Record extraction period" Description="The period for extraction of records." />
  <Value Id="747" Name="Cost accounting value date" Description="Code identifying the value date of cost accounting. Value date is the date at which the entry is to effect a balance of the account." />
  <Value Id="748" Name="Open period" Description="Code identifying the period during which something is, was or will be open." />
  <Value Id="749" Name="Period between issue date and maturity date" Description="Interval of time between the date when the transaction was initiated and the date when the funds need to be collected." />
  <Value Id="750" Name="Before date" Description="The specified before date." />
  <Value Id="751" Name="After date" Description="The specified after date." />
  <Value Id="752" Name="Meter reading date, next scheduled" Description="Date on which the next reading of a meter is scheduled to take place." />
  <Value Id="753" Name="Maturity date, optimal" Description="Date at which optimal maturity occurs." />
  <Value Id="754" Name="Product ageing duration, maximum" Description="Maximum period of time during which the product is ageing." />
  <Value Id="755" Name="Product ageing duration, minimum" Description="Minimum period of time during which the product is ageing." />
  <Value Id="756" Name="Ultimate documentation date/time for 24-hour rule regulation of CBP (United States Customs and Border Protection)" Description="Ultimate date/time by which the documentation must be submitted in compliance with the 4-hour rule of United States Custom of Border Protection." />
  <Value Id="757" Name="Departure date/time from place of loading" Description="Date/time of the departure of the goods from the place of loading." />
  <Value Id="758" Name="Trade item ship date/time, earliest possible" Description="The earliest date/time that the trade item can be shipped." />
  <Value Id="759" Name="Trade item ship date/time, latest possible" Description="The latest date/time that the trade item can be shipped." />
  <Value Id="760" Name="Start date/time, maximum buying quantity" Description="The date/time from which the maximum buying quantity may be purchased." />
  <Value Id="761" Name="Start date/time, minimum buying quantity" Description="The date/time from which the minimum buying quantity may be purchased." />
  <Value Id="762" Name="Marketing campaign end date/time, suggested" Description="The date and or time suggested for the marketing campaign to end." />
  <Value Id="763" Name="Marketing campaign start date/time, suggested" Description="The date and or time suggested for the marketing campaign to start." />
  <Value Id="764" Name="Start availability date" Description="The start date of availability." />
  <Value Id="765" Name="Seasonal availabilty calendar year" Description="The calendar year of the season in which the trade item is available." />
  <Value Id="766" Name="Goods pickup lead time" Description="Minimum time required between order entry and goods release for pick-up." />
  <Value Id="767" Name="Change date/time, latest" Description="Most recent date and/or time that the information has been changed." />
  <Value Id="768" Name="End date/time, maximum buying quantity" Description="The date and/or time until which the maximum buying quantity may be purchased." />
  <Value Id="769" Name="End dat/time, minimum buying quantity" Description="The date and/or time until which the minimum buying quantity may be purchased." />
  <Value Id="770" Name="End date/time of exclusivity" Description="The date and/or time until which a product is exclusive." />
  <Value Id="771" Name="Data release date" Description="The date at which the data is released." />
  <Value Id="772" Name="Handling start date and/or time, actual" Description="The actual date and/or time when the start of the handling action takes place." />
  <Value Id="773" Name="Handling end date and/or time, estimated" Description="The date and/or time when the end of the handling action is estimated to take place." />
  <Value Id="774" Name="Handling end date and/or time, actual" Description="The actual date and/or time when the end of the handling action takes place." />
  <Value Id="775" Name="Minimum product lifespan for consumer" Description="The minimum life span of the product remaining after selling it to the consumer, i.e. between the &quot;sell by date&quot; and the &quot;use by date&quot; of the product." />
  <Value Id="776" Name="Entry date, elected" Description="Date used at the discretion of the filer for duty calculation of non-quota goods when there is no immediate transport entry date (related to immediate delivery)." />
  <Value Id="777" Name="Arrival date/time at initial port with the intent to unload" Description="Date/ time that the conveyance arrives at the initial port in the country of destination." />
  <Value Id="778" Name="Conveyance port activity date/ time" Description="The date and time of conveyance activity, including cargo loading or unloading, fuelling etc." />
  <Value Id="779" Name="Date and time of importation into port limits" Description="Date and time on which the conveyance transporting the goods from the foreign country arrived within the limits of the port of destination." />
  <Value Id="780" Name="Free trade zone commodity status assignment date" Description="The filing date that corresponds to the current status of the commodity in the free trade zone." />
  <Value Id="781" Name="Jurisdiction entry date/time, actual" Description="Actual date/time at which the conveyance or goods enter an agency's jurisdiction." />
  <Value Id="782" Name="Inspection start date/time" Description="Date/time at which an inspection begins." />
  <Value Id="783" Name="Inspection end date/time" Description="Date/time at which an inspection is completed." />
  <Value Id="784" Name="Document/message rejection date/time" Description="Date/time at which the document/message was rejected." />
  <Value Id="785" Name="Government service date/time, requested" Description="The date/time at which the government service is requested to be executed." />
  <Value Id="786" Name="Crop year" Description="The year that the crops were grown." />
  <Value Id="787" Name="Date of original manufacture" Description="Date that the item was originally manufactured." />
  <Value Id="788" Name="Model year" Description="The model year of the item." />
  <Value Id="789" Name="Opened trade item life span" Description="The number of days the trade item that has been opened can remain on the shelf before it must be removed." />
  <Value Id="790" Name="Unmooring, date and time" Description="Date and time of unmooring." />
  <Value Id="791" Name="First crane lift" Description="Date and time of the first crane lift." />
  <Value Id="792" Name="Last crane lift" Description="Date and time of the last crane lift." />
  <Value Id="793" Name="Reprocessing date/time" Description="Date/time on which goods previously produced are re- processed." />
  <Value Id="794" Name="First returnable date/time" Description="The first date/time on or after which items can be returned." />
  <Value Id="795" Name="Community visibility date/time" Description="The date/time from which information becomes visible to the target community." />
  <Value Id="ZZZ" Name="Mutually defined" Description="A code assigned within a code list to be used on an interim basis and as defined among trading partners until a precise code can be assigned to the code list." />
</Root>