<?xml version="1.0" encoding="utf-8"?>
<Root xmlns:xsi="http://www.w3.org/2001/XMLSchema-instance" xmlns:xsd="http://www.w3.org/2001/XMLSchema" Id="2013" Name="Frequency code" Description="Code specifying the rate of recurrence." Count="an..3">
  <Value Id="A" Name="Annually (calendar year)" Description="Code defining a yearly forecast." />
  <Value Id="B" Name="Continuous" Description="Flexible frequency scheduling based on continuous consumption of items." />
  <Value Id="C" Name="Synchronous" Description="Flexible frequency scheduling based on synchronous consumption of items." />
  <Value Id="D" Name="Discrete" Description="Flexible frequency according to planning process." />
  <Value Id="E" Name="Replenishment" Description="Flexible frequency scheduling based on replenishment of the consumption of items." />
  <Value Id="F" Name="Flexible interval (from date X through date Y)" Description="Code defining a forecasted usage that is planned between two defined dates." />
  <Value Id="G" Name="Ten days" Description="Ten day interval." />
  <Value Id="H" Name="Semi-monthly" Description="Half month interval." />
  <Value Id="J" Name="Just-in-time" Description="Scheduling based on just-in-time of the need." />
  <Value Id="M" Name="Monthly (calendar months)" Description="Code defining a forecast by calendar month(s)." />
  <Value Id="Q" Name="Quarterly (calendar quarters)" Description="Code defining a forecast by calendar quarter(s). (Jan- Mar, Apr-Jun, Jul-Sep, Oct-Dec)." />
  <Value Id="S" Name="Semi-annually (calendar year)" Description="Code defining a forecast for the first six months of the year or the second six months of the year." />
  <Value Id="T" Name="Four week period (13 periods per year)" Description="Code defining a forecast for four week intervals." />
  <Value Id="W" Name="Weekly" Description="Code defining a forecast for weekly intervals." />
  <Value Id="Y" Name="Daily" Description="Code defining a schedule by day." />
  <Value Id="ZZZ" Name="Mutually defined" Description="Code reserved for special trading partner requirements when pre-defined codes do not exist." />
</Root>