<?xml version="1.0" encoding="utf-8"?>
<Root xmlns:xsi="http://www.w3.org/2001/XMLSchema-instance" xmlns:xsd="http://www.w3.org/2001/XMLSchema" Id="2151" Name="Period type code" Description="Code specifying the type of period." Count="an..3">
  <Value Id="3M" Name="Quarter" Description="A subdivision of a year into four equal parts." />
  <Value Id="6M" Name="Half-year" Description="A subdivision of a year into two equal parts." />
  <Value Id="AA" Name="Air hour" Description="Flight duration irrespective of time zones." />
  <Value Id="AD" Name="Air day" Description="Flight duration irrespective of time zones." />
  <Value Id="CD" Name="Calendar day (includes weekends and holidays)" Description="Period given as a number of days including weekends and holidays." />
  <Value Id="CW" Name="Calendar week (7day)" Description="Period given as a number of 7day-weeks including holidays." />
  <Value Id="D" Name="Day" Description="The twenty-four hour period during which the earth completes one rotation on its axis." />
  <Value Id="DC" Name="Ten days period" Description="Period of 10 days." />
  <Value Id="F" Name="Period of two weeks" Description="A period of time lasting fourteen days. Synonym: Fortnight." />
  <Value Id="H" Name="Hour" Description="One of the twenty-four sub-divisions of a day." />
  <Value Id="HM" Name="Half month" Description="A subdivision of a month into two equal parts." />
  <Value Id="M" Name="Month" Description="One of twelve divisions of the year as determined by the Gregorian calendar." />
  <Value Id="MN" Name="Minute" Description="A unit of time equal to 1/60 of an hour, or 60 seconds." />
  <Value Id="P" Name="Four month period" Description="A period of time, measured in monthly increments, consisting of four sequential months." />
  <Value Id="S" Name="Second" Description="A unit of time equal to 1/60 of a minute." />
  <Value Id="SD" Name="Surface day" Description="The voyage duration irrespective of time zones." />
  <Value Id="SI" Name="Indefinite" Description="An indefinite period." />
  <Value Id="W" Name="Week" Description="Period of seven days." />
  <Value Id="WD" Name="Workday" Description="Day on which work is usually done." />
  <Value Id="WW" Name="5 day work week" Description="Monday through Friday." />
  <Value Id="Y" Name="Year" Description="The period of time as measured by the Gregorian calendar in which the earth completes a single revolution around the sun." />
  <Value Id="ZZZ" Name="Mutually defined" Description="Period as per agreement." />
</Root>