<?xml version="1.0" encoding="utf-8"?>
<Root xmlns:xsi="http://www.w3.org/2001/XMLSchema-instance" xmlns:xsd="http://www.w3.org/2001/XMLSchema" Id="2379" Name="Date or time or period format code" Description="Code specifying the representation of a date, time or period." Count="an..3">
  <Value Id="2" Name="DDMMYY" Description="Calendar date: D = Day; M = Month; Y = Year." />
  <Value Id="3" Name="MMDDYY" Description="Calendar date: M = Month; D = Day; Y = Year." />
  <Value Id="4" Name="DDMMCCYY" Description="Calendar date C=Century; Y=Year; M=Month; D=Day." />
  <Value Id="5" Name="DDMMCCYYHHMM" Description="Calendar date and time: C=Century; Y=Year; M=Month; D=Day; H=Hour; M=Minute." />
  <Value Id="6" Name="CCYYMMB" Description="Half-month: CC=century YY=year MM=month, B=1:first half month, B=2:second half month." />
  <Value Id="7" Name="CCYYMMW" Description="Week within a calendar month: CC=century YY=year MM=month. W=1-5 first week to fifth week in a month." />
  <Value Id="8" Name="CCYYMMDDS" Description="Shift within a calendar day: CC=century YY=year MM=month DD=day S=1-9 shift in a day." />
  <Value Id="9" Name="CCYYMMDDPP" Description="Time period within a calendar day: CC=century YY=year MM=month DD=day PP=00-99 time period." />
  <Value Id="10" Name="CCYYMMDDTHHMM" Description="Calendar date including time with minutes: C=Century; Y=Year; M=Month; D=Day; T=Time designator; H=Hour; M=Minutes. The character [T] shall be used as time designator to indicate the start of the representation of the time. For example: 20010912T1433." />
  <Value Id="101" Name="YYMMDD" Description="Calendar date: Y = Year; M = Month; D = Day." />
  <Value Id="102" Name="CCYYMMDD" Description="Calendar date: C = Century ; Y = Year ; M = Month ; D = Day." />
  <Value Id="103" Name="YYWWD" Description="Calendar week day: Y = Year ; W = Week ; D = Day Week number 01 is always first week of January Day number 1 is always Monday." />
  <Value Id="104" Name="MMWW-MMWW" Description="A period of time specified by giving the start week of a month followed by the end week of a month. Data is to be transmitted as consecutive characters without hyphen." />
  <Value Id="105" Name="YYDDD" Description="Calendar day: Y = Year ; D = Day January the first = Day 001 Always start numbering the days of the year from January 1st through December 31st." />
  <Value Id="106" Name="MMDD" Description="Day of a month: M = Month; D = Day." />
  <Value Id="107" Name="DDD" Description="Day's number within a specific year: D = Day." />
  <Value Id="108" Name="WW" Description="Week's number within a specific year: W = Week." />
  <Value Id="109" Name="MM" Description="Month's number within a specific year: M = Month." />
  <Value Id="110" Name="DD" Description="Day's number within is a specific month: D = Day." />
  <Value Id="201" Name="YYMMDDHHMM" Description="Calendar date including time without seconds: Y = Year; M = Month; D = Day; H = Hour; M = Minute." />
  <Value Id="202" Name="YYMMDDHHMMSS" Description="Calendar date including time with seconds: Y = Year; M = Month; D = Day; H = Hour; m = Minutes = Seconds." />
  <Value Id="203" Name="CCYYMMDDHHMM" Description="Calendar date including time with minutes: C=Century; Y=Year; M=Month; D=Day; H=Hour; M=Minutes." />
  <Value Id="204" Name="CCYYMMDDHHMMSS" Description="Calendar date including time with seconds: C=Century;Y=Year; M=Month;D=Day;H=Hour;M=Minute;S=Second." />
  <Value Id="205" Name="CCYYMMDDHHMMZHHMM" Description="Calendar date including time and time zone expressed in hours and minutes. ZHHMM = time zone given as offset from Coordinated Universal Time (UTC)." />
  <Value Id="301" Name="YYMMDDHHMMZZZ" Description="See 201 + Z = Time zone." />
  <Value Id="302" Name="YYMMDDHHMMSSZZZ" Description="See 202 + Z = Time zone." />
  <Value Id="303" Name="CCYYMMDDHHMMZZZ" Description="See 203 plus Z=Time zone." />
  <Value Id="304" Name="CCYYMMDDHHMMSSZZZ" Description="See 204 plus Z=Time zone." />
  <Value Id="305" Name="MMDDHHMM" Description="Month, day, hours, minutes; M = Month; D = Day; H = Hour; M = Minute." />
  <Value Id="306" Name="DDHHMM" Description="Day, hours, minutes; D = Day; H = Hour; M = Minute." />
  <Value Id="401" Name="HHMM" Description="Time without seconds: H = Hour; m = Minute." />
  <Value Id="402" Name="HHMMSS" Description="Time with seconds: H = Hour; m = Minute; s = Seconds." />
  <Value Id="404" Name="HHMMSSZZZ" Description="See 402 plus Z=Time zone." />
  <Value Id="405" Name="MMMMSS" Description="Time without hours: m=minutes, s=seconds." />
  <Value Id="406" Name="ZHHMM" Description="Offset from Coordinated Universal Time (UTC) where Z is plus (+) or minus (-)." />
  <Value Id="501" Name="HHMMHHMM" Description="Time span without seconds: H = Hour; m = Minute;." />
  <Value Id="502" Name="HHMMSS-HHMMSS" Description="A period of time specified by giving the start time followed by the end time (both expressed by hours minutes and seconds). Data is to be transmitted as consecutive characters without hyphen." />
  <Value Id="503" Name="HHMMSSZZZ-HHMMSSZZZ" Description="A period of time specified by giving the start time followed by the end time (both expressed by hours minutes, seconds and time zone). Data is to be transmitted as consecutive characters without hyphen." />
  <Value Id="600" Name="CC" Description="Century." />
  <Value Id="601" Name="YY" Description="Calendar year: Y = Year." />
  <Value Id="602" Name="CCYY" Description="Calendar year including century: C = Century; Y = Year." />
  <Value Id="603" Name="YYS" Description="Semester in a calendar year: Y = Year; S = Semester." />
  <Value Id="604" Name="CCYYS" Description="Semester in a calendar year: C = Century; Y = Year; S = Semester." />
  <Value Id="608" Name="CCYYQ" Description="Quarter in a calendar year: C = Century; Y = Year; Q = Quarter." />
  <Value Id="609" Name="YYMM" Description="Month within a calendar year: Y = Year; M = Month." />
  <Value Id="610" Name="CCYYMM" Description="Month within a calendar year: CC = Century; Y = Year; M = Month." />
  <Value Id="613" Name="YYMMA" Description="To specifiy a ten-day period within a month of a year (A = ten day period)." />
  <Value Id="614" Name="CCYYMMA" Description="To specifiy a ten-day period within a month of a year, including century  (A = ten day period)." />
  <Value Id="615" Name="YYWW" Description="Week within a calendar year: Y = Year; W = Week 1st week of January = week 01." />
  <Value Id="616" Name="CCYYWW" Description="Week within a calendar year: CC = Century; Y = Year; W = Week (1st week of January = week 01)." />
  <Value Id="701" Name="YY-YY" Description="A period of time specified by giving the start year followed by the end year (both without century). Data is to be transmitted as consecutive characters without hyphen." />
  <Value Id="702" Name="CCYY-CCYY" Description="A period of time specified by giving the start year followed by the end year (both including century). Data is to be transmitted as consecutive characters without hyphen." />
  <Value Id="703" Name="YYS-YYS" Description="A period of time specified by giving the start semester of a year followed by the end semester of a year (both not including century). Data is to be transmitted as consecutive characters without hyphen." />
  <Value Id="704" Name="CCYYS-CCYYS" Description="A period of time specified by giving the start semester of a year followed by the end semester of a year (both including century). Data is to be transmitted as consecutive characters without hyphen." />
  <Value Id="705" Name="YYPYYP" Description="Format of period to be given without hyphen (P = period of 4 months)." />
  <Value Id="706" Name="CCYYP-CCYYP" Description="Format of period to be given without hyphen (P = period of 4 months)." />
  <Value Id="707" Name="YYQ-YYQ" Description="A period of time specified by giving the start quarter of a year followed by the end quarter of year (both not including century). Data is to be transmitted as consecutive characters without hyphen." />
  <Value Id="708" Name="CCYYQ-CCYYQ" Description="A period of time specified by giving the start quarter of a year followed by the end quarter of year (both including century). Data is to be transmitted as consecutive characters without hyphen." />
  <Value Id="709" Name="YYMM-YYMM" Description="A period of time specified by giving the start month of a year followed by the end month of a year (both not including century). Data is to be transmitted as consecutive characters without hyphen." />
  <Value Id="710" Name="CCYYMM-CCYYMM" Description="A period of time specified by giving the start month of a year followed by the end month of a year (both including century). Data is to be transmitted as consecutive characters without hyphen." />
  <Value Id="713" Name="YYMMDDHHMM-YYMMDDHHMM" Description="A period of time specified by giving the start time followed by the end time (format year, month, day, hour and minute). Data is to be transmitted as consecutive characters without hyphen." />
  <Value Id="715" Name="YYWW-YYWW" Description="A period of time specified by giving the start week of a year followed by the end week of year (both not including century). Data is to be transmitted as consecutive characters without hyphen." />
  <Value Id="716" Name="CCYYWW-CCYYWW" Description="A period of time specified by giving the start week of a year followed by the end week of year (both including century). Data is to be transmitted as consecutive characters without hyphen." />
  <Value Id="717" Name="YYMMDD-YYMMDD" Description="A period of time specified by giving the start date followed by the end date (both not including century). Data is to be transmitted as consecutive characters without hyphen." />
  <Value Id="718" Name="CCYYMMDD-CCYYMMDD" Description="A period of time specified by giving the start date followed by the end date (both including century). Data is to be transmitted as consecutive characters without hyphen." />
  <Value Id="719" Name="CCYYMMDDHHMM-CCYYMMDDHHMM" Description="A period of time which includes the century, year, month, day, hour and minute. Format of period to be given in actual message without hyphen." />
  <Value Id="720" Name="DHHMM-DHHMM" Description="Format of period to be given without hyphen (D=day of the week, 1=Monday; 2=Tuesday; ... 7=Sunday)." />
  <Value Id="801" Name="Year" Description="To indicate a quantity of years." />
  <Value Id="802" Name="Month" Description="To indicate a quantity of months." />
  <Value Id="803" Name="Week" Description="To indicate a quantity of weeks." />
  <Value Id="804" Name="Day" Description="To indicate a quantity of days." />
  <Value Id="805" Name="Hour" Description="To indicate a quantity of hours." />
  <Value Id="806" Name="Minute" Description="To indicate a quantity of minutes." />
  <Value Id="807" Name="Second" Description="To indicate a quantity of seconds." />
  <Value Id="808" Name="Semester" Description="To indicate a quantity of semesters (six months)." />
  <Value Id="809" Name="Four months period" Description="To indicate a quantity of four months periods." />
  <Value Id="810" Name="Trimester" Description="To indicate a quantity of trimesters (three months)." />
  <Value Id="811" Name="Half month" Description="To indicate a quantity of half months." />
  <Value Id="812" Name="Ten days" Description="To indicate a quantity of ten days periods." />
  <Value Id="813" Name="Day of the week" Description="Numeric representation of the day (Monday = 1)." />
  <Value Id="814" Name="Working days" Description="Number of working days." />
</Root>