<?xml version="1.0" encoding="utf-8"?>
<Root xmlns:xsi="http://www.w3.org/2001/XMLSchema-instance" xmlns:xsd="http://www.w3.org/2001/XMLSchema" Id="2475" Name="Event time reference code" Description="Code specifying a time that references an event that will or has occurred." Count="an..3">
  <Value Id="1" Name="Date of order" Description="Payment time reference is date of order." />
  <Value Id="2" Name="Date of confirmation" Description="Payment time reference is date of confirmation." />
  <Value Id="3" Name="Date of contract" Description="Payment time reference is date of contract." />
  <Value Id="4" Name="Date of signature of contract" Description="Payment time reference is date of signature of contract." />
  <Value Id="5" Name="Date of invoice" Description="Payment time reference is date of invoice." />
  <Value Id="6" Name="Date of credit note" Description="Payment time reference is date of credit note." />
  <Value Id="7" Name="Date of present document" Description="Payment time reference is date of present document." />
  <Value Id="8" Name="Date of confirmation of order received" Description="Payment time reference is date of confirmation received." />
  <Value Id="9" Name="Date invoice received" Description="Payment time reference is date of invoice received." />
  <Value Id="11" Name="Date credit note received" Description="Payment time reference is date of credit note received." />
  <Value Id="12" Name="Date present document received" Description="Payment time reference is date of present document received." />
  <Value Id="13" Name="Date of resale by buyer" Description="Payment time reference is date of resale by the buyer." />
  <Value Id="14" Name="Date proceeds of resale collected by buyer" Description="Payment time reference is date of resale proceeds are collected by buyer. &quot;buyer&quot; is a retailer. Retailer will pay his supplier when having sold goods and money received." />
  <Value Id="21" Name="Date goods received by buyer" Description="Payment time reference is date when goods are received by buyer." />
  <Value Id="22" Name="Date goods received by buyer's agent" Description="Payment time reference is date when goods are received by buyer's agent." />
  <Value Id="23" Name="Date goods received by carrier" Description="Payment time reference is date when goods are received by carrier." />
  <Value Id="24" Name="Date ex-works" Description="Payment time reference is date when goods are leaving the sellers factory." />
  <Value Id="25" Name="Date goods handed over for shipment by seller or agent" Description="Payment time reference is the date when goods are handed over for shipment by the seller or his agent." />
  <Value Id="26" Name="Date of arrival of transport" Description="Date the transport arrived at the agreed destination." />
  <Value Id="27" Name="Date of outward frontier crossing" Description="Date the goods are crossing the border of the exporters country." />
  <Value Id="28" Name="Date of inward frontier crossing" Description="Date the goods are crossing the border of the importers country." />
  <Value Id="29" Name="Date of delivery of goods to establishments/domicile/site" Description="Date the goods are delivered at agreed place of destination." />
  <Value Id="31" Name="Stipulated date for payment of documentary credit" Description="Date as per agreement when documentary credit is due for payment." />
  <Value Id="32" Name="Stipulated date for acceptance of documentary credit" Description="Date as per agreement when documentary credit is accepted." />
  <Value Id="33" Name="Stipulated date for negotiation of documentary credit" Description="Date as per agreement when documentary credit is negotiated." />
  <Value Id="41" Name="Date of delivery to buyer of documents representing goods" Description="Date when documents representing goods are received by buyer ." />
  <Value Id="42" Name="Date of delivery to buyer's agent of documents representing goods" Description="Date when documents representing goods are received by buyer's agent." />
  <Value Id="43" Name="Date of delivery to carrier of documents representing goods" Description="Date when documents representing goods are received by carrier." />
  <Value Id="44" Name="Date of delivery to intermediary bank of documents representing good" Description="Date when documents representing goods are received by intermediary bank." />
  <Value Id="45" Name="Date of bill of lading, consignment note or other transport document" Description="The date of issuance of a bill of lading, consignment note or similar transport document." />
  <Value Id="46" Name="Date of receipt for loading (mate's receipt)" Description="Date when goods are expedited to a ship confirmed by mate's received." />
  <Value Id="47" Name="Date of negotiable instrument (draft, promissory note, bank)" Description="Payment time reference is the date of the negotiable instrument." />
  <Value Id="48" Name="Date of receipt of tool dependent initial samples plus unlimited absolute bank guarantee plus value added tax" Description="Payment time reference is date of receipt of tool dependent initial samples and unlimited absolute bank guarantee of a third party, who is liable to the full amount of the tooling (which is owned by the customer)." />
  <Value Id="52" Name="Due date of negotiable instrument" Description="Date when the negotiable instrument is due for payment." />
  <Value Id="53" Name="Date of presentation of negotiable instrument" Description="Date when the negotiable instrument is presented or will be presented to drawee." />
  <Value Id="54" Name="Date of acceptance of negotiable instrument" Description="Date when the negotiable instrument is accepted or will be accepted by drawee." />
  <Value Id="55" Name="Date of acceptance of tooling" Description="Payment time reference is date of acceptance of tooling or set of tooling." />
  <Value Id="56" Name="Date of receipt of tooling" Description="Payment time reference is date of receipt of tooling or set of tooling." />
  <Value Id="57" Name="Date of acceptance of first samples produced under production conditions" Description="Payment time reference is date of acceptance of first samples produced under production conditions." />
  <Value Id="60" Name="Date of start of work" Description="Payment time reference is the date when work begins." />
  <Value Id="61" Name="Date of end of work" Description="Payment time reference is the date when work ends." />
  <Value Id="62" Name="Date of provisional reception of work" Description="Date of temporary acceptance of work until final reception will take place." />
  <Value Id="63" Name="Date of final acceptance of work" Description="Payment time reference is the date of final acceptance of work." />
  <Value Id="64" Name="Date of certificate of preliminary acceptance" Description="Date of certificate of temporary acceptance of work until final reception will take place." />
  <Value Id="65" Name="Date of certificate of final acceptance" Description="Payment time reference is the date of the certificate of final acceptance." />
  <Value Id="66" Name="Specified date" Description="Date specified elsewhere." />
  <Value Id="67" Name="Anticipated delivery date" Description="The date on which delivery is anticipated to take place." />
  <Value Id="68" Name="Effective date" Description="The date on which an action or event becomes effective." />
  <Value Id="69" Name="Invoice transmission date" Description="Payment time reference is the date of invoice transmission." />
  <Value Id="70" Name="Date of issue of transport document(s)" Description="The date on which a transport document(s) is issued." />
  <Value Id="71" Name="Date of presentation of documents" Description="Payment time reference is the date when documents are presented." />
  <Value Id="72" Name="Payment date" Description="Date when a payment was made." />
  <Value Id="73" Name="Draft(s) at ... days sight" Description="Draft(s) is/are due after a specific number of days after sight." />
  <Value Id="74" Name="Draft(s) at ... days date" Description="Draft(s) is/are due after a specific number of days after date." />
  <Value Id="75" Name="Draft(s) at ... days after date of issuance of transport document(s)" Description="Draft(s) is/are due after a specific number of days after date of issuance of transport document(s)." />
  <Value Id="76" Name="Draft(s) at ... days after date of presentation of documents" Description="Draft(s) is/are due after a specific number of days after date of presentation of documents." />
  <Value Id="77" Name="Specified draft date" Description="Draft at specified date." />
  <Value Id="78" Name="Customs clearance date (import)" Description="Date when goods clear Customs in the importing country." />
  <Value Id="79" Name="Customs clearance date (export)" Description="Date when goods clear Customs in the exporting country." />
  <Value Id="80" Name="Date of salary payment" Description="Date when a salary payment was made." />
  <Value Id="81" Name="Date of shipment as evidenced by the transport document(s)" Description="Date of shipment as evidenced by the transport document(s)." />
  <Value Id="82" Name="Payment due date" Description="Date on which a payment is due." />
  <Value Id="83" Name="Requested date of delivery" Description="Payment terms apply from the requested date of delivery." />
  <Value Id="ZZZ" Name="Other reference date agreed upon between the parties" Description="A code assigned within a code list to be used on an interim basis and as defined among trading partners until a precise code can be assigned to the code list." />
</Root>