<?xml version="1.0" encoding="utf-8"?>
<Root xmlns:xsi="http://www.w3.org/2001/XMLSchema-instance" xmlns:xsd="http://www.w3.org/2001/XMLSchema" Id="3035" Name="Party function code qualifier" Description="Code giving specific meaning to a party." Count="an..3">
  <Value Id="AA" Name="Party to be billed (AAR Accounting rule 11)" Description="Party to be billed in accordance with AAR Accounting rule 11." />
  <Value Id="AB" Name="Buyer's agent/representative" Description="Third party who arranged the purchase of merchandise on behalf of the actual buyer." />
  <Value Id="AE" Name="Declarant's agent/representative" Description="Any natural or legal person who makes a declaration to an official body on behalf of another natural or legal person, where legally permitted (CCC)." />
  <Value Id="AF" Name="Transit principal" Description="Natural or legal person responsible for the satisfactory performance of a Customs transit operation. Source: CCC." />
  <Value Id="AG" Name="Agent" Description="(3196) Party authorized to act on behalf of another party. Synonym: Representative." />
  <Value Id="AH" Name="Transit principal's agent/representative" Description="Agent acting on behalf of the transit principal (CCC)." />
  <Value Id="AI" Name="Successful job applicant" Description="Person who has been chosen for a job." />
  <Value Id="AJ" Name="Party issuing mutually agreed codes" Description="The party which has issued all mutually agreed codes used in the message." />
  <Value Id="AK" Name="Acknowledgement recipient" Description="Party to whom acknowledgement should be sent." />
  <Value Id="AL" Name="Principal responsible party" Description="(3340) Party accepting liability for goods held or moving (e.g. transit) under a Customs authorization and - when applicable - a guarantee." />
  <Value Id="AM" Name="Authorized official" Description="Employee of a company or firm authorized to act on behalf of that company or firm e.g. to make a Customs declaration." />
  <Value Id="AN" Name="Approved importer" Description="Person or company which is authorised by the relevant Customs authority to import goods without payment all taxes or specific taxes at the point of entry into the country." />
  <Value Id="AO" Name="Account of" Description="Party account is assigned to." />
  <Value Id="AP" Name="Accepting party" Description="(3336) Party accepting goods, products, services, etc." />
  <Value Id="AQ" Name="Approved consignor" Description="Person or company approved by the relevant authority in the country to pack and export specific goods under Customs supervision." />
  <Value Id="AR" Name="Authorized exporter" Description="Exporter authorized/approved by Customs for special Customs procedures e.g. simplified procedure." />
  <Value Id="AS" Name="Account servicing financial institution" Description="Identifies the financial institution servicing the account(s)." />
  <Value Id="AT" Name="Authorized importer" Description="Importer authorized/approved by Customs for special Customs procedures e.g. simplified procedure." />
  <Value Id="AU" Name="Authorized trader (transit)" Description="Trader authorized/approved by Customs for special transit procedures e.g. simplified procedure." />
  <Value Id="AV" Name="Authorizing official" Description="Party that has delegated the authority to take a certain action on behalf of a company or agency." />
  <Value Id="AW" Name="Applicant's bank" Description="(3234) Financial institution which is requested to issue the documentary credit." />
  <Value Id="AX" Name="Authenticating party" Description="Party which certifies that a document is authentic." />
  <Value Id="AY" Name="Animal being investigated" Description="Animal being investigated." />
  <Value Id="AZ" Name="Issuing bank" Description="Financial institution which issues the documentary credit, if the applicant's bank is not acting as the issuing bank." />
  <Value Id="B1" Name="Contact bank 1" Description="Identifies an additional bank which must be informed of certain aspects of the message." />
  <Value Id="B2" Name="Contact bank 2" Description="Identifies an additional bank which must be informed of certain aspects of the message." />
  <Value Id="BA" Name="Booking agent" Description="Party acting as a booking office for transport and forwarding services." />
  <Value Id="BB" Name="Buyer bank identification" Description="[3421]To identify a bank employed by the buyer to make a payment." />
  <Value Id="BC" Name="Negotiating bank" Description="Financial institution to whom a negotiable documentary credit is directed." />
  <Value Id="BD" Name="Documentary credit reimbursing bank" Description="A financial institution which reimburses documentary credit." />
  <Value Id="BE" Name="Beneficiary" Description="The ultimate recipient of the funds. Normally the account owner who is reimbursed by the payer." />
  <Value Id="BF" Name="Beneficiary's bank" Description="Identifies the account servicer for the beneficiary or the payee." />
  <Value Id="BG" Name="Employer" Description="A party that keeps a person in service for payment." />
  <Value Id="BH" Name="Previous employer" Description="Previous employer of a person(s)." />
  <Value Id="BI" Name="Buyer's financial institution" Description="Financial institution designated by buyer to make payment." />
  <Value Id="BJ" Name="Release to party" Description="Party to which the goods or container(s) is (are) to be released." />
  <Value Id="BK" Name="Financial institution" Description="Party acting as financial institution." />
  <Value Id="BL" Name="Bill of lading recipient" Description="Party to receive B/L." />
  <Value Id="BM" Name="Insured" Description="Party which is the object of an insurance contract." />
  <Value Id="BN" Name="Insurance beneficiary" Description="Party which benefits from insurance coverage." />
  <Value Id="BO" Name="Broker or sales office" Description="Party acting in the name of the seller as broker or as sales office." />
  <Value Id="BP" Name="Building site purchaser" Description="Party at the building site responsible for the purchasing of goods and services for that particular site." />
  <Value Id="BQ" Name="Cheque drawn bank" Description="Identifies the bank on which the cheque should be drawn, as instructed by the ordering customer." />
  <Value Id="BS" Name="Bill and ship to" Description="Party receiving goods and relevant invoice." />
  <Value Id="BT" Name="Party to be billed for other than freight (bill to)" Description="Party receiving invoice excluding freight costs." />
  <Value Id="BU" Name="Service bureau" Description="Party carrying out service bureau processing work, (e.g. a payroll bureau)." />
  <Value Id="BV" Name="Member" Description="Member of a group (e.g. of a group of persons or a service scheme)." />
  <Value Id="BW" Name="Borrower" Description="A person who acquires something temporarily with the promise or intention of returning." />
  <Value Id="BX" Name="Building site engineer" Description="Party at the building site responsible for engineering matters for that particular site." />
  <Value Id="BY" Name="Buyer" Description="[3002] Party to which merchandise or services are sold." />
  <Value Id="BZ" Name="Building site forwarder" Description="Party at the building site responsible for forwarding the received goods on that particular site." />
  <Value Id="C1" Name="In care of party no. 1" Description="A person taking responsibility on behalf of party no. 1." />
  <Value Id="C2" Name="In care of party no. 2" Description="A person taking responsibility on behalf of party no. 2." />
  <Value Id="CA" Name="Carrier" Description="[3126] Party undertaking or arranging transport of goods between named points." />
  <Value Id="CB" Name="Customs broker" Description="Agent or representative or a professional Customs clearing agent who deals directly with Customs on behalf of the importer or exporter (CCC)." />
  <Value Id="CC" Name="Claimant" Description="Party who claims goods or insurance." />
  <Value Id="CD" Name="Agent's bank" Description="Bank of the agent." />
  <Value Id="CE" Name="Ceding company" Description="Company which cedes something to someone." />
  <Value Id="CF" Name="Container operator/lessee" Description="Party to whom the possession of specified property (e.g. container) has been conveyed for a period of time in return for rental payments." />
  <Value Id="CG" Name="Carrier's agent" Description="Party authorized to act for or on behalf of carrier." />
  <Value Id="CH" Name="Connecting carrier" Description="Owner or operator of a transportation conveyance to which goods in a given transaction will be transferred." />
  <Value Id="CI" Name="Commission processor" Description="Party who provides extra treatment to goods on commission base." />
  <Value Id="CJ" Name="Previous member" Description="Previous member of a group of persons or a service scheme." />
  <Value Id="CK" Name="Empty equipment despatch party" Description="Party from whose premises empty equipment will be or has been despatched." />
  <Value Id="CL" Name="Container location party" Description="Party from whose premises container will be or has been despatched." />
  <Value Id="CM" Name="Customs" Description="Identification of customs authority relevant to the transaction or shipment." />
  <Value Id="CN" Name="Consignee" Description="[3132] Party to which goods are consigned." />
  <Value Id="CNX" Name="Cash pool top account servicing financial institution" Description="Identification of a financial institution servicing the top account of a cash pool." />
  <Value Id="CNY" Name="Cash pool level account servicing financial institution" Description="Identification of a financial institution servicing the level account of a cash pool." />
  <Value Id="CNZ" Name="Cash pool sub-account servicing financial institution" Description="Identification of a financial institution servicing the sub-account of a cash pool." />
  <Value Id="CO" Name="Corporate office" Description="Identification of the Head Office within a company." />
  <Value Id="COA" Name="Entity in which a financial interest is held" Description="Business in which a financial interest is held." />
  <Value Id="COB" Name="Intermediate level parent company" Description="Identifies an intermediate parent company." />
  <Value Id="COC" Name="Transshipment party" Description="A party responsible for transshipment." />
  <Value Id="COD" Name="Quotation requesting party" Description="Party sending a request for a quotation." />
  <Value Id="COE" Name="Party maintaining the codes used in the message" Description="The party which maintains the codes used in the message." />
  <Value Id="COF" Name="Party maintaining the identifiers used in the message" Description="The party which maintains the identifiers used in the message." />
  <Value Id="COG" Name="Dispatcher" Description="An individual responsible for sending something to a destination." />
  <Value Id="COH" Name="Submitter of sample" Description="An entity responsible for the submission of a sample." />
  <Value Id="COI" Name="Institutional provider" Description="The institution providing the service." />
  <Value Id="COJ" Name="Primary health care provider" Description="Health care provider that has primary responsibility for patient." />
  <Value Id="COK" Name="Assistant surgeon" Description="Physician assisting in surgery." />
  <Value Id="COL" Name="Admitting health care provider" Description="Health care provider that admitted the patient." />
  <Value Id="COM" Name="Referring health care provider" Description="Health care provider that referred patient to current provider of services." />
  <Value Id="CON" Name="Supervising health care provider" Description="Health care provider that supervised the rendering of a service." />
  <Value Id="COO" Name="Party providing financing" Description="Identifies the party providing the financing." />
  <Value Id="COP" Name="Convoying party" Description="Party designated to escort the transported goods." />
  <Value Id="COQ" Name="Nominated bank" Description="Identifies the nominated bank." />
  <Value Id="COR" Name="Family member" Description="Identifies a family member." />
  <Value Id="COS" Name="Co-participant" Description="Identifies another party who participates in an activity." />
  <Value Id="COT" Name="Involved party" Description="Party which is involved in an activity." />
  <Value Id="COU" Name="Assigner" Description="Identifies the entity who assigns." />
  <Value Id="COV" Name="Registered principal" Description="An individual who is registered as a principal for an entity." />
  <Value Id="COW" Name="Freight payer on behalf of the consignor" Description="Freight payer is a third party acting on behalf of the consignor." />
  <Value Id="COX" Name="Freight payer on behalf of the consignee" Description="Freight payer is a third party acting on behalf of the consignee." />
  <Value Id="COY" Name="Party responsible for disinfection" Description="Party responsible for performing disinfection operations." />
  <Value Id="COZ" Name="Party responsible for refueling" Description="Party responsible for performing refueling operations." />
  <Value Id="CP" Name="Party to receive certificate of compliance" Description="Party acting for or on behalf of seller in matters concerning compliance." />
  <Value Id="CPA" Name="Advising bank" Description="Identifies the financial institution used by the issuing bank to advise the documentary credit." />
  <Value Id="CPB" Name="Reimbursing bank" Description="Identifies the financial institution through which the reimbursement is to be effected." />
  <Value Id="CPC" Name="Advise through bank" Description="Identifies the financial institution through which the advising bank is to advise." />
  <Value Id="CPD" Name="Charges payer at destination" Description="Party, other than the ordering party, which has to pay the charges concerning the destination operations." />
  <Value Id="CPE" Name="Transport means master name" Description="[3408] Name of the Master of a means of transport such as vessel." />
  <Value Id="CPF" Name="Means of transport charterer" Description="Charterer of the means of transport." />
  <Value Id="CPG" Name="Excise party" Description="Party to whom excise must be paid." />
  <Value Id="CPH" Name="Copy report to" Description="Party receiving a copy of a report." />
  <Value Id="CPI" Name="Related healthcare party" Description="A healthcare party related to the subject." />
  <Value Id="CPJ" Name="Clinical information provider" Description="Party providing clinical information." />
  <Value Id="CPK" Name="Service requester" Description="Party requesting a service." />
  <Value Id="CPL" Name="Patient admitted by" Description="Party who admitted a patient." />
  <Value Id="CPM" Name="Patient discharged to" Description="The party who receives the discharged patient." />
  <Value Id="CPN" Name="Patient hosted by" Description="The party hosting the patient." />
  <Value Id="CPO" Name="Prescriber's contact person" Description="Contact person for the prescriber." />
  <Value Id="CQ" Name="Cheque order" Description="Party to which the cheque will be ordered, when different from the beneficiary." />
  <Value Id="CR" Name="Empty equipment return party" Description="Party to whose premises empty equipment will be or has been returned." />
  <Value Id="CS" Name="Consolidator" Description="Party consolidating various consignments, payments etc." />
  <Value Id="CT" Name="Consignee to be specified" Description="The party to be identified at a later time as the consignee." />
  <Value Id="CU" Name="Container return company" Description="The company to which containers have to be returned." />
  <Value Id="CV" Name="Consignee of vessel" Description="Party to which the vessel shall be delivered." />
  <Value Id="CW" Name="Equipment owner" Description="Owner of equipment (container, etc.)." />
  <Value Id="CX" Name="Consignee's agent" Description="Party authorized to act on behalf of the consignee." />
  <Value Id="CY" Name="Commissionable agent" Description="IATA cargo agent entitled to commission." />
  <Value Id="CZ" Name="Consignor" Description="[3336] Party which, by contract with a carrier, consigns or sends goods with the carrier, or has them conveyed by him. Synonym: shipper, sender." />
  <Value Id="DA" Name="Available with bank (documentary credits)" Description="Financial institution with whom the documentary credit is available." />
  <Value Id="DB" Name="Distributor branch" Description="The affiliate of a retailer or distributor." />
  <Value Id="DC" Name="Deconsolidator" Description="Party that splits up a large consignment composed of separate consignments of goods. The smaller consignments of goods were grouped together into that large consignment for carriage as a larger unit in order to obtain a reduced rate." />
  <Value Id="DCP" Name="Despatch charge payer" Description="Party, other than the ordering party, which has to pay the charges concerning the despatch operations." />
  <Value Id="DCQ" Name="Prescription database owner" Description="Organisation or person owning a prescription database." />
  <Value Id="DCR" Name="Original prescriber" Description="The doctor who issued the original prescription." />
  <Value Id="DCS" Name="Temporary employee" Description="A person employed on a temporary basis." />
  <Value Id="DCT" Name="Designer" Description="A party who designs." />
  <Value Id="DCU" Name="Quotation delivered to" Description="Party to whom the quotation is to be or has been delivered." />
  <Value Id="DCV" Name="Developer" Description="A party who develops." />
  <Value Id="DCW" Name="Test execution party" Description="The party performing a test." />
  <Value Id="DCX" Name="Party to receive refund" Description="Party to whom a refund is given." />
  <Value Id="DCY" Name="Authorised issuer of prescription" Description="Party authorised to issue a prescription." />
  <Value Id="DCZ" Name="Authorised dispenser of medicine" Description="Organisation or person authorised to dispense medicine." />
  <Value Id="DD" Name="Documentary credit account party's bank" Description="Bank of the documentary credit account party." />
  <Value Id="DDA" Name="Report responsible party" Description="The party or person taking responsibility for a report." />
  <Value Id="DDB" Name="Initial sender" Description="The party who does the initial sending." />
  <Value Id="DDC" Name="The party authorising the original prescription" Description="The party authorising the issuer of the original prescription." />
  <Value Id="DDD" Name="Applicant" Description="A party who applies for something." />
  <Value Id="DDE" Name="Meter reader" Description="A party physically reading the meter." />
  <Value Id="DDF" Name="Primary electronic business contact" Description="Code specifying a party who serves as a business entity's primary contact for matters related to electronic business." />
  <Value Id="DDG" Name="Alternate electronic business contact" Description="Code specifying a party who serves as a business entity's alternate contact for matters related to electronic business." />
  <Value Id="DDH" Name="Primary government business contact" Description="Code specifying a party who serves as a business entity's primary contact for matters related to doing business with the government." />
  <Value Id="DDI" Name="Alternate government business contact" Description="Code specifying a party who serves as a business entity's alternate contact for matters related to doing business with the government." />
  <Value Id="DDJ" Name="Past performance contact" Description="Code specifying a party who serves as a business entity's contact for matters related to the past performance of that entity." />
  <Value Id="DDK" Name="Balance responsible party" Description="A party responsible for balancing supply and consumption." />
  <Value Id="DDL" Name="Group of passengers" Description="A group of persons conveyed by a means of transport, other than the crew." />
  <Value Id="DDM" Name="Grid operator" Description="A party operating a grid." />
  <Value Id="DDN" Name="First financial institution in the transaction chain" Description="Identifies the financial institution that is the point of entry into the interbank transaction chain." />
  <Value Id="DDO" Name="Location manager" Description="Party responsible for the management of the location." />
  <Value Id="DDP" Name="Group leader" Description="Party responsible for leading the group." />
  <Value Id="DDQ" Name="Balance power supplier" Description="The supplier of balance power." />
  <Value Id="DDR" Name="Consignor's freight forwarder" Description="Identification of freight forwarder giving services to the consignor." />
  <Value Id="DDS" Name="Consignee's freight forwarder" Description="Identification of freight forwarder giving services to the consignee." />
  <Value Id="DDT" Name="In transit crew member" Description="The movement of a crew member from one country to another via the territory of an intermediate country for which no entry is intended." />
  <Value Id="DDU" Name="In transit passenger" Description="The movement of a passenger from one country to another via the territory of an intermediate country for which no entry is intended." />
  <Value Id="DDV" Name="Energy consumption imbalance responsible party" Description="A party who can be brought to rights, legally and financially, for any imbalance between energy bought and consumed for all associated metering points." />
  <Value Id="DDW" Name="Energy production imbalance responsible party" Description="A party who can be brought to rights, legally and financially, for any imbalance between energy sold and produced for all associated metering points." />
  <Value Id="DDX" Name="Imbalance settlement responsible party" Description="A party that is responsible for settlement of the difference between planned and realised quantities." />
  <Value Id="DDY" Name="Transmission capacity allocator" Description="A party managing the allocation of transmission capacity." />
  <Value Id="DDZ" Name="Metering point administrator" Description="A party responsible for registering the technical specifications of metering points and the parties linked to them." />
  <Value Id="DE" Name="Depositor" Description="Party depositing goods, financial payments or documents." />
  <Value Id="DEA" Name="Metered data aggregator" Description="A party responsible for aggregation of metered data." />
  <Value Id="DEB" Name="Meter operator" Description="A party responsible for the operation of a meter, including installing  maintaining, testing, certifying and decommissioning." />
  <Value Id="DEC" Name="Party connected to grid" Description="A party that contracts for the right to consume or produce electricity at a metering point." />
  <Value Id="DED" Name="Profile maintenance party" Description="A party that maintains profiles." />
  <Value Id="DEE" Name="Stowaway" Description="A person who hides on a conveyance in order to obtain free passage." />
  <Value Id="DEF" Name="Meat cutter" Description="Person whose job is to cut up and/or mince meat." />
  <Value Id="DEG" Name="Consortium Carrier (maritime)" Description="A marine carrier that transports goods for more than one shipping line between named points." />
  <Value Id="DEH" Name="Non-vessel operating carrier" Description="A carrier that does not operate the vessel." />
  <Value Id="DEI" Name="Means of transport operator" Description="The operator of a means of transport, e.g. the captain of a vessel." />
  <Value Id="DEJ" Name="Stuffing address" Description="Address where cargo is loaded into the transport equipment e.g. container. Synonyms; vanning address / place of vanning." />
  <Value Id="DEK" Name="Mooring service provider" Description="Party responsible for mooring the vessel at the berth in the port. Synonym: Boatmen." />
  <Value Id="DEL" Name="Pilotage service provider" Description="Party responsible for the pilotage of the vessel." />
  <Value Id="DEM" Name="Berth towage service provider" Description="Party responsible for towing the vessel to/from the berth in the port." />
  <Value Id="DEN" Name="Agent/representative, direct representation" Description="Party authorised to act in the name and on behalf of another person." />
  <Value Id="DEO" Name="Agent/representative, indirect representation" Description="Party authorised to act in its own name but on behalf of another person." />
  <Value Id="DEP" Name="Stevedore" Description="A party which handles the loading and unloading of marine vessels from several terminals." />
  <Value Id="DEQ" Name="Shipper" Description="Party responsible for the shipment of goods." />
  <Value Id="DER" Name="Source data pool" Description="A data pool that supports the functionality required by a data source such as data loading, publication, notification, registration, etc." />
  <Value Id="DES" Name="Brand owner" Description="The owner of a brand." />
  <Value Id="DET" Name="Cockpit crew" Description="Cockpit crew and personnel inside cockpit." />
  <Value Id="DEU" Name="Cabin crew" Description="Crew members operating in passenger cabin." />
  <Value Id="DEV" Name="Airline operations management, not in cockpit" Description="Personnel of the airline operations management department positioned outside the cockpit." />
  <Value Id="DEW" Name="Cargo non-cockpit crew and/or non-crew personnel" Description="Employees of the carrier, cargo groomers, or special cargo handlers, that are not authorized to ride in the cockpit." />
  <Value Id="DEX" Name="Pilots seated outside cockpit" Description="Pilots currently not in charge of flying the aircraft and not present in the cockpit." />
  <Value Id="DEY" Name="Commercial verifier" Description="A party recognized under relevant legislation to undertake official verification." />
  <Value Id="DEZ" Name="Authorized issuer" Description="A person authorized under relevant legislation for the purpose of issuing official assurances." />
  <Value Id="DF" Name="Documentary credit applicant" Description="Party at whose request the applicant's bank/issuing bank is to issue a documentary credit." />
  <Value Id="DFA" Name="Bank for deposit of duties/taxes/fees" Description="Bank that is authorized to receive the deposit for duties, taxes, and fees." />
  <Value Id="DFB" Name="Company security officer (IMO Circular MSC 1130)" Description="The company security officer as described in IMO Circular MSC 1130." />
  <Value Id="DFC" Name="Distiller" Description="The party providing distillation services." />
  <Value Id="DFD" Name="Drayman/lighterman" Description="The bonded (insured) party that moves goods within port limits." />
  <Value Id="DFE" Name="Exhibitor" Description="The party who offers items for exhibit or show." />
  <Value Id="DFF" Name="Feedlot" Description="A commercial establishment that feeds livestock." />
  <Value Id="DFG" Name="Government official" Description="A person appointed to some position of responsibility or authority in the government." />
  <Value Id="DFH" Name="Government service requestor" Description="The party requesting inspection, grading, or other government service." />
  <Value Id="DFI" Name="Crop grower" Description="The party who grows crops." />
  <Value Id="DFJ" Name="ISPS Responsible Party" Description="The responsible party as identified and defined in the International Ship and Port Facility Security Code (ISPS)." />
  <Value Id="DFK" Name="LPCO authorized party" Description="The party to whom the License, Permit, Certificate, or Other required document (LPCO) is issued." />
  <Value Id="DFL" Name="Operator of property, registered" Description="The registered operator of the property." />
  <Value Id="DFM" Name="Organic growth certifier, accredited" Description="An organization that is accredited to certify organic growth processes." />
  <Value Id="DFN" Name="Party holding Certificate of Financial Responsibility" Description="The party holding the Certificate of Financial Responsibility (COFR)." />
  <Value Id="DFO" Name="Port facility security officer" Description="The individual (person) designated as the port facility security officer responsible for port security requirements." />
  <Value Id="DFP" Name="Vehicle owner" Description="The owner of the vehicle." />
  <Value Id="DFQ" Name="Security certificate issuer, recognized" Description="Organization recogized for issuing security certificates." />
  <Value Id="DFR" Name="Ship Security Officer" Description="The person who is appointed as Ship Security Officer (SSO)." />
  <Value Id="DFS" Name="Certificate issuer, veterinary" Description="The person who issues veterinary certificates." />
  <Value Id="DFT" Name="Assembler" Description="The party putting together various components or parts into a product or commodity." />
  <Value Id="DG" Name="Documentary credit beneficiary" Description="Party in whose favour the documentary credit is to be issued and the party that must comply with the credit's terms and conditions." />
  <Value Id="DH" Name="Documentary credit account party" Description="Party which is responsible for the payment settlement of the documentary credit with the applicant's bank/issuing bank, if different from the documentary credit applicant." />
  <Value Id="DI" Name="Documentary credit second beneficiary" Description="Party to whom the documentary credit can be transferred." />
  <Value Id="DJ" Name="Party according to documentary credit transaction" Description="Party related to documentary credit transaction." />
  <Value Id="DK" Name="Documentary credit beneficiary's bank" Description="Financial institution with which the beneficiary of the documentary credit maintains an account." />
  <Value Id="DL" Name="Factor" Description="Company offering a financial service whereby a firm sells or transfers title to its accounts receivable to the factoring company." />
  <Value Id="DM" Name="Party to whom documents are to be presented" Description="Party to whom documents are to be presented." />
  <Value Id="DN" Name="Owner of operation" Description="Owner of the operation." />
  <Value Id="DO" Name="Document recipient" Description="[1370] Party which should receive a specified document." />
  <Value Id="DP" Name="Delivery party" Description="[3144] Party to which goods should be delivered, if not identical with consignee, such as the place where a container is to be, or has been, positioned." />
  <Value Id="DQ" Name="Owner's agent" Description="Person acting on delegation of powers of the owner." />
  <Value Id="DR" Name="Driver" Description="Person who drives a means of transport." />
  <Value Id="DS" Name="Distributor" Description="Party distributing goods, financial payments or documents." />
  <Value Id="DT" Name="Declarant" Description="[3140] Party which makes a declaration to an official body or - where legally permitted - in whose name, or on whose behalf, a declaration to an official body is made." />
  <Value Id="DU" Name="Owner's representative" Description="Person commissioned by the owner to represent him in certain circumstances." />
  <Value Id="DV" Name="Project management office" Description="Party commissioned by the owner to follow through the execution of all works." />
  <Value Id="DW" Name="Drawee" Description="Party on whom drafts must be drawn." />
  <Value Id="DX" Name="Engineer (construction)" Description="Party representing the contractor to advise and supervise engineering aspects of the works." />
  <Value Id="DY" Name="Engineer, resident (construction)" Description="Party commissioned by the owner to advise and supervise engineering aspects of the works." />
  <Value Id="DZ" Name="Architect" Description="A designer who prepares plans for buildings, ships, etc. and supervises their construction." />
  <Value Id="EA" Name="Architect-designer" Description="Designer of the construction project." />
  <Value Id="EB" Name="Building inspectorate" Description="Party controlling the conformity of works to legal and regulation rules." />
  <Value Id="EC" Name="Exchanger" Description="Party exchanging currencies or goods." />
  <Value Id="ED" Name="Engineer, consultant" Description="Party providing professional engineering services." />
  <Value Id="EE" Name="Location of goods for customs examination before clearance" Description="The location where the goods are examined by customs before clearance." />
  <Value Id="EF" Name="Project coordination office" Description="Party responsible for technical coordination of works." />
  <Value Id="EG" Name="Surveyor, topographical" Description="Party responsible for topographical measurements." />
  <Value Id="EH" Name="Engineer, measurement" Description="Party responsible for quantity measurements." />
  <Value Id="EI" Name="Controller, quality" Description="Party controlling the quality of goods and workmanship for the project." />
  <Value Id="EJ" Name="Surveyor, quantity" Description="Party responsible for the quantification and valuation of the works on behalf of the contractor." />
  <Value Id="EK" Name="Surveyor (professional), quantity" Description="Party responsible to the owner for the quantification and valuation of the works." />
  <Value Id="EL" Name="Project" Description="Party responsible for a project, e.g. a construction project." />
  <Value Id="EM" Name="Party to receive electronic memo of invoice" Description="Party being informed about invoice issue (via EDI)." />
  <Value Id="EN" Name="Tenderer" Description="Firm answering an invitation to tender." />
  <Value Id="EO" Name="Owner of equipment" Description="Party who owns equipment." />
  <Value Id="EP" Name="Equipment drop-off party" Description="The party which drops off equipment." />
  <Value Id="EQ" Name="Empty container responsible party" Description="Party responsible for the empty container." />
  <Value Id="ER" Name="Empty container return agent" Description="Party, designated by owner of containers, responsible for their collection as agreed between the owner and customer/ consignee." />
  <Value Id="ES" Name="Contractor, lead" Description="Leader representing a grouping of co-contractors." />
  <Value Id="ET" Name="Co-contractor" Description="Member of a grouping of co-contractors." />
  <Value Id="EU" Name="Contractor, general" Description="Single contractor for the whole construction project, working by his own or with subcontractors." />
  <Value Id="EV" Name="Subcontractor" Description="Firm carrying out a part of the works for a contractor." />
  <Value Id="EW" Name="Subcontractor with direct payment" Description="Subcontractor benefiting from direct payments." />
  <Value Id="EX" Name="Exporter" Description="[3030] Party who makes, or on whose behalf the export declaration is made, and who is the owner of the goods or has similar rights of disposal over them at the time when the declaration is accepted." />
  <Value Id="EY" Name="Subcontractor, nominated" Description="Subcontractor authorized by the owner after having been proposed." />
  <Value Id="EZ" Name="Operator, essential services" Description="Operator of essential services e.g. water, sewerage system, power." />
  <Value Id="FA" Name="Operator, communication channel" Description="Operator of a communication channel." />
  <Value Id="FB" Name="Nominated freight company" Description="Party nominated to act as transport company or carrier for the goods." />
  <Value Id="FC" Name="Contractor, main" Description="Firm or grouping of co-contractors which has been awarded the contract." />
  <Value Id="FD" Name="Buyer's parent company" Description="Parent company, e.g. holding company." />
  <Value Id="FE" Name="Credit rating agency" Description="A party which evaluates another party for credit rating." />
  <Value Id="FF" Name="Factor, correspondent" Description="Factoring company engaged by another factoring company to assist the letter with the services provided to the clients (sellers)." />
  <Value Id="FG" Name="Buyer as officially registered" Description="Buying party as officially registered with government." />
  <Value Id="FH" Name="Seller as officially registered" Description="Selling party as officially registered with government." />
  <Value Id="FI" Name="Copy message to" Description="Party that is to receive a copy of a message." />
  <Value Id="FJ" Name="Trade Union" Description="Organisation representing employees." />
  <Value Id="FK" Name="Previous Trade Union" Description="Employee organisation who previously represented an employee ." />
  <Value Id="FL" Name="Passenger" Description="A person conveyed by a means of transport, other than the crew." />
  <Value Id="FM" Name="Crew member" Description="A person manning a means of transport." />
  <Value Id="FN" Name="Tariff issuer" Description="The issuer of a tariff, e.g. a freight tariff." />
  <Value Id="FO" Name="Party performing inspection" Description="A party which inspects something." />
  <Value Id="FP" Name="Freight/charges payer" Description="Party responsible for the payment of freight." />
  <Value Id="FQ" Name="Container survey agent" Description="The container survey agency that will survey the containers." />
  <Value Id="FR" Name="Message from" Description="Party where the message comes from." />
  <Value Id="FS" Name="Party authorized to make definite a contract action" Description="Party who has the authority to make definite a contract action." />
  <Value Id="FT" Name="Financial settlement party" Description="[3450] Party responsible for either the transfer or repatriation of the funds relating to a transaction." />
  <Value Id="FU" Name="Hazardous material office" Description="The office responsible for providing information regarding hazardous material." />
  <Value Id="FV" Name="Party providing government furnished property" Description="The party responsible for providing government furnished property." />
  <Value Id="FW" Name="Freight forwarder" Description="Party arranging forwarding of goods." />
  <Value Id="FX" Name="Current receiver" Description="Current receiver of the goods in a multi-step transportation process (indirect flow) involving at least one grouping centre." />
  <Value Id="FY" Name="Current sender" Description="Current sender of the goods in a multi-step transportation process (indirect flow) involving at least one grouping centre." />
  <Value Id="FZ" Name="Grouping centre" Description="A party in charge of groupage, including degroupage and regroupage." />
  <Value Id="GA" Name="Road carrier" Description="A road carrier moving cargo." />
  <Value Id="GB" Name="Chamber of commerce" Description="Name of the Chamber of Commerce of the town where the company is registered." />
  <Value Id="GC" Name="Goods custodian" Description="[3024] Party responsible for the keeping of goods." />
  <Value Id="GD" Name="Producer" Description="Party or person who has produced the produce." />
  <Value Id="GE" Name="Registration tribunal" Description="Name of the tribunal where the company is registered." />
  <Value Id="GF" Name="Slot charter party" Description="An identification code of a participant or user that books slots (space) on a ship, more likely on a long term basis on a series of sailings. He pays for the space whether he uses it or not." />
  <Value Id="GH" Name="Applicant for job" Description="A person who applied for a job." />
  <Value Id="GI" Name="Spouse" Description="Person is a spouse." />
  <Value Id="GJ" Name="Mother" Description="Person is a mother." />
  <Value Id="GK" Name="Father" Description="Person is a father." />
  <Value Id="GL" Name="Socially insured person" Description="A person who is registered in a social security scheme." />
  <Value Id="GM" Name="Inventory controller" Description="To specifically identify the party in charge of inventory control." />
  <Value Id="GN" Name="Processor" Description="Party or person who has or will apply a process." />
  <Value Id="GO" Name="Goods owner" Description="The party which owns the goods." />
  <Value Id="GP" Name="Packer" Description="Party or person who has undertaken or will undertake packing." />
  <Value Id="GQ" Name="Slaughterer" Description="Party or person who has undertaken or will undertake a slaughter." />
  <Value Id="GR" Name="Goods releasing party" Description="[3026] Party entitled to authorize release of goods from custodian." />
  <Value Id="GS" Name="Consignor's representative" Description="Party authorised to represent the consignor." />
  <Value Id="GT" Name="Rail carrier" Description="A carrier moving cargo, including containers, via rail." />
  <Value Id="GU" Name="Originator of article number" Description="A code identifying the party which created a specific article number." />
  <Value Id="GV" Name="Procurement responsibility for order" Description="A code used to identify the organization which is responsible for the procurement." />
  <Value Id="GW" Name="Party fulfilling all operations" Description="Code indicating the fact that the party identified carries out all operations within that company's activities." />
  <Value Id="GX" Name="Central catalogue party" Description="Party controlling a central catalogue." />
  <Value Id="GY" Name="Inventory reporting party" Description="Party reporting inventory information." />
  <Value Id="GZ" Name="Substitute supplier" Description="Party which may be in a position to supply products or services should the main usual supplier be unable to do so." />
  <Value Id="HA" Name="Party which delivers consignments to the terminal" Description="Party which delivers consignments to a terminal." />
  <Value Id="HB" Name="Party which picks up consignments from the terminal" Description="Party which picks up consignments from a terminal." />
  <Value Id="HC" Name="Transit freight forwarder" Description="Freight forwarder to whom transit consignments are addressed, and from whom they are to be on-forwarded." />
  <Value Id="HD" Name="Inspection and acceptance party" Description="The party who will perform inspection and acceptance." />
  <Value Id="HE" Name="Transportation office" Description="The office that provides transportation information." />
  <Value Id="HF" Name="Contract administration office" Description="The office responsible for the administration of a contract." />
  <Value Id="HG" Name="Investigator" Description="A party who conducts investigations." />
  <Value Id="HH" Name="Audit office" Description="The office responsible for conducting audits." />
  <Value Id="HI" Name="Requestor" Description="The party requesting an action." />
  <Value Id="HJ" Name="Foreign disclosure information office" Description="The office that reviews sensitive information for foreign disclosure." />
  <Value Id="HK" Name="Mark-for party" Description="The party within an organization for whom the material is marked to be delivered." />
  <Value Id="HL" Name="Party to receive reports" Description="The party to whom reports are to be submitted." />
  <Value Id="HM" Name="Alternative manufacturer" Description="Party identification of an alternative manufacturer for a product." />
  <Value Id="HN" Name="Service performer" Description="The party who is performing a service." />
  <Value Id="HO" Name="Shipper's association" Description="An association of shippers." />
  <Value Id="HP" Name="Final message recipient" Description="To identify the final recipient of the message." />
  <Value Id="HQ" Name="Account owner" Description="Identifies the owner of the account." />
  <Value Id="HR" Name="Shipping line service" Description="Identifies the shipping line service organization." />
  <Value Id="HS" Name="Creditor" Description="Party to whom payment is due." />
  <Value Id="HT" Name="Clearing house" Description="Institution through which funds will be paid." />
  <Value Id="HU" Name="Ordering bank" Description="Bank which instructed the sender to act on the transaction(s)." />
  <Value Id="HV" Name="Receiver of funds" Description="Identifies the financial party that receives the funds." />
  <Value Id="HW" Name="Sender of funds" Description="Identifies the party that sends the funds." />
  <Value Id="HX" Name="Debtor" Description="Party from whom payment is due." />
  <Value Id="HY" Name="Presenting bank" Description="The bank which presents documents to the drawee." />
  <Value Id="HZ" Name="Work team" Description="Team responsible for performing work." />
  <Value Id="I1" Name="Intermediary bank 1" Description="A financial institution between the ordered bank and the beneficiary's bank." />
  <Value Id="I2" Name="Intermediary bank 2" Description="A financial institution between the ordered bank and the beneficiary's bank." />
  <Value Id="IB" Name="Intermediary/broker" Description="A person intervening between parties to produce agreement or reconciliation." />
  <Value Id="IC" Name="Intermediate consignee" Description="The intermediate consignee." />
  <Value Id="ID" Name="Replacing manufacturer" Description="A code used to identify a party who replaces the previous party for the manufacture of an article." />
  <Value Id="IE" Name="Non-resident third party company with whom financial account is held" Description="Identifies the non-resident third party company with whom the financial account is held." />
  <Value Id="IF" Name="Non-resident group company with whom financial account is held" Description="Identifies the non-resident group company with whom the financial account is held." />
  <Value Id="IG" Name="Non-resident beneficiary" Description="The ultimate non-resident recipient of the funds. Normally the account owner who is reimbursed by the payer." />
  <Value Id="IH" Name="Resident beneficiary" Description="The ultimate resident recipient of the funds. Normally the account owner who is reimbursed by the payer." />
  <Value Id="II" Name="Invoice issuer" Description="[3028] Party issuing an invoice." />
  <Value Id="IJ" Name="Non-resident instructing party" Description="Identifies the non-resident party originating the instruction." />
  <Value Id="IL" Name="Resident instructing party" Description="Identifies the resident party originating the instruction." />
  <Value Id="IM" Name="Importer" Description="[3020] Party who makes - or on whose behalf a Customs clearing agent or other authorized person makes - an import declaration. This may include a person who has possession of the goods or to whom the goods are consigned." />
  <Value Id="IN" Name="Insurer" Description="A person or company offering insurance policies for premiums." />
  <Value Id="IO" Name="Insurance company" Description="A company engaged in the business of insurance." />
  <Value Id="IP" Name="Insurance claim adjuster" Description="A party which adjusts losses on behalf of an insurer." />
  <Value Id="IQ" Name="Domestic financial institution" Description="Domestic party acting as financial institution." />
  <Value Id="IR" Name="Non-domestic financial institution" Description="Non-domestic party acting as financial institution." />
  <Value Id="IS" Name="Party to receive certified inspection report" Description="Party (at buyer) to receive certified inspection report." />
  <Value Id="IT" Name="Installation on site" Description="A party who possesses the site on which an installation shall be made." />
  <Value Id="IU" Name="Non-resident debtor" Description="Non-resident party who makes the payment or against whom a claim exists." />
  <Value Id="IV" Name="Invoicee" Description="[3006] Party to whom an invoice is issued." />
  <Value Id="IW" Name="Non-resident creditor" Description="Non-resident party receiving the payment or against whom a liability exists." />
  <Value Id="IX" Name="Supplier work team" Description="The supplier's team responsible for performing the work." />
  <Value Id="IY" Name="Tenant manager" Description="A code to identify the party who rents the rights to use the goodwill and facilities of an enterprise." />
  <Value Id="IZ" Name="Party mandated to liquidate an enterprise" Description="A code to identify the party who has been legally mandated to sell off an enterprise." />
  <Value Id="JA" Name="Certified accountant" Description="Code identifying the party as a certified accountant." />
  <Value Id="JB" Name="Goods collection party" Description="Party that will collect or has collected the goods." />
  <Value Id="JC" Name="Party at final place of positioning" Description="Identifies the party at the final place of positioning." />
  <Value Id="JD" Name="Customs office of clearance" Description="Identifies the office where customs clearance procedures take place." />
  <Value Id="JE" Name="Party from whom customs documents are to be picked up" Description="Identification of the party from whom customs documents are to be picked up." />
  <Value Id="JF" Name="Party from whom non-customs documents are to be picked up" Description="Identification of the party from whom non-customs documents are to be picked up." />
  <Value Id="JG" Name="Party to receive customs documents" Description="Identification of the party to whom customs documents are to be delivered." />
  <Value Id="JH" Name="Party to receive non-customs documents" Description="Identification of the party to whom non-customs documents are to be delivered." />
  <Value Id="LA" Name="Party designated to provide living animal care" Description="Party responsible to take care of transported living animals." />
  <Value Id="LB" Name="Co-producer" Description="A code used to identify a party who participates in production." />
  <Value Id="LC" Name="Party declaring the Value Added Tax (VAT)" Description="A code to identify the party who is responsible for declaring the Value Added Tax (VAT) on the sale of goods or services." />
  <Value Id="LD" Name="Party recovering the Value Added Tax (VAT)" Description="A code to identify the party who is eligible to recover the Value Added Tax (VAT) on the sale of goods or services." />
  <Value Id="LE" Name="Person on claim" Description="To identify the person who is the subject of the claim." />
  <Value Id="LF" Name="Buyer's corporate office" Description="The identification of the buyer's corporate office." />
  <Value Id="LG" Name="Supplier's corporate office" Description="The identification of the supplier's corporate office." />
  <Value Id="LH" Name="Liquidator" Description="The party responsible for settling or paying a debt." />
  <Value Id="LI" Name="Account coordinator" Description="An individual with coordination responsibilities for a specific account." />
  <Value Id="LJ" Name="Inspection leader" Description="An individual responsible for an inspection team." />
  <Value Id="LK" Name="Patient" Description="A person receiving or registered to receive medical treatment." />
  <Value Id="LL" Name="Patient companion" Description="Person accompanying the patient." />
  <Value Id="LM" Name="Medical treatment executant" Description="The party who executes a medical treatment." />
  <Value Id="LN" Name="Lender" Description="Party lending goods or equipment." />
  <Value Id="LO" Name="Medical treatment prescriber" Description="The party who prescribes a medical treatment." />
  <Value Id="LP" Name="Loading party" Description="Party responsible for the loading when other than carrier." />
  <Value Id="LQ" Name="Debt payment authorisation party" Description="A party which authorises the payment of a debt." />
  <Value Id="LR" Name="Administration centre" Description="Identification of an administration centre." />
  <Value Id="LS" Name="Product services and repairs centre" Description="A centre which services and repairs products." />
  <Value Id="LT" Name="Secretariat" Description="Party is a secretariat." />
  <Value Id="LU" Name="Entry point technical assessment group" Description="Party acts as an entry point for technical assessment." />
  <Value Id="LV" Name="Party assigning a status" Description="Party responsible for assigning a status." />
  <Value Id="MA" Name="Party for whom item is ultimately intended" Description="Party for whom item is ultimately intended." />
  <Value Id="MAD" Name="Meter administrator" Description="A party responsible for keeping a register of meters and related characteristics." />
  <Value Id="MDR" Name="Metered data responsible" Description="A party responsible for the establishment and validation of metered data received from the Metered Data Collector." />
  <Value Id="MF" Name="Manufacturer of goods" Description="[3513] Party who manufactures the goods." />
  <Value Id="MG" Name="Party designated to execute re-icing" Description="Party designated to execute re-icing, selected in the official list of mandatories competent for this kind of operation." />
  <Value Id="MI" Name="Planning schedule/material release issuer" Description="A party issuing a planning schedule/material release." />
  <Value Id="MP" Name="Manufacturing unit" Description="A party acting as a particular production unit of a manufacturer." />
  <Value Id="MR" Name="Message recipient" Description="A party to receive a message or messages." />
  <Value Id="MS" Name="Document/message issuer/sender" Description="Issuer of a document and/or sender of a message." />
  <Value Id="MT" Name="Party designated to execute sanitary procedures" Description="A party which is designated to execute sanitary procedures." />
  <Value Id="N2" Name="Notify party no. 2" Description="The second party which is to be notified." />
  <Value Id="NI" Name="Notify party" Description="[3180] Party to be notified. Synonym: Notify party No. 1." />
  <Value Id="OA" Name="Break bulk berth operator" Description="Party who offers facilities for berthing of vessels, handling and storage of break bulk cargo." />
  <Value Id="OB" Name="Ordered by" Description="Party who issued an order." />
  <Value Id="OC" Name="Party data responsible party" Description="The party responsible for all party data." />
  <Value Id="OD" Name="Equipment repair party" Description="A party making repairs to equipment." />
  <Value Id="OE" Name="Owner of property" Description="Party owning a property." />
  <Value Id="OF" Name="On behalf of" Description="Party on behalf of which an action is executed." />
  <Value Id="OG" Name="Owner or lessor's surveyor" Description="Surveyor hired by the owner or lessor of the item." />
  <Value Id="OH" Name="Lessee's surveyor" Description="Surveyor hired by the lessee of the item." />
  <Value Id="OI" Name="Outside inspection agency" Description="Third party inspecting goods or equipment." />
  <Value Id="OJ" Name="Third party" Description="Another party besides the two principals." />
  <Value Id="OK" Name="Receiver's sub-entity" Description="Identifies a sub-entity within the receiver's organization." />
  <Value Id="OL" Name="Case of need party" Description="Party to be approached in case of difficulty." />
  <Value Id="OM" Name="Collecting bank" Description="Any bank, other than the remitting bank, involved in processing the collection." />
  <Value Id="ON" Name="Remitting bank" Description="The bank to which the principal has entrusted the handling of a collection." />
  <Value Id="OO" Name="Order of the shipper party" Description="The owner of goods under consignment which are moving under a negotiable transport document and will only be released upon receipt of the original transport document." />
  <Value Id="OP" Name="Operator of property or equipment" Description="The party which operates property or a unit of equipment." />
  <Value Id="OQ" Name="Collection principal" Description="The party entrusting the handling of a collection to a bank." />
  <Value Id="OR" Name="Ordered bank" Description="Identifies the bank servicing the account for the ordering customer or payer." />
  <Value Id="OS" Name="Original shipper" Description="The original supplier of the goods." />
  <Value Id="OT" Name="Outside test agency" Description="Third party testing goods, equipment or services." />
  <Value Id="OU" Name="Account owner's servicing bank on the sending side" Description="Identifies the financial institution on the sending side which services the account owner's bank account(s)." />
  <Value Id="OV" Name="Transport means owner" Description="Party owning the means of transport. No synonym of carrier (= CA)." />
  <Value Id="OW" Name="Account owner's servicing bank on the receiving side" Description="Identifies the financial institution on the receiving side which services the account owner's bank account(s)." />
  <Value Id="OX" Name="Sender's correspondent bank" Description="The account, or branch of the sender, or another financial institution, through which the sender will reimburse the receiver." />
  <Value Id="OY" Name="Ordering customer" Description="Identifies the originator of the instruction." />
  <Value Id="OZ" Name="Receiver's correspondent bank" Description="The branch of the receiver, or another financial institution, at which the funds will be made available to the receiver." />
  <Value Id="P1" Name="Contact party 1" Description="First party to contact." />
  <Value Id="P2" Name="Contact party 2" Description="Second party to contact." />
  <Value Id="P3" Name="Contact party 3" Description="Third party to contact." />
  <Value Id="P4" Name="Contact party 4" Description="Fourth party to contact." />
  <Value Id="PA" Name="Party to receive inspection report" Description="Party to whom the inspection report should be sent." />
  <Value Id="PB" Name="Paying financial institution" Description="Financial institution designated to make payment." />
  <Value Id="PC" Name="Actual purchaser's customer" Description="Party the purchaser within the actual message is selling the ordered goods or services to." />
  <Value Id="PD" Name="Purchaser's department buyer" Description="Purchasing department of buyer." />
  <Value Id="PE" Name="Payee" Description="Identifies the credit party when other than the beneficiary." />
  <Value Id="PF" Name="Party to receive freight bill" Description="Party to whom the freight bill should be sent." />
  <Value Id="PG" Name="Prime contractor" Description="Party responsible for the whole project if other than the buyer." />
  <Value Id="PH" Name="Payer's financial institution" Description="Institution chosen by the payer to execute financial transactions on his behalf." />
  <Value Id="PI" Name="Payee's company name/ID" Description="Receiving company name/ID (ACH transfers)." />
  <Value Id="PJ" Name="Party to receive correspondence" Description="Second party designated by a first party to receive certain correspondence in lieu of it being mailed directly to this first party." />
  <Value Id="PK" Name="Contact party" Description="Party to contact." />
  <Value Id="PM" Name="Party to receive paper memo of invoice" Description="Party being informed about invoice issue (via paper)." />
  <Value Id="PN" Name="Party to receive shipping notice" Description="The party is to be the recipient of the shipping notice." />
  <Value Id="PO" Name="Ordering party" Description="To be used only if ordering party and buyer are not identical." />
  <Value Id="PQ" Name="Certifying party" Description="A party which certifies something." />
  <Value Id="PR" Name="Payer" Description="[3308] Party responsible for making a payment." />
  <Value Id="PS" Name="Payer's company name/ID (Check, Draft or Wire)" Description="Party to send cheque, draft or wire for payment." />
  <Value Id="PT" Name="Party to receive test report" Description="A party which is named to be the recipient of test reports." />
  <Value Id="PW" Name="Despatch party" Description="[3282] Party where goods are to be, or have been, taken over by a carrier such as the place where a container is picked-up." />
  <Value Id="PX" Name="Party to receive all documents" Description="A party which is named to be the recipient of all documents." />
  <Value Id="PY" Name="Checking party" Description="Party or contact designated on behalf of carrier or his agent to establish the actual figures for quantities, weight, volume and/or (cube) measurements of goods or containers which are to appear in the transport contract and on which charges will be based." />
  <Value Id="PZ" Name="Party to print some document" Description="The party that is to print a specific document." />
  <Value Id="RA" Name="Central bank or regulatory authority" Description="Identifies central bank or regulatory authority which must be informed of certain aspects of a message." />
  <Value Id="RB" Name="Receiving financial institution" Description="Financial institution designated to receive payment." />
  <Value Id="RE" Name="Party to receive commercial invoice remittance" Description="Party to whom payment for a commercial invoice or bill should be remitted." />
  <Value Id="RF" Name="Received from" Description="Name of a person or department which actually delivers the goods." />
  <Value Id="RH" Name="Seller's financial institution" Description="Financial institution designated by seller to receive payment. RDFI (ACH transfers)." />
  <Value Id="RI" Name="Reinsurance intermediary/broker" Description="Intermediary party between ceding company and reinsurance." />
  <Value Id="RL" Name="Reporting carrier (Customs)" Description="Party who makes the cargo report to Customs." />
  <Value Id="RM" Name="Reporting carrier's nominated agent/representative (Customs)" Description="Agent who formally makes a cargo report to Customs on behalf of the carrier." />
  <Value Id="RP" Name="Routing party" Description="Party responsible for the selection of the carrier(s)." />
  <Value Id="RS" Name="Party to receive statement of account" Description="Party to whom the statement of account should be sent." />
  <Value Id="RV" Name="Receiver of cheque" Description="Identifies the party which is to receive the actual cheque, when different from the receiver of funds." />
  <Value Id="RW" Name="Issuer of waybill" Description="Party issuing the contract (waybill) for carriage." />
  <Value Id="SB" Name="Sales responsibility" Description="A party being responsible for sales." />
  <Value Id="SE" Name="Seller" Description="[3346] Party selling merchandise or services to a buyer." />
  <Value Id="SF" Name="Ship from" Description="Identification of the party from where goods will be or have been shipped." />
  <Value Id="SG" Name="Store group" Description="A chain of shops or stores." />
  <Value Id="SI" Name="Shipping schedule issuer" Description="The party which issues a shipping schedule." />
  <Value Id="SN" Name="Store keeper" Description="A party keeping a shop or store." />
  <Value Id="SO" Name="Sold to if different than bill to" Description="Party to whom the goods have been sold, if different to the bill to party." />
  <Value Id="SR" Name="Seller agent" Description="[3254] Party representing the seller for the purpose of a trade transaction." />
  <Value Id="SS" Name="Social securities collector's office" Description="Party collecting social securities premiums." />
  <Value Id="ST" Name="Ship to" Description="Identification of the party to where goods will be or have been shipped." />
  <Value Id="SU" Name="Supplier" Description="Party who supplies goods and or services." />
  <Value Id="SX" Name="Surety for additions" Description="Natural of legal person (generally a bank of insurance company) who accepts responsibility in due legal form for the financial guarantee to Customs of the payment of additional duties or fees that become due against a particular shipment, which have not previously been covered by surety." />
  <Value Id="SY" Name="Surety" Description="Natural or legal person (generally a bank or insurance company) who accepts responsibility in due legal form for the financial consequences of non-fulfillment of another's obligations to the Customs (CCC)." />
  <Value Id="SZ" Name="Surety for antidumping/countervailing duty" Description="Natural or legal person that has been contracted by the importer to guarantee to Customs the payment of antidumping and/or countervailing duties that become due against a particular shipment." />
  <Value Id="TA" Name="Legal receiver" Description="The party responsible for a receivership." />
  <Value Id="TB" Name="Submitter" Description="To specify that the party is a submitter." />
  <Value Id="TC" Name="Tax collector's office" Description="Party collecting taxes." />
  <Value Id="TCP" Name="Transit charge payer" Description="Party, other than the ordering party, which has to pay the charges concerning the transit operations." />
  <Value Id="TCR" Name="Transport capacity responsible party" Description="Party responsible for transport capacity." />
  <Value Id="TD" Name="Party to receive technical documentation" Description="Party to whom technical documentation should be sent." />
  <Value Id="TE" Name="Bankruptcy referee" Description="To specify that the party is a referee in a bankruptcy case." />
  <Value Id="TF" Name="Source of information" Description="To specify that the party is the source of information." />
  <Value Id="TG" Name="Judge" Description="To specify that the party is a judge." />
  <Value Id="TH" Name="Attorney" Description="To specify that the party is an attorney." />
  <Value Id="TI" Name="Law firm" Description="To specify that the party is a law firm." />
  <Value Id="TJ" Name="Trustee" Description="To specify that the party is a trustee." />
  <Value Id="TK" Name="Signatory" Description="To specify that the party is a signatory." />
  <Value Id="TL" Name="Occupant" Description="The party is an occupant." />
  <Value Id="TM" Name="Co-occupant" Description="The party is a co-occupant." />
  <Value Id="TN" Name="Subject of inquiry" Description="The party is the subject of an inquiry." />
  <Value Id="TO" Name="Lessor" Description="The party is a lessor." />
  <Value Id="TP" Name="Owner of residence" Description="Identifies the owner of a residence." />
  <Value Id="TQ" Name="Founder" Description="Identifies the founder." />
  <Value Id="TR" Name="Terminal operator" Description="A party which handles the loading and unloading of marine vessels." />
  <Value Id="TS" Name="Party to receive certified test results" Description="Party to whom the certified test results should be sent." />
  <Value Id="TT" Name="Transfer to" Description="The party which is the recipient of a transfer." />
  <Value Id="TU" Name="President" Description="Identifies the president." />
  <Value Id="TV" Name="Chairperson" Description="Identifies the chairperson." />
  <Value Id="TW" Name="Legal title holder" Description="Identifies the legal title holder." />
  <Value Id="TX" Name="Shareholder" Description="Identifies a shareholder." />
  <Value Id="TY" Name="Provider" Description="Identifies the provider." />
  <Value Id="TZ" Name="Military branch" Description="Identifies the branch of the military." />
  <Value Id="UA" Name="Educational institution" Description="Identifies a university, college or school." />
  <Value Id="UB" Name="Assignor" Description="Identifies the assignor." />
  <Value Id="UC" Name="Ultimate consignee" Description="Party who has been designated on the invoice or packing list as the final recipient of the stated merchandise." />
  <Value Id="UD" Name="Ultimate customer" Description="The final recipient of goods." />
  <Value Id="UE" Name="Advisor" Description="Identifies the advisor." />
  <Value Id="UF" Name="Co-defendant" Description="Identifies the co-defendant." />
  <Value Id="UG" Name="Merged company with retained identity" Description="Company whose identity has been retained from a merger." />
  <Value Id="UH" Name="Party represented" Description="Identifies the party represented." />
  <Value Id="UHP" Name="Unexpected handling party" Description="Party authorized (during a voyage) to apply unexpected handling procedures or party having applied these procedures." />
  <Value Id="UI" Name="Assignee" Description="Identifies the assignee." />
  <Value Id="UJ" Name="Key person" Description="Identifies the key person." />
  <Value Id="UK" Name="Author" Description="Identifies the author." />
  <Value Id="UL" Name="Ultimate parent company" Description="Identifies the ultimate parent company." />
  <Value Id="UM" Name="Party not to be confused with" Description="Identifies a party not to be confused with another party." />
  <Value Id="UN" Name="Accountant" Description="Identifies the accountant." />
  <Value Id="UO" Name="Plaintiff" Description="Identifies the plaintiff." />
  <Value Id="UP" Name="Unloading party" Description="A party to unload the goods." />
  <Value Id="UQ" Name="Parent company" Description="Identifies the parent company." />
  <Value Id="UR" Name="Affiliated company" Description="Identifies the affiliated company." />
  <Value Id="US" Name="Bailiff" Description="Identifies the bailiff." />
  <Value Id="UT" Name="Merged company" Description="Identifies the company involved in a merger." />
  <Value Id="UU" Name="Defendant" Description="Identifies the defendant." />
  <Value Id="UV" Name="Petitioning creditor" Description="Identifies the petitioning creditor." />
  <Value Id="UW" Name="Guarantee agency" Description="Identifies the guarantee agency." />
  <Value Id="UX" Name="Organization group" Description="Identifies the organization group." />
  <Value Id="UY" Name="Subsidiary" Description="Identifies the subsidiary." />
  <Value Id="UZ" Name="Industry association" Description="Identifies the industry association." />
  <Value Id="VA" Name="Joint owner" Description="Identifies the joint owner." />
  <Value Id="VB" Name="Joint venture" Description="Identifies the joint venture." />
  <Value Id="VC" Name="Filing office" Description="Identifies the filing office." />
  <Value Id="VE" Name="Court" Description="Identifies the court." />
  <Value Id="VF" Name="Liability holder" Description="Identifies the liability holder." />
  <Value Id="VG" Name="Local government sponsor" Description="Identifies the local government sponsor." />
  <Value Id="VH" Name="Mortgage company" Description="Identifies the mortgage company." />
  <Value Id="VI" Name="Notary public" Description="Identifies the notary public." />
  <Value Id="VJ" Name="Officer" Description="Identifies the officer." />
  <Value Id="VK" Name="Publisher" Description="Identifies the publisher." />
  <Value Id="VL" Name="Party manufactured for" Description="Identifies the party for whom manufacturing of goods is done." />
  <Value Id="VM" Name="Previous owner" Description="Identifies the previous owner." />
  <Value Id="VN" Name="Vendor" Description="Party vending goods or services." />
  <Value Id="VO" Name="Purchased company" Description="Identifies the purchased company." />
  <Value Id="VP" Name="Receiver manager" Description="Manager of a business which is in receivership status and which will not be liquidated." />
  <Value Id="VQ" Name="Responsible government agency" Description="Identifies the responsible government agency." />
  <Value Id="VR" Name="Sole proprietor" Description="Identifies the sole proprietor." />
  <Value Id="VS" Name="Auctioneer" Description="Identifies the auctioneer." />
  <Value Id="VT" Name="Branch" Description="Identifies the branch." />
  <Value Id="VU" Name="Business" Description="Identifies the business." />
  <Value Id="VV" Name="Ultimate same country parent company" Description="Identifies the highest level parent company in the same country." />
  <Value Id="VW" Name="Responsible party" Description="Identifies the party that can be called to account." />
  <Value Id="VX" Name="Secured party" Description="Identifies a party that is guaranteed against loss." />
  <Value Id="VY" Name="Other related party" Description="Identifies an entity as an unspecified but related party." />
  <Value Id="VZ" Name="Co-debtor" Description="Identifies an entity as a joint or mutual debtor." />
  <Value Id="WA" Name="Company which holds financial interest" Description="Identifies a company which holds any financial stake in an undertaking or organization." />
  <Value Id="WB" Name="Rating organization" Description="Identifies an organization responsible for assigning a classification or rating." />
  <Value Id="WC" Name="Information reference agency" Description="The agency responsible for the reference of information." />
  <Value Id="WD" Name="Warehouse depositor" Description="[3004] Party depositing goods in a warehouse." />
  <Value Id="WE" Name="Compilation agency" Description="The agency responsible for the compilation of information." />
  <Value Id="WF" Name="Information maintenance agency" Description="The agency responsible for the maintenance of information." />
  <Value Id="WG" Name="Information dissemination agency" Description="The agency responsible for the dissemination of information." />
  <Value Id="WH" Name="Warehouse keeper" Description="[3022] Party taking responsibility for goods entered into a warehouse." />
  <Value Id="WI" Name="Inspection address" Description="Specifies the address for an inspection." />
  <Value Id="WJ" Name="Refusal party" Description="Identification of the party responsible for a refusal." />
  <Value Id="WK" Name="Value added network provider" Description="A party that provides telecommunications interconnectivity services in an electronic data interchange environment." />
  <Value Id="WL" Name="Agency" Description="The business or establishment of an agent." />
  <Value Id="WM" Name="Works manager" Description="A party managing works." />
  <Value Id="WN" Name="Party to receive order to supply" Description="Party designated by the registering party to receive a binding direction to supply something." />
  <Value Id="WO" Name="Party to receive invitation to offer" Description="An entity to receive an invitation to offer." />
  <Value Id="WP" Name="Sub-entity" Description="A part into which an entity has been divided." />
  <Value Id="WPA" Name="Weighting party" Description="Party designated (legally accepted) to ascertain the weight." />
  <Value Id="WQ" Name="Doing business as" Description="The name under which business is conducted." />
  <Value Id="WR" Name="Party submitting quote" Description="The party stating the price of something to be purchased." />
  <Value Id="WS" Name="Wholesaler" Description="Seller of articles, often in large quantities, to be retailed by others." />
  <Value Id="WT" Name="Affiliated party" Description="A party attached or connected to another party." />
  <Value Id="WU" Name="Previous name" Description="Name of an entity used before the current name." />
  <Value Id="WV" Name="Party performing task" Description="An entity responsible for performing a task to be undertaken." />
  <Value Id="WW" Name="Registering party" Description="Party performing the registration." />
  <Value Id="WX" Name="Inland clearance depot operator" Description="Party that offers the facility for the goods or container(s) to be cleared by customs authorities or other governmental authorities in the interior of a country." />
  <Value Id="WY" Name="Destination terminal operator" Description="Party that operates a terminal to which goods or containers are destined." />
  <Value Id="WZ" Name="Departure terminal operator" Description="Party that operates a terminal from which goods or containers have departed or will depart." />
  <Value Id="ZZZ" Name="Mutually defined" Description="Party specification mutually agreed between interchanging parties." />
</Root>