<?xml version="1.0" encoding="utf-8"?>
<Root xmlns:xsi="http://www.w3.org/2001/XMLSchema-instance" xmlns:xsd="http://www.w3.org/2001/XMLSchema" Id="3139" Name="Contact function code" Description="Code specifying the function of a contact (e.g. department or person)." Count="an..3">
  <Value Id="AA" Name="Insurance contact" Description="Department/person to contact for matters regarding insurance." />
  <Value Id="AB" Name="Workshop contact" Description="Department/person to contact for matters regarding the workshop." />
  <Value Id="AC" Name="Accepting contact" Description="Department/person in charge of accepting incoming goods." />
  <Value Id="AD" Name="Accounting contact" Description="The contact responsible for accounting matters." />
  <Value Id="AE" Name="Contract contact" Description="Department/person to contact for matters regarding contracts." />
  <Value Id="AF" Name="Land registry contact" Description="Department/person to contact for matters regarding land registry." />
  <Value Id="AG" Name="Agent" Description="Department/person of the agent which acts on behalf of another party." />
  <Value Id="AH" Name="Coordination contact" Description="Department/person to contact for matters regarding technical coordination of works." />
  <Value Id="AI" Name="Project management contact" Description="Department/person to contact for matters regarding project management on behalf of the contractor." />
  <Value Id="AJ" Name="Investment contact" Description="Department/person to contact for matters regarding investments." />
  <Value Id="AK" Name="Works management contact" Description="Department/person to contact for matters regarding management of works on behalf of the owner." />
  <Value Id="AL" Name="Personnel contact" Description="Department/person to contact for matters regarding personnel (human resources)." />
  <Value Id="AM" Name="Claims contact" Description="Department/person to contact for matters regarding claims." />
  <Value Id="AN" Name="Laboratory contact" Description="Department/person to contact for laboratory matters." />
  <Value Id="AO" Name="Plant/equipment contact" Description="Department/person to contact for matters regarding plant/equipment." />
  <Value Id="AP" Name="Accounts payable contact" Description="Department/person responsible for the accounts payable function within a corporation." />
  <Value Id="AQ" Name="Quantity surveyor contact" Description="Department/person to contact for matters regarding quantity surveying." />
  <Value Id="AR" Name="Accounts receivable contact" Description="Department/person responsible for the accounts receivable within a corporation." />
  <Value Id="AS" Name="Public relations contact" Description="Department/person to contact for matters regarding public relations." />
  <Value Id="AT" Name="Technical contact" Description="Department/person to contact for matters regarding technical issues." />
  <Value Id="AU" Name="City works authority contact" Description="Department/person to contact for matters regarding city works." />
  <Value Id="AV" Name="Maintenance contact" Description="Department/person to contact for matters regarding maintenance." />
  <Value Id="AW" Name="Town planning contact" Description="Department/person to contact for matters regarding town planning." />
  <Value Id="AX" Name="Traffic authority contact" Description="Department/person to contact for matters regarding traffic." />
  <Value Id="AY" Name="Electricity supply contact" Description="Department/person to contact for matters regarding electricity supply." />
  <Value Id="AZ" Name="Gas supply contact" Description="Department/person to contact for matters regarding gas supply." />
  <Value Id="BA" Name="Water supply contact" Description="Department/person to contact for matters regarding water supply." />
  <Value Id="BB" Name="Telecommunications network contact" Description="Department/person to contact for matters regarding telecommunications network." />
  <Value Id="BC" Name="Banking contact" Description="Contact person for bank." />
  <Value Id="BD" Name="New developments contact" Description="Department/person to contact for matters regarding new developments (e.g. construction)." />
  <Value Id="BE" Name="Transport infrastructure authority" Description="Department/person to contact for matters regarding transport infrastructure." />
  <Value Id="BF" Name="Service contact" Description="Department/person to be contacted in service matters." />
  <Value Id="BG" Name="Auditing contact" Description="Department or person to contact with regard to auditing." />
  <Value Id="BH" Name="Legal auditing contact" Description="Department or person to contact with regard to legal auditing." />
  <Value Id="BI" Name="Software house contact" Description="Department or person to contact with regard to software house." />
  <Value Id="BJ" Name="Department or person responsible for processing purchase order" Description="Identification of the department or person responsible for the processing of purchase orders." />
  <Value Id="BK" Name="Electronic data interchange coordinator" Description="Code specifying a person responsible for the coordination of matters related to the exchange of information in electronic data interchange format." />
  <Value Id="BL" Name="Waiver contact" Description="Code specifying a party knowledgeable about a waiver." />
  <Value Id="BM" Name="Automated clearing house (ACH) contact" Description="Code specifying a person to be contacted at an automated clearing house." />
  <Value Id="BN" Name="Certification contact" Description="Code specifying a contact with knowledge of a certification action." />
  <Value Id="BO" Name="After business hours contact" Description="Department/person to contact after normal working hours." />
  <Value Id="BP" Name="Company Security Officer�s 24-hour contact" Description="The round the clock contact of the Company Security Officer who is responsible for the vessel." />
  <Value Id="BQ" Name="Agent of ship at the intended port of arrival" Description="Contact details of the agent of the ship at the intended port of arrival." />
  <Value Id="BU" Name="Ultimate consignee" Description="Final recipient of the consignment." />
  <Value Id="CA" Name="Carrier" Description="(3126) Party undertaking or arranging transport of goods between named points." />
  <Value Id="CB" Name="Changed by" Description="Person who made the change." />
  <Value Id="CC" Name="Responsible person for information production" Description="Responsible person to contact for matters regarding the production of information." />
  <Value Id="CD" Name="Responsible person for information dissemination" Description="Responsible person to contact for matters regarding information dissemination." />
  <Value Id="CE" Name="Head of unit for computer data processing" Description="Head of unit to contact for matters regarding computer data processing." />
  <Value Id="CF" Name="Head of unit for information production" Description="Head of unit to contact for matters regarding the production of information." />
  <Value Id="CG" Name="Head of unit for information dissemination" Description="Head of unit to contact for matters regarding dissemination of information." />
  <Value Id="CN" Name="Consignee" Description="(3132) Party to which goods are consigned." />
  <Value Id="CO" Name="Consignor" Description="(3336) Party which, by contract with a carrier, consigns or sends goods with the carrier, or has them conveyed by him. Synonym: shipper/sender." />
  <Value Id="CP" Name="Responsible person for computer data processing" Description="Responsible person to contact for matters regarding computer data processing." />
  <Value Id="CR" Name="Customer relations" Description="Individual responsible for customer relations." />
  <Value Id="CW" Name="Confirmed with" Description="Person with whom the contents of the purchase order has been discussed and agreed (e.g. by telephone) prior to the sending of this message." />
  <Value Id="DE" Name="Department/employee to execute export procedures" Description="Department/employee which/who executes export procedures." />
  <Value Id="DI" Name="Department/employee to execute import procedures" Description="Department/employee which/who executes import procedures." />
  <Value Id="DL" Name="Delivery contact" Description="Department/person responsible for delivery." />
  <Value Id="EB" Name="Entered by" Description="Name of an individual who made the entry." />
  <Value Id="EC" Name="Education coordinator" Description="Person in charge of coordination of education." />
  <Value Id="ED" Name="Engineering contact" Description="Department/person to contact for matters regarding engineering." />
  <Value Id="EX" Name="Expeditor" Description="The contact for expediting." />
  <Value Id="GR" Name="Goods receiving contact" Description="Department/person responsible for receiving the goods at the place of delivery." />
  <Value Id="HE" Name="Emergency dangerous goods contact" Description="Party who is to be contacted to intervene in case of emergency." />
  <Value Id="HG" Name="Dangerous goods contact" Description="Department/person to be contacted for details about the transportation of dangerous goods/hazardous material." />
  <Value Id="HM" Name="Hazardous material contact" Description="Department/person responsible for hazardous material control." />
  <Value Id="IC" Name="Information contact" Description="Department/person to contact for questions regarding transactions." />
  <Value Id="IN" Name="Insurer contact" Description="Department/employee to be contacted at the insurer." />
  <Value Id="LB" Name="Place of delivery contact" Description="Department/employee to be contacted at the place of delivery." />
  <Value Id="LO" Name="Place of collection contact" Description="Department/employee to be contacted at the place of collection." />
  <Value Id="MC" Name="Material control contact" Description="Department/person responsible for the controlling/inspection of goods." />
  <Value Id="MD" Name="Material disposition contact" Description="Department/person responsible for the disposition/scheduling of goods." />
  <Value Id="MH" Name="Material handling contact" Description="Department/employee to be contacted for material handling." />
  <Value Id="MR" Name="Message recipient contact" Description="Department/employee to be contacted at the message recipient." />
  <Value Id="MS" Name="Message sender contact" Description="Department/employee to be contacted at the message sender." />
  <Value Id="NT" Name="Notification contact" Description="Department/employee to be notified." />
  <Value Id="OC" Name="Order contact" Description="An individual to contact for questions regarding this order." />
  <Value Id="PA" Name="Prototype coordinator" Description="Department/employee to be contacted as prototype co- ordinator." />
  <Value Id="PD" Name="Purchasing contact" Description="Department/person responsible for issuing this purchase order." />
  <Value Id="PE" Name="Payee contact" Description="Department/employee to be contacted at the payee." />
  <Value Id="PM" Name="Product management contact" Description="Department/person to contact for questions regarding this order." />
  <Value Id="QA" Name="Quality assurance contact" Description="Quality assurance contact within an organization." />
  <Value Id="QC" Name="Quality coordinator contact" Description="Quality coordinator contact within an organization." />
  <Value Id="RD" Name="Receiving dock contact" Description="The receiving dock contact within an organization." />
  <Value Id="SA" Name="Sales administration" Description="Name of the sales administration contact within a corporation." />
  <Value Id="SC" Name="Schedule contact" Description="Name of the scheduling contact within a corporation." />
  <Value Id="SD" Name="Shipping contact" Description="The shipping department contact within an organization." />
  <Value Id="SR" Name="Sales representative or department" Description="The sales representative or department contact within an organization." />
  <Value Id="SU" Name="Supplier contact" Description="Department/person to be contacted at the supplier." />
  <Value Id="TA" Name="Traffic administrator" Description="The traffic administrator contact within an organization." />
  <Value Id="TD" Name="Test contact" Description="Department/person responsible for testing contact." />
  <Value Id="TI" Name="Technical documentation recipient" Description="Department/person to receive technical documentation." />
  <Value Id="TR" Name="Transport contact" Description="Department/person in charge of transportation." />
  <Value Id="WH" Name="Warehouse" Description="The warehouse contact within an organization." />
  <Value Id="WI" Name="Alternate contact" Description="Alternate department or person to contact." />
  <Value Id="WJ" Name="Office Manager" Description="An individual responsible for managing the day to day activities of an office." />
  <Value Id="WK" Name="Chartered accountant contact" Description="Code identifying a chartered accountant contact." />
  <Value Id="ZZZ" Name="Mutually defined" Description="A code assigned within a code list to be used on an interim basis and as defined among trading partners until a precise code can be assigned to the code list." />
</Root>