<?xml version="1.0" encoding="utf-8"?>
<Root xmlns:xsi="http://www.w3.org/2001/XMLSchema-instance" xmlns:xsd="http://www.w3.org/2001/XMLSchema" Id="3155" Name="Communication means type code" Description="Code specifying the type of communication address." Count="an..3">
  <Value Id="AA" Name="Circuit switching" Description="A process that, on demand, connects two or more data terminal equipments and permits the exclusive use of a data circuit between them until the connection is released (ISO)." />
  <Value Id="AB" Name="SITA" Description="Communications number assigned by Societe Internationale de Telecommunications Aeronautiques (SITA)." />
  <Value Id="AC" Name="ARINC" Description="Communications number assigned by Aeronautical Radio Inc." />
  <Value Id="AD" Name="AT&amp;T mailbox" Description="AT&amp;T mailbox identifier." />
  <Value Id="AE" Name="Peripheral device" Description="Peripheral device identification." />
  <Value Id="AF" Name="U.S. Defense Switched Network" Description="The switched telecommunications network of the United States Department of Defense." />
  <Value Id="AG" Name="U.S. federal telecommunications system" Description="The switched telecommunications network of the United States government." />
  <Value Id="AH" Name="World Wide Web" Description="Data exchange via the World Wide Web." />
  <Value Id="AI" Name="International calling country code" Description="Identifies that portion of an international telephone number representing the country code to be used when calling internationally." />
  <Value Id="AJ" Name="Alternate telephone" Description="Identifies the alternate telephone number." />
  <Value Id="AK" Name="Videotex number" Description="Code that identifies the communications number for the online videotex service." />
  <Value Id="AL" Name="Cellular phone" Description="Identifies the cellular phone number." />
  <Value Id="AM" Name="International telephone direct line" Description="The international telephone direct line number." />
  <Value Id="AN" Name="O.F.T.P. (ODETTE File Transfer Protocol)" Description="ODETTE File Transfer Protocol." />
  <Value Id="AO" Name="Uniform Resource Location (URL)" Description="Identification of the Uniform Resource Location (URL) Synonym: World wide web address." />
  <Value Id="AP" Name="Very High Frequency (VHF) radio telephone" Description="VHF radio telephone." />
  <Value Id="AQ" Name="X.400 address for mail text" Description="The X.400 address accepting information in the body text of a message." />
  <Value Id="AR" Name="AS1 address" Description="Address capable of receiving messages in accordance with the EDIINT/AS1 protocol for MIME based EDI ." />
  <Value Id="AS" Name="AS2 address" Description="Address capable of receiving messages in accordance with the EDIINT/AS2 protocol." />
  <Value Id="AT" Name="AS3 address" Description="Address capable of receiving messages in accordance with the EDIINT/AS3 protocol." />
  <Value Id="AU" Name="File Transfer Protocol" Description="Address capable for receiving message in accordance with the File Transfer Protocol (IETF RFC 959 et. al.)." />
  <Value Id="AV" Name="Inmarsat call number" Description="Contact number based on Inmarsat." />
  <Value Id="AW" Name="Radio communication call sign" Description="Contact number for radio communication based on call sign." />
  <Value Id="CA" Name="Cable address" Description="The communication number identifies a cable address." />
  <Value Id="EI" Name="EDI transmission" Description="Number identifying the service and service user." />
  <Value Id="EM" Name="Electronic mail" Description="Exchange of mail by electronic means." />
  <Value Id="EX" Name="Extension" Description="Telephone extension." />
  <Value Id="FT" Name="File transfer access method" Description="According to ISO." />
  <Value Id="FX" Name="Telefax" Description="Device used for transmitting and reproducing fixed graphic material (as printing) by means of signals over telephone lines or other electronic transmission media." />
  <Value Id="GM" Name="GEIS (General Electric Information Service) mailbox" Description="The communication number identifies a GEIS mailbox." />
  <Value Id="IE" Name="IBM information exchange" Description="The communication number identifies an IBM IE mailbox." />
  <Value Id="IM" Name="Internal mail" Description="Internal mail address/number." />
  <Value Id="MA" Name="Mail" Description="Postal service document delivery." />
  <Value Id="PB" Name="Postbox number" Description="The communication number identifies a postbox." />
  <Value Id="PS" Name="Packet switching" Description="The process of routing and transferring data by means of addressed packets so that a channel is occupied only during the transmission; upon completion of the transmission the channel is made available for the transfer of other packets (ISO)." />
  <Value Id="SW" Name="S.W.I.F.T." Description="Communications address assigned by Society for Worldwide Interbank Financial Telecommunications s.c." />
  <Value Id="TE" Name="Telephone" Description="Voice/data transmission by telephone." />
  <Value Id="TG" Name="Telegraph" Description="Text transmission via telegraph." />
  <Value Id="TL" Name="Telex" Description="Transmission of text/data via telex." />
  <Value Id="TM" Name="Telemail" Description="Transmission of text/data via telemail." />
  <Value Id="TT" Name="Teletext" Description="Transmission of text/data via teletext." />
  <Value Id="TX" Name="TWX" Description="Communication service involving Teletypewriter machines connected by wire or electronic transmission media. Teletypewriter machines are the devices used to send and receive signals and produce hardcopy from them." />
  <Value Id="XF" Name="X.400 address" Description="The X.400 address." />
  <Value Id="XG" Name="Pager" Description="Identifies that the communication number is for a pager." />
  <Value Id="XH" Name="International telephone switchboard" Description="The international telephone switchboard number." />
  <Value Id="XI" Name="National telephone direct line" Description="The national telephone direct line number." />
  <Value Id="XJ" Name="National telephone switchboard" Description="The national telephone switchboard number." />
</Root>