<?xml version="1.0" encoding="utf-8"?>
<Root xmlns:xsi="http://www.w3.org/2001/XMLSchema-instance" xmlns:xsd="http://www.w3.org/2001/XMLSchema" Id="1049" Name="Message section code" Description="Code specifying a section of a message." Count="an..3">
  <Value Id="1" Name="Heading section" Description="The section of the message being referenced is the header." />
  <Value Id="2" Name="Detail section" Description="The section of the message being referenced is the detail." />
  <Value Id="5" Name="Multiple sections" Description="Multiple sections of the message are being referenced." />
  <Value Id="6" Name="Summary section" Description="The section of the message being referenced is the summary." />
  <Value Id="7" Name="Sub-line item" Description="The section of the message being referenced refers to the sub-line item." />
  <Value Id="8" Name="Commercial heading section of CUSDEC" Description="Group 7 to 14 of CUSDEC message." />
  <Value Id="9" Name="Commercial line detail section of CUSDEC" Description="Group 15 to 22 of CUSDEC message." />
  <Value Id="10" Name="Customs item detail section of CUSDEC" Description="Group 23 to 33 of CUSDEC message." />
  <Value Id="11" Name="Customs sub-item detail section of CUSDEC" Description="Group 34 and 35 of CUSDEC message." />
</Root>