<?xml version="1.0" encoding="utf-8"?>
<Root xmlns:xsi="http://www.w3.org/2001/XMLSchema-instance" xmlns:xsd="http://www.w3.org/2001/XMLSchema" Id="2009" Name="Terms time relation code" Description="Code relating terms to a reference date, time or period." Count="an..3">
  <Value Id="1" Name="Reference date" Description="Payment terms related to reference date." />
  <Value Id="2" Name="Before reference" Description="Payment terms related to time before reference date." />
  <Value Id="3" Name="After reference" Description="Payment terms related to time after reference date." />
  <Value Id="4" Name="End of 10-day period containing the reference date" Description="Payment terms are at the end of the ten day period containing the reference date." />
  <Value Id="5" Name="End of 2-week period containing the reference date" Description="Payment terms are at the end of the two week period containing the reference date." />
  <Value Id="6" Name="End of month containing the reference date" Description="Payment terms are at the end of the month containing the reference date." />
  <Value Id="7" Name="End of the month following the month of reference date" Description="Payment terms are at the end of the month following the month of reference date." />
  <Value Id="8" Name="End of quarter containing the reference date" Description="Payment terms are at the end of the quarter containing the reference date." />
  <Value Id="9" Name="End of year containing the reference date" Description="Payment terms are at the end of the year containing the reference date." />
  <Value Id="10" Name="End of week containing the reference date" Description="Payment terms are at the end of the week containing the reference date." />
  <Value Id="11" Name="End of ten day period following month after reference date's month" Description="Payment terms are 10 days after the end of the referenced month." />
  <Value Id="12" Name="End of half year containing the reference date" Description="End of the half year in which the referred date falls." />
  <Value Id="13" Name="From reference" Description="Payment terms related to a time inclusive of and after a reference date." />
  <Value Id="14" Name="End of 15-day period containing the reference date" Description="Payment terms are at the end of the 15-day period containing the reference date." />
  <Value Id="15" Name="On or before reference" Description="Payment terms are on or before." />
  <Value Id="16" Name="Whichever is first, the 15th or last day of the month following the payment terms period" Description="The payment terms are at, whichever is first, the 15th or the last day of the month following the payment terms period (payment terms period = period of time between the reference date and the theoretical due date)." />
  <Value Id="17" Name="After end of month containing the reference date" Description="Payment terms related to a time after the end of the month containing the reference date." />
</Root>