<?xml version="1.0" encoding="utf-8"?>
<Root xmlns:xsi="http://www.w3.org/2001/XMLSchema-instance" xmlns:xsd="http://www.w3.org/2001/XMLSchema" Id="2015" Name="Despatch pattern code" Description="Code specifying a despatch pattern." Count="an..3">
  <Value Id="1" Name="1st week of the month" Description="Despatch has or will occur in the first week of the month." />
  <Value Id="2" Name="2nd week of the month" Description="Despatch has or will occur in the second week of the month." />
  <Value Id="3" Name="3rd week of the month" Description="Despatch has or will occur in the third week of the month." />
  <Value Id="4" Name="4th week of the month" Description="Despatch has or will occur in the fourth week of the month." />
  <Value Id="5" Name="5th week of the month" Description="Despatch has or will occur in the fifth week of the month." />
  <Value Id="6" Name="1st and 3rd weeks of the month" Description="Despatch has or will occur in the first and third week of the month." />
  <Value Id="7" Name="2nd and 4th weeks of the month" Description="Despatch has or will occur in the second and fourth week of the month." />
  <Value Id="10" Name="Monday through Friday" Description="Despatch has or will occur between Monday and Friday (inclusive)." />
  <Value Id="11" Name="Monday through Saturday" Description="Despatch has or will occur between Monday and Saturday (inclusive)." />
  <Value Id="12" Name="Monday through Sunday" Description="Despatch has or will occur between Monday and Sunday (inclusive)." />
  <Value Id="13" Name="Monday" Description="Despatch has or will occur on a Monday." />
  <Value Id="14" Name="Tuesday" Description="Despatch has or will occur on a Tuesday." />
  <Value Id="15" Name="Wednesday" Description="Despatch has or will occur on a Wednesday." />
  <Value Id="16" Name="Thursday" Description="Despatch has or will occur on a Thursday." />
  <Value Id="17" Name="Friday" Description="Despatch has or will occur on a Friday." />
  <Value Id="18" Name="Saturday" Description="Despatch has or will occur on a Saturday." />
  <Value Id="19" Name="Sunday" Description="Despatch has or will occur on a Sunday." />
  <Value Id="20" Name="Immediately" Description="At the earliest date/time within the defined lead time." />
  <Value Id="21" Name="As directed" Description="Despatch has or will occur as directed." />
  <Value Id="22" Name="Each week of the month" Description="Shipments/deliveries are anticipated weekly within the month specified." />
  <Value Id="23" Name="Daily Monday through Friday" Description="Shipments/deliveries are anticipated, five days per week." />
  <Value Id="24" Name="First decade of the month" Description="First ten days of a calendar month." />
  <Value Id="25" Name="Second decade of the month" Description="Eleventh through twentieth day of a calendar month." />
  <Value Id="26" Name="Third decade of the month" Description="Twenty-first through last day of a calendar month." />
  <Value Id="27" Name="Each working hour" Description="Routine despatches occur in cycles of 1 working hour." />
  <Value Id="28" Name="Each 2 working hours" Description="Routine despatches occur in cycles of 2 working hours." />
  <Value Id="29" Name="Each 3 working hours" Description="Routine despatches occur in cycles of 3 working hours." />
  <Value Id="30" Name="Each 4 working hours" Description="Routine despatches occur in cycles of 4 working hours." />
  <Value Id="31" Name="Each working day" Description="Routine despatches occur in cycles of 1 working day." />
  <Value Id="32" Name="Each 2 working days" Description="Routine despatches occur in cycles of 2 working days." />
  <Value Id="33" Name="Each 3 working days" Description="Routine despatches occur in cycles of 3 working days." />
  <Value Id="34" Name="Each 4 working days" Description="Routine despatches occur in cycles of 4 working days." />
  <Value Id="35" Name="Each 5 working days" Description="Routine despatches occur in cycles of 5 working days." />
  <Value Id="36" Name="Each 6 working days" Description="Routine despatches occur in cycles of 6 working days." />
  <Value Id="37" Name="Each 8 working days" Description="Routine despatches occur in cycles of 8 working days." />
  <Value Id="38" Name="Each 9 working days" Description="Routine despatches occur in cycles of 9 working days." />
  <Value Id="39" Name="Each 10 working days" Description="Routine despatches occur in cycles of 10 working days." />
  <Value Id="40" Name="Each 11 working days" Description="Routine despatches occur in cycles of 11 working days." />
  <Value Id="41" Name="Each 12 working days" Description="Routine despatches occur in cycles of 12 working days." />
  <Value Id="42" Name="Each 13 working days" Description="Routine despatches occur in cycles of 13 working days." />
  <Value Id="43" Name="Each working week" Description="Routine despatches occur in cycles of 1 working week." />
  <Value Id="44" Name="Each 2 working weeks" Description="Routine despatches occur in cycles of 2 working weeks." />
  <Value Id="45" Name="Each 3 working weeks" Description="Routine despatches occur in cycles of 3 working weeks." />
  <Value Id="46" Name="Each 4 working weeks" Description="Routine despatches occur in cycles of 4 working weeks." />
  <Value Id="47" Name="Each working month" Description="Routine despatches occur in cycles of 1 working month." />
  <Value Id="48" Name="Each 2 working months" Description="Routine despatches occur in cycles of 2 working months." />
  <Value Id="49" Name="Each 3 working months" Description="Routine despatches occur in cycles of 3 working months." />
  <Value Id="ZZZ" Name="Mutually defined" Description="Despatch pattern according to bilateral agreement." />
</Root>