<?xml version="1.0" encoding="utf-8"?>
<Root xmlns:xsi="http://www.w3.org/2001/XMLSchema-instance" xmlns:xsd="http://www.w3.org/2001/XMLSchema" Id="2017" Name="Despatch pattern timing code" Description="Code specifying a set of dates/times within a despatch pattern." Count="an..3">
  <Value Id="A" Name="1st shift (normal working hours)" Description="The first working period as defined by an entity." />
  <Value Id="B" Name="2nd shift" Description="A subsequent working period as defined by an entity, that follows 1st shift." />
  <Value Id="C" Name="3rd shift" Description="A subsequent working period as defined by an entity, that follows 2nd shift." />
  <Value Id="D" Name="A.M." Description="Ante Meridiem (forenoon)." />
  <Value Id="E" Name="P.M." Description="Post Meridiem (afternoon)." />
  <Value Id="F" Name="As directed" Description="Shipment/delivery instruction will be provided in an independent communication session." />
  <Value Id="G" Name="Any shift" Description="The production period that a product will be built such as 1st shift or 3rd shift." />
  <Value Id="H" Name="24 hour clock" Description="Shipment/deliveries will be specified by a continuous time clock ." />
  <Value Id="Y" Name="None" Description="Used to cancel or override a previous pattern." />
  <Value Id="ZZZ" Name="Mutually defined" Description="Despatch pattern timing according to agreement." />
</Root>