<?xml version="1.0" encoding="utf-8"?>
<Root xmlns:xsi="http://www.w3.org/2001/XMLSchema-instance" xmlns:xsd="http://www.w3.org/2001/XMLSchema" Id="3153" Name="Communication medium type code" Description="Code specifying the type of communication medium." Count="an..3">
  <Value Id="AA" Name="Circuit switching" Description="A process that, on demand, connects two or more data terminal equipments and permits the exclusive use of a data circuit between them until the connection is released (ISO)." />
  <Value Id="AB" Name="SITA" Description="Communications number assigned by Societe Internationale de Telecommunications Aeronautiques (SITA)." />
  <Value Id="AC" Name="ARINC" Description="Communications number assigned by Aeronautical Radio Inc." />
  <Value Id="AD" Name="Courier" Description="A communication channel identifying a courier." />
  <Value Id="AE" Name="Express post" Description="Express (e.g. overnight) postal service document delivery." />
  <Value Id="CA" Name="Cable address" Description="The cable is used as communication medium." />
  <Value Id="EI" Name="EDI transmission" Description="Number identifying the service and service user." />
  <Value Id="EM" Name="Electronic mail" Description="Exchange of mail by electronic means." />
  <Value Id="EX" Name="Extension" Description="Telephone extension." />
  <Value Id="FT" Name="File transfer access method" Description="According to ISO." />
  <Value Id="FX" Name="Telefax" Description="Device used for transmitting and reproducing fixed graphic material (as printing) by means of signals over telephone lines or other electronic transmission media." />
  <Value Id="GM" Name="GEIS (General Electric Information Service) mailbox" Description="GEIS mailbox system is used as communication medium." />
  <Value Id="IE" Name="IBM information exchange" Description="IBM IE is used as communication medium." />
  <Value Id="IM" Name="Internal mail" Description="Internal mail address/number." />
  <Value Id="MA" Name="Mail" Description="Postal service document delivery." />
  <Value Id="PB" Name="Postbox no." Description="Postbox system is used as communication medium." />
  <Value Id="PS" Name="Packet switching" Description="The process of routing and transferring data by means of addressed packets so that a channel is occupied only during the transmission; upon completion of the transmission the channel is made available for the transfer of other packets (ISO)." />
  <Value Id="SW" Name="S.W.I.F.T." Description="Communications address assigned by Society for Worldwide Interbank Financial Telecommunications s.c." />
  <Value Id="TE" Name="Telephone" Description="Voice/data transmission by telephone." />
  <Value Id="TG" Name="Telegraph" Description="Text transmission via telegraph." />
  <Value Id="TL" Name="Telex" Description="Transmission of text/data via telex." />
  <Value Id="TM" Name="Telemail" Description="Transmission of text/data via telemail." />
  <Value Id="TT" Name="Teletext" Description="Transmission of text/data via teletext." />
  <Value Id="TX" Name="TWX" Description="Communication service involving Teletypewriter machines connected by wire or electronic transmission media. Teletypewriter machines are the devices used to send and receive signals and produce hardcopy from them." />
  <Value Id="XF" Name="X.400" Description="CCITT Message handling system." />
</Root>