<?xml version="1.0" encoding="utf-8"?>
<Root xmlns:xsi="http://www.w3.org/2001/XMLSchema-instance" xmlns:xsd="http://www.w3.org/2001/XMLSchema" Id="3227" Name="Location function code qualifier" Description="Code identifying the function of a location." Count="an..3">
  <Value Id="1" Name="Place of terms of delivery" Description="(3018) Point or port of departure, shipment or destination, as required under the applicable terms of delivery, e.g. Incoterms." />
  <Value Id="2" Name="Payment location" Description="[3109] To identify the place where the payment has been or should be made." />
  <Value Id="3" Name="Tare check place" Description="Place where equipment tare has been or must be checked for official assessment." />
  <Value Id="4" Name="Goods receipt place" Description="Place at which the goods have been received." />
  <Value Id="5" Name="Place of departure" Description="(3214) Port, airport or other location from which a means of transport or transport equipment is scheduled to depart or has departed." />
  <Value Id="6" Name="Ward bed" Description="A bed in a ward." />
  <Value Id="7" Name="Place of delivery" Description="(3246) Place to which the goods are to be finally delivered under transport contract terms (operational term)." />
  <Value Id="8" Name="Place of destination" Description="Port, airport or other location to which a means of transport or transport equipment is destined." />
  <Value Id="9" Name="Place of loading" Description="[3334] Seaport, airport, freight terminal, rail station or other place at which the goods (cargo) are loaded on to the means of transport being used for their carriage." />
  <Value Id="10" Name="Place of acceptance" Description="[3348] Place where the goods are taken over by the carrier." />
  <Value Id="11" Name="Place of discharge" Description="[3392] Seaport, airport, freight terminal, rail station or other place at which goods are unloaded from the means of transport having been used for their carriage." />
  <Value Id="12" Name="Port of discharge" Description="Port at which the goods are discharged from the vessel used for their transport." />
  <Value Id="13" Name="Place of transhipment" Description="[3424] Place where goods are to be or have been transferred from one means of transport to another during the course of one transport operation." />
  <Value Id="14" Name="Goods item storage location" Description="[3385] To identify the place where a goods item is located." />
  <Value Id="15" Name="Place of transfer responsibility" Description="Place where the responsibility is transferred." />
  <Value Id="16" Name="Place of transfer of ownership" Description="Place where the ownership of the goods is transferred." />
  <Value Id="17" Name="Border crossing place" Description="Place where goods are transported across a country border." />
  <Value Id="18" Name="Warehouse" Description="[3156] Warehouse where a particular consignment is to be or has been stored." />
  <Value Id="19" Name="Factory/plant" Description="Factory/plant relevant for a particular consignment." />
  <Value Id="20" Name="Place of ultimate destination of goods" Description="Place where goods will ultimately be delivered." />
  <Value Id="21" Name="Terms of sale place" Description="Place of departure, shipment or destination as specified in the terms of sale agreed between the parties." />
  <Value Id="22" Name="Customs clearance location" Description="[3080] Place at which Customs clearance should or has taken place." />
  <Value Id="23" Name="Port of release" Description="Port where goods are released from Customs custody." />
  <Value Id="24" Name="Port of entry" Description="Port where final documentation is filed for Customs Entry processing." />
  <Value Id="25" Name="Country" Description="Country relevant for a particular transaction." />
  <Value Id="26" Name="City" Description="City or town relevant for a particular transaction or consignment." />
  <Value Id="27" Name="Country of origin" Description="[3239] To identify the country in which the goods have been produced or manufactured, according to criteria laid down for the application of the Customs tariff or quantitative restrictions, or any measure related to trade." />
  <Value Id="28" Name="Country of destination of goods" Description="Country to which the goods are to be delivered." />
  <Value Id="29" Name="Railway station" Description="Name or identification of a railway station/yard relevant to a particular consignment." />
  <Value Id="30" Name="Country of source" Description="Country in which raw material or components were originally produced prior to manufacture or assembly in another country." />
  <Value Id="31" Name="Building" Description="A building or part thereof relevant to a particular consignment or transaction." />
  <Value Id="32" Name="Beginning of chargeable section" Description="First rail station in a predefined section of the chargeable voyage. A complete voyage may be divided in sections, even within one country, that are separately chargeable using different tariff rules (split tariffs)." />
  <Value Id="33" Name="Baseport of discharge" Description="[3356] Place at which the cargo is discharged or unloaded from a means of transport according to the transport contract. The goods may or may not be discharged from the main means of transport at this place or port." />
  <Value Id="34" Name="Baseport of loading" Description="[3322] Place at which the cargo is loaded on a means of transport according to the transport contract. The goods may or may not be loaded on the main means of transport at this place or port." />
  <Value Id="35" Name="Exportation country" Description="[3220] Country from which the goods were initially exported to the importing country without any commercial transaction taking place in intermediate countries. Synonym: Country whence consigned. Country of despatch: Country from which goods are despatched between countries of a Customs union." />
  <Value Id="36" Name="Country of ultimate destination" Description="(3216) Country known to the consignor or his agent at the time of despatch to be the final country to which the goods are to be delivered." />
  <Value Id="37" Name="Consignment final exportation country" Description="[3331] To identify the country from which goods have been or will be consigned prior to final importation." />
  <Value Id="38" Name="Consignment first destination country" Description="[3219] To identify the country where a consignment is off-loaded from the means of transport used for the original exportation." />
  <Value Id="39" Name="Country of production" Description="Country where item has been or will be produced." />
  <Value Id="40" Name="Country of trading" Description="Country where item has been or will be traded." />
  <Value Id="41" Name="Consignment entry customs office location" Description="[3089] To identify the customs office at which the goods enter the customs territory of destination." />
  <Value Id="42" Name="Consignment exit customs office location" Description="[3097] To identify the customs office at which the goods leave or are intended to leave the customs territory of despatch." />
  <Value Id="43" Name="Place of Customs examination" Description="Place where Customs undertakes a physical inspection of goods to satisfy themselves that the goods' nature, origin, condition, quantity and value are in accordance with the particulars furnished on the goods declaration (CCC)." />
  <Value Id="44" Name="Place of authentication of document" Description="(3410) Place where document is signed or otherwise authenticated. Synonym: Place of issue of document." />
  <Value Id="45" Name="Customs office of destination (transit)" Description="(3086) Customs office at which a transit operation is terminated. Synonym: Customs office of transit termination." />
  <Value Id="46" Name="Region of despatch" Description="Region from which goods are despatched between countries of a Customs union." />
  <Value Id="47" Name="Region of destination" Description="Region known to the consignor or his agent at the time of despatch to be the final region to which the goods are to be delivered." />
  <Value Id="48" Name="Region of production" Description="Region where item has been or will be produced." />
  <Value Id="49" Name="Transit country" Description="[3263] Country through which a goods or passengers are routed between the country of original departure and final destination." />
  <Value Id="50" Name="Transit customs office location" Description="[3107] To identify the customs office which is responsible for transit formalities en-route." />
  <Value Id="51" Name="Country of invalid transit guarantee" Description="Country in which the security or guarantee for the movement of goods under a transit procedure is not valid." />
  <Value Id="52" Name="Country of destination (transit)" Description="Country at which a Customs transit operation is terminated. Synonym: Country of transit termination." />
  <Value Id="53" Name="Charge and freight due from" Description="Place or point from which charges and freight are charged." />
  <Value Id="54" Name="Manufacturing department" Description="A department within the manufacturing area (e.g. lacquering, assembly)." />
  <Value Id="55" Name="Freight charge payable to location" Description="[3102] Name of a place to which a transport charges tariff applies or where freight and other related charges are to be or have been incurred." />
  <Value Id="56" Name="End of chargeable section" Description="Last rail station in a predefined section of the chargeable voyage. A complete voyage may be divided in sections, even within one country, that are separately chargeable using different tariff rules (split tariffs)." />
  <Value Id="57" Name="Place of payment" Description="Name of the location at which freight and charges for main transport are payable." />
  <Value Id="58" Name="Full track loading or unloading" Description="Identification of the station proceeding to the loading or unloading of a rail wagon on a full track site. (Used only when a rail station is obliged to transfer the load on another wagon for technical reasons - e.g. damage)." />
  <Value Id="59" Name="Place of loss" Description="To identify the location where the loss occurred." />
  <Value Id="60" Name="Place of arrival" Description="Place at which the transport means arrives." />
  <Value Id="61" Name="Next port of call" Description="Next port which the vessel is going to call upon." />
  <Value Id="62" Name="On-carriage port" Description="Port of discharge at which the cargo is discharged from the vessel, used for transport after the main transport (transit port)." />
  <Value Id="63" Name="Sub-project location" Description="A place at which works occur referring to a sub-project." />
  <Value Id="64" Name="First optional place of discharge" Description="The first optional place or port of discharge as mentioned on the transport document where cargo can be discharged at the option of the shipper." />
  <Value Id="65" Name="Final port or place of discharge" Description="Name of the seaport, airport, freight terminal, rail station or other place at which the goods (cargo) are finally (to be) unloaded from the means of transport used for their carriage according to the transport contract." />
  <Value Id="66" Name="Express railway station" Description="Railway station offering express transportation services." />
  <Value Id="67" Name="Mixed cargo railway station" Description="Railway station offering mixed cargo transportation services ." />
  <Value Id="68" Name="Second optional place of discharge" Description="The second optional place or port of discharge as mentioned on the transport document where cargo can be discharged at the option of shipper." />
  <Value Id="69" Name="Next non-discharge port of call" Description="A code to identify the next port of call for a vessel where no cargo will be discharged." />
  <Value Id="70" Name="Third optional place of discharge" Description="The third optional place or port of discharge as mentioned on the transport document where cargo can be discharged at the option of the shipper." />
  <Value Id="71" Name="Reconsolidation point" Description="A place where cargo is reconsolidated." />
  <Value Id="72" Name="Fourth optional place of discharge" Description="The fourth optional place or port of discharge as mentioned on the transport document where cargo can be discharged at the option of the shipper." />
  <Value Id="73" Name="Bill of lading release office" Description="A location where bills of lading are released to customers." />
  <Value Id="74" Name="Transhipment excluding this place" Description="Place/location where a transhipment from a means of transport to another means of transport is not authorised." />
  <Value Id="75" Name="Transhipment limited to this place" Description="Only place/location where a transhipment from a means of transport to another means of transport is authorised." />
  <Value Id="76" Name="Original port of loading" Description="The port where the goods were first loaded on a vessel." />
  <Value Id="77" Name="First port of call - non-discharging" Description="Port in the country of destination where the conveyance initially arrives from the 'last place/port of call of conveyance' and where a conveyance will not be discharging cargoes." />
  <Value Id="78" Name="First port of call - discharging" Description="Port in the country of destination where the conveyance initially arrives from the 'last place/port of call of conveyance' and where a conveyance will be discharging cargoes." />
  <Value Id="79" Name="Place/port of first entry" Description="Place or port where final documentation is filed for Customs entry processing." />
  <Value Id="80" Name="Place of despatch" Description="Place at which the goods are taken over for carriage (operational term), if different from the transport contract place of acceptance (see: 10). Synonym: Place of origin of carriage." />
  <Value Id="81" Name="Fifth optional place of discharge" Description="The fifth optional place or port of discharge as mentioned on the transport document where cargo can be discharged at the option of the shipper." />
  <Value Id="82" Name="Pre-carriage port" Description="Port of loading at which the cargo is loaded on the pre- carriage vessel used for the transport prior to the main transport." />
  <Value Id="83" Name="Place of delivery (by on carriage)" Description="Place to which the goods are to be finally delivered." />
  <Value Id="84" Name="Transport contract place of acceptance" Description="Place at which the goods are taken over by the carrier according to the contract of carriage." />
  <Value Id="85" Name="Transport contract place of destination" Description="Place to which the goods are destined." />
  <Value Id="86" Name="Country of valid transit guarantee" Description="Country in which the security or guarantee for the movement of goods under a transit procedure is valid." />
  <Value Id="87" Name="Place/port of conveyance initial arrival" Description="Place/port in the country of destination where the conveyance initially arrives from the &quot;Last place/port of call of conveyance&quot; (125)." />
  <Value Id="88" Name="Place of receipt" Description="Identification of the location at which the cargo is actually received." />
  <Value Id="89" Name="Place of registration" Description="Place where the registration occurs." />
  <Value Id="90" Name="Special treatment place" Description="Place where one or more special treatments have happened or must happen." />
  <Value Id="91" Name="Place of document issue" Description="The place or location where a document is issued." />
  <Value Id="92" Name="Routing" Description="Indication of a routing place." />
  <Value Id="93" Name="Station of application of additional costs" Description="Rail station where, according to the transport contract, some chargeable operations must happen (re-weighting, re-fixing of the load, control on equipment and on consignment, etc.)." />
  <Value Id="94" Name="Previous port of call" Description="Previous port which the vessel has called upon." />
  <Value Id="95" Name="Sailing destination area" Description="Geographical area to which the vessel's trip is destined." />
  <Value Id="96" Name="Place of lodgement of documents" Description="Customs station where, required documents for Customs declarations, have been lodged." />
  <Value Id="97" Name="Optional place of discharge" Description="The optional place or port of discharge as mentioned on the bill of lading where cargo is discharged at the option of the shipper." />
  <Value Id="98" Name="Place of empty equipment despatch" Description="The location from which empty equipment is despatched." />
  <Value Id="99" Name="Place of empty equipment return" Description="The location to which empty equipment is returned." />
  <Value Id="100" Name="Place/port of warehouse entry" Description="Location (e.g. district) within a Customs territory where a warehouse entry was filed to enter merchandise into a Customs bonded warehouse." />
  <Value Id="101" Name="Country of first sale" Description="Name of country where firstly a sale took place." />
  <Value Id="103" Name="Place of transfer" Description="Place at which goods are transferred from one carrier to another (contractual term)." />
  <Value Id="104" Name="Place of deconsolidation" Description="Place where a large consignment is de-grouped into smaller consignments." />
  <Value Id="105" Name="Place of consumption" Description="Place/location where goods enter the marketplace (commerce) of the importing country." />
  <Value Id="106" Name="Region of origin" Description="Region in which the goods have been produced or manufactured according to the criteria laid down for the purposes of the application of the Customs tariff, of quantitative restrictions or of any other measures related to trade (see: 3238)." />
  <Value Id="107" Name="Place of consolidation" Description="Place where smaller consignments of goods are grouped together into a large consignment to be transported as a larger unit." />
  <Value Id="108" Name="Rate combination point" Description="Point over which sector rates are combined." />
  <Value Id="109" Name="Place of prolongation decision of delivery delay" Description="Place where it has been decided to prolong the delivery delay." />
  <Value Id="110" Name="Recharging place/location" Description="Place/location where a consignment has been changed of destination and is subject to a recharge note. (Complementary orders to modify the routing of the transport may be given, upon which a new charge calculation may be applied by the carrier)." />
  <Value Id="111" Name="Customs office of despatch" Description="Customs office from which goods are despatched between countries of a Customs union." />
  <Value Id="112" Name="Region of equipment availability" Description="Region in which a piece of equipment is requested to be made available for on-hire." />
  <Value Id="113" Name="Country of despatch" Description="Country from which goods are despatched within a Customs union." />
  <Value Id="114" Name="Customs office of export" Description="Customs office from which goods are taken out of the Customs territory (CCC)." />
  <Value Id="115" Name="Free zone of export" Description="Foreign free zone (desc: see 1131 = 131) from which goods are exported to the country of importation." />
  <Value Id="116" Name="Region of export/despatch" Description="Region from which the goods were initially exported to the importing country without any commercial transaction taking place in intermediate countries. Region of despatch: region from which goods are despatched between countries of a Customs union." />
  <Value Id="117" Name="Place of collection" Description="Place where goods are to be or could be picked up (collected)." />
  <Value Id="118" Name="Customs office of departure" Description="Customs office at which a Customs transit operation commences (CCC)." />
  <Value Id="119" Name="Transit guarantee customs office location" Description="[3111] To identify the Customs office at which a security or guarantee for the movement of goods under a transit procedure is lodged." />
  <Value Id="120" Name="Country of transhipment" Description="Country where goods are transferred under Customs control from the importing means of transport to the exporting means of transport within the area of one Customs office which is the office of both importation and exportation (CCC)." />
  <Value Id="122" Name="Customs office of destination" Description="Customs office where the goods are to be cleared (CCC)." />
  <Value Id="123" Name="Wagon-load railway station" Description="A railway station where rail wagons are loaded." />
  <Value Id="124" Name="Siding" Description="A short railway track for loading or unloading rail wagons, or bypassing of trains, connected with a main track by switch." />
  <Value Id="125" Name="Last place/port of call of conveyance" Description="Conveyance departed from this last foreign place/port of call to go to &quot;Place/port of conveyance initial arrival&quot; (87)." />
  <Value Id="126" Name="Country of previous Customs procedure" Description="Country in which the Customs declaration for the previous Customs procedure has been lodged." />
  <Value Id="127" Name="Customs office of registration of previous Customs declaration" Description="Customs office where the previous Customs declaration has been lodged." />
  <Value Id="128" Name="Participant sender location" Description="Place where a participant in the movement of goods is located and can be contacted." />
  <Value Id="129" Name="Wage negotiation district" Description="The district to which workers belong for the purposes of union wage negotiation." />
  <Value Id="130" Name="Place of ultimate destination of conveyance" Description="Seaport, airport, freight terminal, rail station or other place to which a means of transport is ultimately destined." />
  <Value Id="131" Name="Place of loading of empty equipment" Description="Seaport, airport, freight terminal, rail station or other place where empty equipment (e.g. containers) was loaded onto means of transport." />
  <Value Id="132" Name="Place of discharge of empty equipment" Description="Seaport, airport, freight terminal, rail station or other place where empty equipment (e.g. containers) was unloaded from means of transport." />
  <Value Id="133" Name="Region of delivery" Description="(3246) Region to which the goods are to be finally delivered under transport contract terms (operational term)." />
  <Value Id="134" Name="Petroleum warehouse" Description="Bonded petroleum warehouse or the supplier source." />
  <Value Id="135" Name="Place of entry (Customs)" Description="Place at which the goods enter the Customs territory." />
  <Value Id="136" Name="Living animals care place" Description="Place where living animal cares are provided." />
  <Value Id="137" Name="Re-icing place" Description="Place where re-icing must be executed." />
  <Value Id="138" Name="Weighting place" Description="Place where weight can be ascertained." />
  <Value Id="139" Name="Marshalling yard" Description="Station where the wagons are disconnected and reconnected to form a new train." />
  <Value Id="140" Name="Stopping station" Description="Station where the train must stop or is stopped for unexpected handling." />
  <Value Id="141" Name="Loading dock" Description="Platform specially equipped for loading and unloading of rail wagons." />
  <Value Id="142" Name="Port connection" Description="Track connecting a rail station to a dock." />
  <Value Id="143" Name="Place of expiry" Description="Place where the documentary credit expires for presentation of required documents." />
  <Value Id="144" Name="Place of negotiation" Description="Place where the documentary credit is to be presented for negotiation." />
  <Value Id="145" Name="Claims payable place" Description="Place where insurance claims are payable." />
  <Value Id="146" Name="Documentary credit available in" Description="Place where the documentary credit is available with any bank." />
  <Value Id="147" Name="Transport means stowage location" Description="[8043] To identify a location on board a means of transport where specified goods or transport equipment has been or are to be stowed." />
  <Value Id="148" Name="For transportation to" Description="Place/country where goods are to be transported to." />
  <Value Id="149" Name="Loading on board/despatch/taking in charge at/from" Description="Place/country where goods have to be loaded on board, despatched or taken in charge." />
  <Value Id="150" Name="Container stack position" Description="Stack position of a container at a terminal, depot or freight station." />
  <Value Id="151" Name="Private box" Description="A private box used for pick-up and delivery of packages, e.g. of express packages." />
  <Value Id="152" Name="Next port of discharge" Description="Next port at which goods are discharged from the vessel used for their transport." />
  <Value Id="153" Name="Port of call" Description="Port where a vessel has called upon or will call upon." />
  <Value Id="154" Name="Place/location of on-hire" Description="Place/location where an object is contracted for use." />
  <Value Id="155" Name="Place/location of off-hire" Description="Place/location where an object's contract for use ends." />
  <Value Id="156" Name="Other carriers terminal" Description="A carrier terminal belonging to a carrier other than the original carrier." />
  <Value Id="157" Name="Country of Value Added Tax (VAT) jurisdiction" Description="The country governing the VAT regulation to which the transaction is subject." />
  <Value Id="158" Name="Contact location" Description="The site where a contact is located." />
  <Value Id="159" Name="Additional internal destination" Description="Any location within the consignee's premises where the goods are moved to." />
  <Value Id="160" Name="Foreign port of call" Description="A code to identify the foreign port where the vessel calls at or will call at." />
  <Value Id="161" Name="Maintenance location" Description="A location where maintenance has been or will be performed." />
  <Value Id="162" Name="Place or location of sale" Description="Place or location at which the sale takes place." />
  <Value Id="163" Name="Direct investment country" Description="Country in which a direct investment is made or withdrawn." />
  <Value Id="164" Name="Berth" Description="Location in port where the vessel is berthed or moored." />
  <Value Id="165" Name="Construction country" Description="Country in which the construction work is made." />
  <Value Id="166" Name="Donation acting country" Description="Country acting in the donation of aid." />
  <Value Id="167" Name="Payment transaction country" Description="Country of the foreign counterpart of the payment transaction." />
  <Value Id="168" Name="Physical place of return of item" Description="Physical place at which the item is returned, i.e. the location where the supplier receives the item form the customer." />
  <Value Id="169" Name="Relay port" Description="A location where cargo is transferred from one means of transport to another means of transport owned or operated by the same carrier under the same bill of lading." />
  <Value Id="170" Name="Final port of discharge" Description="Last port at which cargo is unloaded from a vessel before the cargo is moved to a place of delivery or destination." />
  <Value Id="171" Name="Place of destination for pre-stacking prior to stowage" Description="The destination location for which items are to be pre- stacked prior to being stowed together on a means of transport." />
  <Value Id="172" Name="Reporting location" Description="The location to which the information being reported is applicable." />
  <Value Id="173" Name="Transport contract place of despatch" Description="A place from which goods are despatched as per transport contract." />
  <Value Id="174" Name="Place of residence" Description="A place where a party lives." />
  <Value Id="175" Name="Activity location" Description="A place at which the activity occurs." />
  <Value Id="176" Name="Pick-up location" Description="Location for pick up." />
  <Value Id="177" Name="Construction site" Description="A place at which construction works occur." />
  <Value Id="178" Name="Place of embarkation" Description="Place where the object is put, or goes, on board the conveyance." />
  <Value Id="179" Name="Place of disembarkation" Description="Place where the object or person disembarks from the conveyance." />
  <Value Id="180" Name="Person birth location" Description="[3486] Name of the place where a person was born." />
  <Value Id="181" Name="Registered office" Description="Identifies the place or location of a registered office." />
  <Value Id="182" Name="Place of incorporation" Description="Identifies the location of incorporation." />
  <Value Id="183" Name="Place of business" Description="Identifies the place or location of a business." />
  <Value Id="184" Name="Physical location" Description="Identifies the physical location." />
  <Value Id="185" Name="Location to send mail" Description="Identifies the location to which mail is sent." />
  <Value Id="186" Name="Foreign registration location" Description="Identifies the place or location of foreign registration." />
  <Value Id="187" Name="Tax filed from location" Description="Identifies the location from which taxes are filed." />
  <Value Id="188" Name="Filing location" Description="Identifies the location of the filing entity." />
  <Value Id="189" Name="Former location" Description="Identifies an earlier or previous place or location." />
  <Value Id="190" Name="Head office" Description="Identifies the place or location of a head office." />
  <Value Id="191" Name="Property" Description="Identifies the place or location of property." />
  <Value Id="192" Name="Correct location" Description="Identifies the correct place or location." />
  <Value Id="193" Name="Branch location" Description="Identifies the place or location of a branch." />
  <Value Id="194" Name="Former registered location" Description="Identifies the former registered location of an entity." />
  <Value Id="195" Name="Future location" Description="Location to be used in the future." />
  <Value Id="196" Name="Changed to location" Description="Identifies the change to location." />
  <Value Id="197" Name="Place of inquiry" Description="Place to which an inquiry is made." />
  <Value Id="198" Name="Original location" Description="Identifies the original location." />
  <Value Id="199" Name="Country of last source" Description="The country where a product or service was last sourced." />
  <Value Id="200" Name="Place of handling" Description="Place where a handling operation is to be, or has been, performed." />
  <Value Id="201" Name="Country of origin as defined by transportation agency" Description="Country of origin as defined by the transportation agency." />
  <Value Id="202" Name="Terminal" Description="A terminus for transport vehicles." />
  <Value Id="203" Name="Sample location" Description="Code identifying the location from which a sample is taken." />
  <Value Id="204" Name="Hospital Advanced Dependency Unit (ADU)" Description="A designated unit in a hospital for advanced dependency nursing care." />
  <Value Id="205" Name="Hospital Neonatal Intensive Care Unit (NICU)" Description="A designated unit in a hospital for the provision of intensive care to neonates." />
  <Value Id="206" Name="Hospital Paediatric Care Unit (PCU)" Description="A designated unit in a hospital for the provision of care to paediatric patients." />
  <Value Id="207" Name="Hospital Intensive Care Unit (ICU)" Description="An intensive care unit in a hospital." />
  <Value Id="208" Name="Hospital luxury room" Description="A room in a hospital for patient accommodation of superior standard." />
  <Value Id="209" Name="Hospital shared room" Description="A room in a hospital for shared accommodation of patients." />
  <Value Id="210" Name="Hospital private room" Description="A room in a hospital for private accommodation of a patient." />
  <Value Id="211" Name="Bidding area" Description="An area for which bids can be made with the same price applicable to the whole area." />
  <Value Id="212" Name="Price area" Description="An area for which the same price is applicable to the whole area." />
  <Value Id="213" Name="Country of destination of equipment" Description="Country of the last place where the equipment will stop." />
  <Value Id="214" Name="Aircraft airport stand" Description="Code used to specify the airport stand allocated to the aircraft." />
  <Value Id="215" Name="Airport passenger terminal" Description="Code used to specify the airport terminal used for the embarking or disembarking of passengers." />
  <Value Id="216" Name="Previous berth" Description="Place or location in a port where a vessel was previously moored." />
  <Value Id="217" Name="Next berth" Description="Place or location in a port where a vessel will be moored, after moving from the current location." />
  <Value Id="218" Name="Entity location" Description="Identifies the place or location of the entity." />
  <Value Id="219" Name="Goods depot" Description="Depot where goods are received and are available for pick-up." />
  <Value Id="220" Name="Disinfecting place" Description="Place where disinfection has been or must be performed." />
  <Value Id="221" Name="Harbour rail station" Description="Rail station servicing a harbour." />
  <Value Id="222" Name="Place of live animal care" Description="Place where live animal care has been or must be provided." />
  <Value Id="223" Name="Phytosanitary control place" Description="Place where phytosanitary control has been or must be performed." />
  <Value Id="224" Name="Place for re-icing or de-icing" Description="Place where re-icing or de-icing has been or must be performed." />
  <Value Id="225" Name="Place of refuelling" Description="Place where refuelling has been or must be performed." />
  <Value Id="226" Name="Place of provision of an unexpected service" Description="Place where an unexpected service has been or must be provided." />
  <Value Id="227" Name="Private container terminal" Description="Container terminal managed or owned by a private company." />
  <Value Id="228" Name="Railway container terminal" Description="Container terminal managed or owned by a railway company." />
  <Value Id="229" Name="Inspection site" Description="The site where an inspection takes or took place." />
  <Value Id="230" Name="Request only stop" Description="A location where a stop is only made on request." />
  <Value Id="231" Name="Grid area" Description="A section of a grid." />
  <Value Id="232" Name="Source power area" Description="The area that is the source of power." />
  <Value Id="233" Name="Sink power area" Description="The area that is the destination of power." />
  <Value Id="234" Name="Scheduled berth" Description="Place or location in a port where a vessel is scheduled to be moored." />
  <Value Id="235" Name="Scheduled berth, bow" Description="Place or location in a port where the bow of a vessel is scheduled to berth." />
  <Value Id="236" Name="Scheduled berth, stern" Description="Place or location in a port where the stern of a vessel is scheduled to berth." />
  <Value Id="237" Name="Balance settlement area" Description="An area where common rules for balance settlement applies." />
  <Value Id="238" Name="Market area" Description="An  area with common trading rules." />
  <Value Id="239" Name="Metering grid area" Description="A physical area where consumption, production and exchange can be metered." />
  <Value Id="240" Name="Climate zone" Description="A geographical area where the climate has common characteristics." />
  <Value Id="241" Name="Country of birth" Description="Country where a person or an animal was born." />
  <Value Id="242" Name="Country of fattening" Description="Country where an animal has been fattened." />
  <Value Id="243" Name="Country of slaughter" Description="Country where an animal has been slaughtered." />
  <Value Id="244" Name="Country of meat cutting" Description="Country where the meat is cut into pieces." />
  <Value Id="245" Name="Meat cutting location" Description="A location where the meat is cut into pieces." />
  <Value Id="246" Name="Slaughterhouse" Description="Place for the slaughter of animals as food." />
  <Value Id="247" Name="Country of meat mincing" Description="Country where meat has been cut into very small pieces using a meat grinder." />
  <Value Id="248" Name="Place of discharge and loading" Description="Place at which a means of transport is performing both discharge and loading operations, e.g. seaport, airport, freight terminal, rail station." />
  <Value Id="249" Name="Cargo facility location" Description="Name of the terminal, warehouse or yard where the goods are to be on or offloaded." />
  <Value Id="250" Name="Tourist point of interest" Description="Code to specify that the location is a tourist point of interest." />
  <Value Id="251" Name="Customs office of payment" Description="Place where Customs duties/taxes/fees have to be paid." />
  <Value Id="252" Name="Conveyance facility location at departure" Description="Name of the location of the last facility (e.g. terminal, warehouse or yard) from which the conveyance will depart." />
  <Value Id="253" Name="Conveyance facility location at arrival" Description="Name of the location of the initial facility (e.g. terminal, warehouse or yard) where the conveyance will arrive." />
  <Value Id="254" Name="Bus station" Description="Name or identification of a bus station." />
  <Value Id="255" Name="Ferry terminal" Description="Name or identification of a ferry terminal." />
  <Value Id="256" Name="Place of packing" Description="Place where goods are packaged." />
  <Value Id="257" Name="Country of assembly" Description="Country where product is assembled." />
  <Value Id="258" Name="Town sales office" Description="The location is a town sales office." />
  <Value Id="259" Name="Travel agency" Description="The location is a travel agency." />
  <Value Id="260" Name="Inland clearance depot" Description="Depot where goods are cleared by the customs authorities or other governmental authorities in the interior of a country." />
  <Value Id="261" Name="Place of final production" Description="Place where the production of the item was finalised." />
  <Value Id="262" Name="Place of growth" Description="Place where the product was grown." />
  <Value Id="263" Name="Place of intermediate production" Description="Place of any processing prior to final production." />
  <Value Id="264" Name="Place of nutrient origin" Description="Place where the nutrient, or item of nourishing food, originated." />
  <Value Id="265" Name="Place of package material production" Description="Place where the material used for packaging was produced." />
  <Value Id="266" Name="Place of processing" Description="The place where the commodity was processed." />
  <Value Id="267" Name="Place of species origin" Description="The place where the species was taken from the wild, or the place where the species was born, artificially propagated, grown or harvested." />
  <Value Id="268" Name="Place of catch" Description="Place where the animal was caught, e.g. area of the ocean where the fish was harvested." />
  <Value Id="269" Name="Government appeal office" Description="The location of a government office at which an appeal can be lodged." />
  <Value Id="270" Name="Regulatory office of cross-border goods entry" Description="To identify the regulatory office at which the goods enter or are intended to enter the customs territory of destination." />
  <Value Id="271" Name="Regulatory office of cross-border goods exit" Description="To identify the regulatory office at which the goods leave or are intended to leave the customs territory of dispatch." />
  <Value Id="272" Name="Government approved establishment" Description="Facility approved for a specific purpose by a government authority." />
  <Value Id="273" Name="Free trade zone" Description="A special area of a country where some normal trade barriers (e.g. tariffs and quotas) are eliminated, a.k.a. foreign free zone." />
  <Value Id="274" Name="Place of physical examination" Description="A place where goods are to be examined." />
  <Value Id="275" Name="Permitted location" Description="The location at which goods identified on the license, permit, certificate or other document are allowed to be moved or otherwise handled." />
  <Value Id="276" Name="Landing location" Description="The place where a means of transport may be parked or tied up, e.g. wharf, quay, railyard, parking lot." />
  <Value Id="277" Name="Place of loading on final means of transport" Description="Place where a consignment is placed aboard the means of transport which enters the destination customs territory." />
  <Value Id="278" Name="Place of regulatory declaration review" Description="Location where the declaration is reviewed by appropriate government agency." />
  <Value Id="279" Name="Travel document issuing country or political entity" Description="The country or political entity issuing the travel document." />
  <Value Id="280" Name="Compliant facility, registered" Description="A facility that has been formally documented as compliant with regulations or statutes by a regulatory authority." />
  <Value Id="281" Name="Bonded warehouse" Description="A building or other secured area in which dutiable goods may be stored, manipulated, or undergo manufacturing operations without payment of duty." />
  <Value Id="282" Name="Goods destruction site, designated" Description="A place designated for the destruction of goods." />
  <Value Id="283" Name="Goods disposal location, designated" Description="A place designated for the disposal of goods." />
  <Value Id="284" Name="Incineration facility" Description="Facility with a furnace or apparatus for consuming materials completely or reducing materials to ash by burning." />
  <Value Id="285" Name="Laboratory" Description="A facility equipped for scientific experimentation, research, testing or determination." />
  <Value Id="286" Name="Place of assembly" Description="Facility where product is assembled." />
  <Value Id="287" Name="Processing site" Description="Place where an operation or a series of operations are performed in the making or treatment of a product." />
  <Value Id="288" Name="Quarantine facility" Description="A place or station where isolation is carried out." />
  <Value Id="289" Name="Reclamation facility" Description="A facility where desired substances are recovered from materials or goods." />
  <Value Id="290" Name="Refinery" Description="An industrial plant for refining a substance, such as petroleum or sugar." />
  <Value Id="291" Name="Smelter" Description="A facility where ores are fused or melted in order to separate the metal contained in them." />
  <Value Id="292" Name="Prescribed treatment facility" Description="A facility where goods are subjected to a prescribed treatment." />
  <Value Id="293" Name="Embassy" Description="The official headquarters of an ambassador or official diplomat sent by one sovereign or state to another as its resident representative." />
  <Value Id="294" Name="Region of source" Description="Region where goods were originally produced." />
  <Value Id="295" Name="Region of storage" Description="Region where products have been stored." />
  <Value Id="296" Name="Ship security incident location" Description="Location for reporting any security related matter to indicate where the safety/security incident has taken place." />
  <Value Id="297" Name="Ship-to-ship activity location" Description="Location where the ship-to-ship activity has taken place." />
  <Value Id="298" Name="Country of last processing" Description="The country where the trade item was last processed." />
  <Value Id="ZZZ" Name="Mutually defined" Description="Place or location as agreed between the relevant parties." />
</Root>