<?xml version="1.0" encoding="utf-8"?>
<Root xmlns:xsi="http://www.w3.org/2001/XMLSchema-instance" xmlns:xsd="http://www.w3.org/2001/XMLSchema" Id="3237" Name="Sample location description code" Description="Code specifying the sample location." Count="an..3">
  <Value Id="1" Name="Bore" Description="A hollowed out section of the item." />
  <Value Id="2" Name="Rim" Description="A raised edge or border." />
  <Value Id="3" Name="Web" Description="A complete structure or connected series." />
  <Value Id="4" Name="Centre" Description="The middle point from any point on the circumference or surface." />
  <Value Id="5" Name="Core" Description="The central or most important part of the item." />
  <Value Id="6" Name="Surface" Description="The outer most surface of an item." />
  <Value Id="7" Name="Beginning" Description="The sample is taken at the beginning of the specimen." />
  <Value Id="8" Name="End" Description="The sample is taken at the end of the specimen." />
  <Value Id="9" Name="Middle" Description="The sample is taken at the middle of the specimen." />
  <Value Id="10" Name="Centre Back" Description="The sample location is centre across width, back end across length." />
  <Value Id="11" Name="Centre front" Description="The sample location is centre across width, front end across length." />
  <Value Id="12" Name="Centre middle" Description="The sample location is centre across width, middle end across length." />
  <Value Id="13" Name="Edge back" Description="The sample location is on the edge across width, back end across length." />
  <Value Id="14" Name="Edge front" Description="The sample location is on the edge across width, front end across length." />
  <Value Id="15" Name="Edge middle" Description="The sample location is on the edge across the width, middle end across length." />
  <Value Id="16" Name="Quarter back" Description="The sample location is a quarter way across the width, back end across length." />
  <Value Id="17" Name="Quarter front" Description="The sample location is a quarter way across the width, front end across length." />
  <Value Id="18" Name="Quarter middle" Description="The sample location is a quarter way across the width, middle end across length." />
  <Value Id="19" Name="Weld" Description="The sample is taken from the weld of the specimen." />
  <Value Id="20" Name="Body" Description="Sample is taken from the body of the specimen." />
</Root>