<?xml version="1.0" encoding="utf-8"?>
<Root xmlns:xsi="http://www.w3.org/2001/XMLSchema-instance" xmlns:xsd="http://www.w3.org/2001/XMLSchema" Id="3279" Name="Geographic area code" Description="Code specifying a geographical area." Count="an..3">
  <Value Id="DO" Name="Domestic" Description="Domestic message as defined by relevant central bank." />
  <Value Id="DR" Name="Domestic with regulatory information required" Description="Domestic message with requirement to regulatory information to central bank." />
  <Value Id="EA" Name="Economic area" Description="Message crossing at least one national boundary but confined within a specific economic area (e.g. EC, EFTA ...)." />
  <Value Id="IN" Name="International" Description="International message as defined by relevant central bank." />
  <Value Id="IR" Name="International with regulatory information required" Description="International message with requirement to regulatory information to central bank." />
  <Value Id="IS" Name="European Union" Description="To identify the message as originating from and destined to a member state of the European Union." />
  <Value Id="SPA" Name="SEPA (Single Euro Payments Area) ID A" Description="SEPA message following EBA (EURO Banking Association) scheme 1, i.e. used for SEPA Credit Transfers / SEPA Direct Debits." />
  <Value Id="SPB" Name="SEPA (Single Euro Payments Area) ID B" Description="SEPA message following scheme 2 as defined by EBA (EURO Banking Association)." />
  <Value Id="SPC" Name="SEPA (Single Euro Payments Area) ID C" Description="SEPA message following scheme 3 as defined by EBA (EURO Banking 	Association)." />
  <Value Id="SPD" Name="SEPA (Single Euro Payments Area) ID D" Description="SEPA message following scheme 4 as defined by EBA (EURO Banking 	Association)." />
</Root>