<?xml version="1.0" encoding="utf-8"?>
<Root xmlns:xsi="http://www.w3.org/2001/XMLSchema-instance" xmlns:xsd="http://www.w3.org/2001/XMLSchema" Id="3285" Name="Instruction receiving party identifier" Description="Code specifying the party to receive an instruction." Count="an..35">
  <Value Id="1" Name="Applicant's bank" Description="The financial institution which is requested to issue the documentary credit." />
  <Value Id="2" Name="Issuing bank" Description="The financial institution which issues the documentary credit, if the applicant's bank is not acting as the issuing bank." />
  <Value Id="3" Name="Beneficiary's bank" Description="The financial institution with which the beneficiary maintain an account." />
  <Value Id="4" Name="Beneficiary" Description="The party in whose favour the documentary credit is to be issued and the party who must comply with the credit's terms and conditions." />
  <Value Id="5" Name="Contact party 1" Description="First party to contact." />
  <Value Id="6" Name="Contact party 2" Description="Second party to contact." />
  <Value Id="7" Name="Contact party 3" Description="Third party to contact." />
  <Value Id="8" Name="Contact party 4" Description="Fourth party to contact." />
  <Value Id="9" Name="Contact bank 1" Description="First financial institution to contact." />
  <Value Id="10" Name="Contact bank 2" Description="Second financial institution to contact." />
  <Value Id="11" Name="Creditor" Description="Party to whom payment is due." />
  <Value Id="12" Name="Receiving bank" Description="Identifies the bank which is to receive funds." />
  <Value Id="13" Name="Creditor's bank" Description="Identifies the bank to whom payment is due." />
  <Value Id="14" Name="Instruction receiving party identifier" Description="Code specifying the party to receive an instruction." />
  <Value Id="15" Name="Debtor" Description="Party from whom payment is due." />
  <Value Id="16" Name="Payer or payer's agent" Description="Party or party's agent from whom funds will be made available." />
</Root>