<?xml version="1.0" encoding="utf-8"?>
<Root xmlns:xsi="http://www.w3.org/2001/XMLSchema-instance" xmlns:xsd="http://www.w3.org/2001/XMLSchema" Id="3299" Name="Address purpose code" Description="Code specifying the purpose of an address." Count="an..3">
  <Value Id="1" Name="At home" Description="The address is the home address." />
  <Value Id="2" Name="Contact address" Description="Address where contact may be made." />
  <Value Id="3" Name="Arrival address" Description="Address of arrival." />
  <Value Id="4" Name="Departure address" Description="Address of departure." />
  <Value Id="5" Name="Work address" Description="Address where a person works." />
  <Value Id="6" Name="Medical care address" Description="Address where medical care is provided." />
  <Value Id="7" Name="Sample collection address" Description="Address where samples are collected." />
  <Value Id="8" Name="Patient admitted from" Description="Address from where a patient is admitted." />
  <Value Id="9" Name="Visit address" Description="The address where a visit takes place." />
  <Value Id="10" Name="Patient discharged to" Description="Address to where a patient is discharged." />
</Root>