<?xml version="1.0" encoding="utf-8"?>
<Root xmlns:xsi="http://www.w3.org/2001/XMLSchema-instance" xmlns:xsd="http://www.w3.org/2001/XMLSchema" Id="3301" Name="Enacting party identifier" Description="To identify the party enacting an instruction." Count="an..35">
  <Value Id="1" Name="Applicant's bank" Description="The financial institution which is requested to issue the documentary credit." />
  <Value Id="2" Name="Issuing bank" Description="The financial institution which issues the documentary credit, if the applicant's bank is not acting as the issuing bank." />
  <Value Id="3" Name="Beneficiary's bank" Description="The financial institution with which the beneficiary maintains an account." />
  <Value Id="4" Name="Buyer" Description="The buyer is responsible for carrying out the instruction." />
  <Value Id="5" Name="Seller" Description="The seller is responsible for carrying out the instruction." />
  <Value Id="6" Name="Advise-through bank" Description="Identifies the financial institution through which the advising bank is to advise the documentary credit." />
  <Value Id="7" Name="Advising bank" Description="Identifies the financial institution used by the issuing bank to advise the documentary credit." />
  <Value Id="8" Name="Debtor's bank" Description="Identifies the bank from whom payment is due." />
  <Value Id="9" Name="Ordered bank" Description="The financial institution with which the ordering party maintains an account." />
</Root>