<?xml version="1.0" encoding="utf-8"?>
<Root xmlns:xsi="http://www.w3.org/2001/XMLSchema-instance" xmlns:xsd="http://www.w3.org/2001/XMLSchema" Id="3405" Name="Name component type code qualifier" Description="Code qualifying the type of a name component." Count="an..3">
  <Value Id="1" Name="Surname" Description="The surname of an individual." />
  <Value Id="2" Name="Christian name" Description="Christian name." />
  <Value Id="3" Name="First part of a composite surname" Description="First part of a composite surname." />
  <Value Id="5" Name="Second part of a composite surname" Description="Second part of a composite surname." />
  <Value Id="6" Name="Official first Christian name" Description="First Christian name as registered in official documents." />
  <Value Id="7" Name="Official second Christian name" Description="Second Christian name as registered in official documents." />
  <Value Id="8" Name="Initial of the second Christian name" Description="Initial of the second Christian name." />
  <Value Id="9" Name="Official third Christian name" Description="Third Christian name as registered in official documents." />
  <Value Id="10" Name="Whole name" Description="Whole name, comprising an unspecified mix of components." />
  <Value Id="11" Name="Name suffix" Description="To identify a name suffix." />
  <Value Id="12" Name="Name prefix" Description="To identify a name prefix." />
</Root>