<?xml version="1.0" encoding="utf-8"?>
<Root xmlns:xsi="http://www.w3.org/2001/XMLSchema-instance" xmlns:xsd="http://www.w3.org/2001/XMLSchema" Id="3403" Name="Name type code" Description="Code specifying the type of name." Count="an..3">
  <Value Id="1" Name="Maiden name" Description="Family name of person before marriage." />
  <Value Id="2" Name="Marital name" Description="Marital name." />
  <Value Id="3" Name="Used name" Description="Name used to identify an entity." />
  <Value Id="4" Name="Call name" Description="Name used to identify a person in a particular context." />
  <Value Id="5" Name="Official name" Description="The name as registered by official authorities." />
  <Value Id="6" Name="Franchise name" Description="Name of an entity authorized by a company to sell its goods or services in a particular way." />
  <Value Id="7" Name="Pseudonym" Description="A fictitious name adopted." />
  <Value Id="8" Name="Alias" Description="An assumed name." />
  <Value Id="9" Name="Company name" Description="The name of a company." />
  <Value Id="10" Name="Organisation name" Description="Name of an organisation." />
  <Value Id="11" Name="Party acronym" Description="A name formed from the initial letters of other words." />
  <Value Id="12" Name="Doing business as" Description="To specify the name under which the party is conducting business." />
  <Value Id="13" Name="Brand name" Description="A name legally registered as a trademark." />
  <Value Id="14" Name="Primary name" Description="Identifies the name of first importance." />
</Root>