<?xml version="1.0" encoding="utf-8"?>
<Root xmlns:xsi="http://www.w3.org/2001/XMLSchema-instance" xmlns:xsd="http://www.w3.org/2001/XMLSchema" Id="3477" Name="Address format code" Description="Code specifying the format of an address." Count="an..3">
  <Value Id="1" Name="Street name followed by number" Description="Address street name followed by address number." />
  <Value Id="2" Name="Number, road type, road name in this sequence" Description="House number followed by type of road and name of the road." />
  <Value Id="3" Name="Road type, road name, number in this sequence" Description="Type of the road followed by name of the road and the house number." />
  <Value Id="4" Name="Post office box" Description="Post office box." />
  <Value Id="5" Name="Unstructured address" Description="Unstructured address, comprising an unspecified mix of components." />
  <Value Id="6" Name="Street name followed by number, building, suite" Description="Identifies the address component as street name followed by number, building, and suite in this sequence." />
  <Value Id="7" Name="Rural route number" Description="Identifies the address component as the rural route number." />
  <Value Id="8" Name="Post office drawer number" Description="Identifies the address component as the post office drawer." />
  <Value Id="9" Name="Building name followed by suite" Description="Identifies the address component as building followed by suite." />
</Root>