<?xml version="1.0" encoding="utf-8"?>
<Root xmlns:xsi="http://www.w3.org/2001/XMLSchema-instance" xmlns:xsd="http://www.w3.org/2001/XMLSchema" Id="4017" Name="Delivery plan commitment level code" Description="Code specifying the level of commitment to a delivery plan." Count="an..3">
  <Value Id="1" Name="Firm" Description="Indicates that the scheduling information is a firm commitment." />
  <Value Id="2" Name="Commitment for manufacturing and material" Description="Authorizes the supplier to start the manufacturing of goods." />
  <Value Id="3" Name="Commitment for material" Description="Authorizes the manufacturer to order material required for manufacturing specified goods." />
  <Value Id="4" Name="Planning/forecast" Description="An estimate of future requirements based on trends and actual information." />
  <Value Id="5" Name="Short delivered on previous delivery" Description="Part of a consignment which was not delivered when the original delivery was made." />
  <Value Id="6" Name="Capacity available" Description="Capacity is available to meet the requested scheduling demands." />
  <Value Id="7" Name="Promotion" Description="All related schedule information refer to a promotion." />
  <Value Id="8" Name="Special demand" Description="All related schedule information refers to a special demand." />
  <Value Id="9" Name="User defined" Description="The user can interpret the meaning of the values from information exchanged previously." />
  <Value Id="10" Name="Immediate" Description="Indicates that the scheduling information is for immediate execution." />
  <Value Id="11" Name="Pilot/Pre-volume" Description="Initial products required in advance of the normal production process." />
  <Value Id="12" Name="Planning" Description="An estimate of future requirements." />
  <Value Id="13" Name="Potential order increase" Description="The possibility and magnitude of a schedule fluctuation." />
  <Value Id="14" Name="Average plant usage" Description="The usual amount that a manufacturing facility will use over a specified duration." />
  <Value Id="15" Name="First time reported firm" Description="Initial confirmation of a material requirement." />
  <Value Id="16" Name="Maximum" Description="The highest attainable amount." />
  <Value Id="17" Name="Tooling capacity" Description="The maximum amount that the process was designed to accommodate." />
  <Value Id="18" Name="Normal tooling capacity" Description="The anticipated amount that the process was designed to accommodate over a specific period of time." />
  <Value Id="19" Name="Prototype" Description="The preliminary version of a product or service." />
  <Value Id="20" Name="Strike protection" Description="Product level that is set aside as protection in the event of a work stoppage." />
  <Value Id="21" Name="Required tooling capacity" Description="The contracted amount that the process was designed to accommodate over a specific period of time." />
  <Value Id="22" Name="Deliver to schedule" Description="Deliver to schedule separately supplied." />
  <Value Id="23" Name="Await manual pull" Description="Await non-EDI instruction before shipping." />
  <Value Id="24" Name="Reference to commercial agreement between partners" Description="The buyer's commitment is the one defined in the commercial agreement." />
  <Value Id="26" Name="Proposed" Description="Indicates that the scheduling information is a proposal." />
</Root>