<?xml version="1.0" encoding="utf-8"?>
<Root xmlns:xsi="http://www.w3.org/2001/XMLSchema-instance" xmlns:xsd="http://www.w3.org/2001/XMLSchema" Id="4025" Name="Business function code" Description="Code describing the specific business function." Count="an..3">
  <Value Id="AAA" Name="Payment terms" Description="The business function is to specify payment terms." />
  <Value Id="AAB" Name="Medical services" Description="The reason for the transaction is medical services." />
  <Value Id="AAC" Name="Multiple types of service" Description="The reason for the transaction is for multiple types of services." />
  <Value Id="AAD" Name="Not otherwise specified" Description="The reason for the transaction is for types of services not specified elsewhere." />
  <Value Id="AAE" Name="Vision care" Description="The reason for the transaction is vision care services." />
  <Value Id="AAF" Name="Home health care" Description="The reason for the transaction is for home health care services." />
  <Value Id="AAG" Name="Hospital care" Description="The reason for the transaction is for hospital care services." />
  <Value Id="AAH" Name="Intermediate care facility" Description="The reason for the transaction is for intermediate care facility services." />
  <Value Id="AAI" Name="Long-term care facility" Description="The reason for the transaction is for long-term care facility services." />
  <Value Id="AAJ" Name="Convalescent care facility" Description="The reason for the transaction is for convalescent care facility services." />
  <Value Id="AAK" Name="Anesthesia service" Description="The reason for the transaction is for health care anesthesia services." />
  <Value Id="AAL" Name="Dental services" Description="The reason for the transaction is for dental services." />
  <Value Id="AAM" Name="Durable medical equipment" Description="The reason for the transaction is the use of durable medical equipment." />
  <Value Id="AAN" Name="Business expenses" Description="The reason for the transaction is business expenses." />
  <Value Id="AAO" Name="Company social loan payment to bank" Description="Payment made by a company to a bank for financing social loans to the employees." />
  <Value Id="AAP" Name="Air" Description="Air related business." />
  <Value Id="AAQ" Name="Ferry" Description="Ferry related business." />
  <Value Id="AAR" Name="Railway" Description="Railway related business." />
  <Value Id="AAS" Name="Bus" Description="Bus related business." />
  <Value Id="ADV" Name="Advance payment" Description="The reason for payment is advance payment." />
  <Value Id="AGT" Name="Agricultural transfer" Description="Support payment to farmer." />
  <Value Id="AMY" Name="Alimony" Description="Payment on alimony." />
  <Value Id="BEC" Name="Child benefit" Description="Payment made to assist to parent/guardian to maintain child." />
  <Value Id="BEN" Name="Unemployment/disability/benefit" Description="Payment to person unemployed/disabled." />
  <Value Id="BON" Name="Bonus" Description="The reason the transaction is bonus." />
  <Value Id="CAS" Name="Cash management transfer" Description="Reason for the transaction is cash management transfer." />
  <Value Id="CBF" Name="Capital building fringe fortune" Description="Capital building for retirement." />
  <Value Id="CDT" Name="Commodity transfer" Description="Reason for payment is commodity." />
  <Value Id="COC" Name="Commercial credit payment" Description="Reason for payment is commercial credit." />
  <Value Id="COM" Name="Commission payment" Description="Payment of commission." />
  <Value Id="COS" Name="Costs" Description="Reason for payments is costs." />
  <Value Id="CPY" Name="Copyright payment" Description="Reason for payment is copyright." />
  <Value Id="DIV" Name="Dividend payment" Description="Reason for payment is dividend." />
  <Value Id="FEX" Name="Foreign exchange" Description="Reason for transaction is foreign exchange." />
  <Value Id="GDS" Name="Purchasing and selling of goods" Description="Purchasing and selling of goods." />
  <Value Id="GVT" Name="Government payment" Description="Payment to or from a government department." />
  <Value Id="IHP" Name="Instalment/hire-purchase agreement" Description="Reason for transaction is instalment or hire/purchase agreement." />
  <Value Id="INS" Name="Insurance premium" Description="Reason for transaction is insurance premium." />
  <Value Id="INT" Name="Interest payment" Description="Payment of interest." />
  <Value Id="LIF" Name="Licence fees payment" Description="Payment of licence fees." />
  <Value Id="LOA" Name="Loan" Description="Transfer of loan to borrower." />
  <Value Id="LOR" Name="Loan repayment" Description="Repayment of loan to lender." />
  <Value Id="NET" Name="Netting" Description="Reason for transaction is netting." />
  <Value Id="PEN" Name="Pension payment" Description="Payment of pension." />
  <Value Id="REF" Name="Refunding" Description="Payment of refund." />
  <Value Id="REN" Name="Rent" Description="Reason for transaction is rent." />
  <Value Id="ROY" Name="Royalties payment" Description="Payment of royalties." />
  <Value Id="SAL" Name="Salary payment" Description="Reason for payment is salary." />
  <Value Id="SCV" Name="Purchasing and selling of services" Description="Purchasing and selling of services." />
  <Value Id="SEC" Name="Securities" Description="Reason for transaction is securities." />
  <Value Id="SSB" Name="Social security benefit" Description="Payment made by government to support individuals." />
  <Value Id="SUB" Name="Subscription" Description="Reason for transaction is subscription." />
  <Value Id="TAX" Name="Tax payment" Description="Payment of tax." />
  <Value Id="VAT" Name="Value added tax payment" Description="Payment of Value Added Tax (VAT)." />
  <Value Id="ZZZ" Name="Mutually defined" Description="A code assigned within a code list to be used on an interim basis and as defined among trading partners until a precise code can be assigned to the code list." />
</Root>