<?xml version="1.0" encoding="utf-8"?>
<Root xmlns:xsi="http://www.w3.org/2001/XMLSchema-instance" xmlns:xsd="http://www.w3.org/2001/XMLSchema" Id="4035" Name="Priority type code qualifier" Description="Code qualifying the type of priority." Count="an..3">
  <Value Id="1" Name="Location priority" Description="The priority relates to the location." />
  <Value Id="2" Name="Salary priority" Description="The priority relates to the salary." />
  <Value Id="3" Name="Occupation priority" Description="The priority relates to the occupation." />
  <Value Id="4" Name="Performing priority" Description="Assigned priority in performing a task." />
  <Value Id="5" Name="Reporting priority" Description="Assigned priority in reporting an event." />
  <Value Id="6" Name="Delivery priority" Description="The delivery priority of an object." />
  <Value Id="7" Name="Requested priority" Description="The priority that is requested." />
  <Value Id="8" Name="Allocated priority" Description="The priority that is allocated." />
  <Value Id="9" Name="Prescription dispensing priority" Description="Assigned priority in dispensing a prescription." />
  <Value Id="10" Name="Disconnectability" Description="Priority for when an installation can be disconnected." />
</Root>