<?xml version="1.0" encoding="utf-8"?>
<Root xmlns:xsi="http://www.w3.org/2001/XMLSchema-instance" xmlns:xsd="http://www.w3.org/2001/XMLSchema" Id="4043" Name="Trade class code" Description="Code identifying the class of trade." Count="an..3">
  <Value Id="AA" Name="Financial service provider" Description="A manager of money or other assets." />
  <Value Id="AB" Name="Importer" Description="A person or group that imports goods or services." />
  <Value Id="AC" Name="Vendor" Description="A person or group selling goods or services." />
  <Value Id="AD" Name="Exporter" Description="A person or group who sends goods or services to a foreign country." />
  <Value Id="AG" Name="Agency" Description="A party or group that acts as an agent on behalf of another party." />
  <Value Id="BG" Name="Buying group" Description="A temporary group of buyers formed for purchasing purposes." />
  <Value Id="BR" Name="Broker" Description="A person or group acting as an agent for others, accepting responsibility in return for a fee." />
  <Value Id="CN" Name="Consolidator (master distributor)" Description="A person or group acting as a clearing house for goods or services." />
  <Value Id="DE" Name="Dealer" Description="A person or group buying directly from a manufacturer for resale." />
  <Value Id="DI" Name="Distributor" Description="A person or group acting explicitly as distributor of merchandise or goods." />
  <Value Id="JB" Name="Jobber" Description="A person or group buying merchandise to resell it to a retailer." />
  <Value Id="MF" Name="Manufacturer" Description="A company that produces goods from raw materials." />
  <Value Id="OE" Name="OEM (Original equipment manufacturer)" Description="A manufacturer selling its goods to a company reselling them using own labels." />
  <Value Id="RS" Name="Resale" Description="A class of trade where goods and/or services are purchased for resale." />
  <Value Id="RT" Name="Retailer" Description="A person selling goods or services in small quantities or by the piece." />
  <Value Id="ST" Name="Stationer" Description="The trade has a classification of stationer." />
  <Value Id="WH" Name="Wholesaler" Description="A person or group buying goods in large quantities for resale by a retailer." />
  <Value Id="WS" Name="User" Description="Identifies the end-user of goods or services." />
  <Value Id="WT" Name="Out patient" Description="A patient not under the full time care of a hospital but visits from time to time for treatment." />
  <Value Id="WU" Name="In patient" Description="A patient under the full time care of a hospital." />
  <Value Id="WV" Name="Electricity exchange" Description="Identifies the exchange where the intermediaries sell and buy electricity." />
</Root>