<?xml version="1.0" encoding="utf-8"?>
<Root xmlns:xsi="http://www.w3.org/2001/XMLSchema-instance" xmlns:xsd="http://www.w3.org/2001/XMLSchema" Id="4065" Name="Contract and carriage condition code" Description="Code to identify the conditions of contract and carriage." Count="an..3">
  <Value Id="1" Name="AVC conditions" Description="General conditions of transport 1983, latest revision laid down by the Stichting Vervoeradres The Hague." />
  <Value Id="2" Name="Special agreement for parcels transport" Description="Appliance of a non published special agreement signed between a customer and the carrier (mandatory requested by the consignor) for parcels transport." />
  <Value Id="3" Name="Special agreement for full loading transport" Description="Appliance of a non published special agreement signed between a customer and the carrier (mandatory requested by the consignor) for full load transport." />
  <Value Id="4" Name="Combined transport" Description="A transport which involves more than one mode of transportation." />
  <Value Id="5" Name="FIATA combined transport bill of lading" Description="Standard conditions of a combined transport bill of lading issued by FIATA." />
  <Value Id="6" Name="Freight forwarders national conditions" Description="The contract and carriage conditions as established by freight forwarders on a national basis." />
  <Value Id="7" Name="Normal tariff, parcels transport" Description="Appliance of the published legal tariff in case of parcels transport (required or not by the consignor." />
  <Value Id="8" Name="Normal tariff, full loading transport" Description="Appliance of the published legal tariff in case of full load transport (required or not by the consignor)." />
  <Value Id="9" Name="Ordinary" Description="Carrier will choose the cheapest tariff in the legally published tariffs for parcels or full load transports (no tariff required by the consignor)." />
  <Value Id="10" Name="Port to port" Description="The transport will only be port to port, no inland transport would have to be provided under the contract." />
  <Value Id="11" Name="CMR carnet" Description="Conditions in accordance with the convention of the contract for the international carriage of goods by road." />
  <Value Id="12" Name="Special tariff, parcels transport" Description="Appliance of the legally published &quot;special&quot; tariff in case or parcels transport (tariff requested by the consignor)." />
  <Value Id="13" Name="Special tariff, full transport" Description="Appliance of the legally published &quot;special tariff&quot; in case of full load transport (tariff requested by the consignor)." />
  <Value Id="14" Name="Through transport" Description="The transport that is contracted not only from port to port, but from one inland location to another inland location." />
  <Value Id="15" Name="Cancel space allocation" Description="Indication that space previously allocated on a flight is to be cancelled." />
  <Value Id="16" Name="Report sale of space" Description="Indication that a sale has been made against a space allocation on a specific flight." />
  <Value Id="17" Name="Alternative space allocation" Description="Indication that space is being requested for a specific flight and that an alternative is acceptable." />
  <Value Id="18" Name="No alternative space allocation" Description="Indication that space is being requested for a specific flight and that an alternative is not acceptable." />
  <Value Id="19" Name="Allotment sale" Description="Indication that space is being sold against a space allocation allotment on a specific flight." />
  <Value Id="20" Name="Confirmation of space" Description="Indication that space requested has been confirmed on a specific flight." />
  <Value Id="21" Name="Unable to confirm" Description="Indication that airline is unable to confirm the space allocation on a specific flight." />
  <Value Id="22" Name="Non-operative flight" Description="Indication that airline is unable to confirm space on a specific flight since the flight does not operate." />
  <Value Id="23" Name="Wait list" Description="Indication that the space allocation request has been assigned to a wait list." />
  <Value Id="24" Name="Prior space allocation request" Description="Indication that a space allocation on a specific flight has already been requested." />
  <Value Id="25" Name="Holding confirmed space allocation" Description="Indication that space is being held as confirmed on a specific flight." />
  <Value Id="26" Name="Holding wait list" Description="Indication that space allocation request on a specific flight has been assigned to a wait list." />
  <Value Id="27" Name="Door-to-door" Description="The carrier is responsible for the intermodal carriage of cargo including both the pre-carriage and the on- carriage." />
  <Value Id="28" Name="Door-to-pier" Description="The carrier is responsible for the intermodal carriage of cargo including the pre-carriage, but excluding the on-carriage." />
  <Value Id="29" Name="Pier-to-door" Description="The carrier is responsible for the intermodal carriage of cargo including the on-carriage, but excluding the pre-carriage." />
  <Value Id="30" Name="Pier-to-pier" Description="The carrier of intermodal cargo is only responsible for the main carriage." />
  <Value Id="31" Name="Space cancellation noted" Description="Indication that space previously allocated on a means of transport has been cancelled." />
  <Value Id="32" Name="Mini landbridge service" Description="Cargo moving from a coastal port for delivery at an inland location or cargo received at an inland location moving to a coastal port for subsequent ocean transportation." />
  <Value Id="34" Name="Speed level - required" Description="Maximum speed required on an itinerary or part of this itinerary to be able to assume some services." />
  <Value Id="35" Name="Speed level - adopted" Description="Real speed used on an itinerary or part of this itinerary (for technical reasons, some limitation can be imposed or some higher speed could be used)." />
  <Value Id="36" Name="Normal tariff, less than full load transport" Description="Application of the published legal tariff in case of less than full load transport (required or not by the consignor)." />
  <Value Id="37" Name="Re-expedition special tariff" Description="Indication that a special tariff must be used in the case of a re-expedition." />
  <Value Id="38" Name="Transport arrangement by the requester" Description="The service requester has the responsibility of making transport arrangement." />
  <Value Id="39" Name="Transport arrangement by the provider" Description="The service provider has the responsibility of making transport arrangement." />
  <Value Id="40" Name="Transport arrangement by the patient" Description="The patient has the responsibility of making transport arrangement." />
</Root>