<?xml version="1.0" encoding="utf-8"?>
<Root xmlns:xsi="http://www.w3.org/2001/XMLSchema-instance" xmlns:xsd="http://www.w3.org/2001/XMLSchema" Id="4079" Name="Handling instruction description code" Description="Code specifying a handling instruction." Count="an..3">
  <Value Id="1" Name="Heat sensitive" Description="The object is heat sensitive." />
  <Value Id="2" Name="Store in dry environment" Description="The object must be stored in dry environment." />
  <Value Id="3" Name="Stacked" Description="The identified item is, or can be stacked." />
  <Value Id="4" Name="Mooring to be arranged" Description="Request to arrange boatmen to (de)moor the vessel at the berth." />
  <Value Id="5" Name="Mooring arranged" Description="Information that the boatmen to (de)moor the vessel at the berth are already arranged." />
  <Value Id="6" Name="Pilotage to be arranged" Description="Request to arrange the pilotage for the vessel." />
  <Value Id="7" Name="Pilotage arranged" Description="Information that pilotage for the vessel is already arranged." />
  <Value Id="8" Name="Berth towage to be arranged" Description="Request to arrange the towage for the vessel to/from the berth in the port." />
  <Value Id="9" Name="Disposal of waste to be arranged" Description="Request to arrange the disposal of waste." />
  <Value Id="10" Name="Transshipment to be arranged" Description="The consignment has to be transshipped." />
</Root>