<?xml version="1.0" encoding="utf-8"?>
<Root xmlns:xsi="http://www.w3.org/2001/XMLSchema-instance" xmlns:xsd="http://www.w3.org/2001/XMLSchema" Id="4183" Name="Special condition code" Description="Code specifying a special condition." Count="an..3">
  <Value Id="1" Name="Item for national preference" Description="Item concerned is applicable to national preference calculation." />
  <Value Id="2" Name="Item qualifying for payment discount" Description="Item concerned is applicable for settlement/payment discount calculation." />
  <Value Id="3" Name="Item not qualifying for payment discount" Description="Item concerned is not applicable for settlement/payment discount calculation." />
  <Value Id="4" Name="Urgent delivery of reserved goods" Description="Urgent delivery of goods for which a reservation was made." />
  <Value Id="5" Name="Item not to be included in bonus calculation" Description="Item concerned is not applicable for bonus calculation." />
  <Value Id="6" Name="Subject to bonus" Description="Item concerned is applicable for bonus calculation." />
  <Value Id="7" Name="Subject to commission" Description="Item concerned is applicable for commission calculation." />
  <Value Id="8" Name="Subject to discount" Description="Item concerned is applicable for discount calculation." />
  <Value Id="9" Name="Freely available in EEC" Description="Item should be available freely within the European Economic Community." />
  <Value Id="10" Name="Subject to settlement discount" Description="Item concerned is applicable for the overall settlement discount." />
  <Value Id="11" Name="Price includes excise" Description="The stated price is inclusive of excise." />
  <Value Id="12" Name="Price includes tax" Description="The stated price is inclusive of tax." />
  <Value Id="13" Name="Price include duty" Description="The stated price is inclusive of duty." />
  <Value Id="14" Name="Not subject to commission" Description="Item concerned is not applicable for commission calculation." />
  <Value Id="15" Name="Not subject to discount" Description="Item concerned is not applicable for discount calculation." />
  <Value Id="16" Name="Subject to embargo restriction" Description="Item concerned is subject to embargo restriction." />
  <Value Id="17" Name="Item not subject to embargo restrictions" Description="Item concerned is not subject to embargo restriction." />
  <Value Id="18" Name="Item subject to national export restrictions" Description="Item concerned requires export declaration." />
  <Value Id="19" Name="Item not subject to national export restrictions" Description="Item concerned does not require export declaration." />
  <Value Id="20" Name="Item subject to import restrictions" Description="Item concerned is liable to import restrictions defined by relevant national authority." />
  <Value Id="21" Name="Item not subject to import restrictions" Description="Item concerned is not liable to import restrictions defined by relevant national authority." />
  <Value Id="22" Name="Signed" Description="Document has to be signed." />
  <Value Id="23" Name="Authenticated" Description="Document/message has to have official or regulatory approval." />
  <Value Id="24" Name="Original(s) to be certified" Description="Original document/message is to be certified by an official, or otherwise qualified, organization or person." />
  <Value Id="25" Name="Original(s) to be legalized" Description="Original document/message is to be issued under the legal requirements of a governmental authority." />
  <Value Id="26" Name="Quote documentary credit number" Description="The documentary credit number of the issuing bank must be quoted on the document." />
  <Value Id="27" Name="Full set bill of lading" Description="Full set of bill of lading is required." />
  <Value Id="28" Name="Full set bill of lading less one original" Description="Full set of bill of lading, less one original bill of lading, is required." />
  <Value Id="29" Name="Full set bill of lading less two originals" Description="Full set of bill of lading, less two originals bill of lading, is required." />
  <Value Id="30" Name="Shipped on board" Description="Transport document is to be marked &quot;shipped on board&quot;." />
  <Value Id="31" Name="Freight prepaid to be marked" Description="Transport document is to be marked &quot;freight prepaid&quot;." />
  <Value Id="32" Name="Freight collect to be marked" Description="Transport document is to be marked &quot;freight collect&quot;." />
  <Value Id="33" Name="Issued to order and blank endorsed" Description="Document is to be issued to order and must be blank endorsed." />
  <Value Id="34" Name="Issued and/or endorsed to the order of" Description="Document is to be issued and/or endorsed to the order of a specific party." />
  <Value Id="35" Name="Consigned to" Description="Transport document is to be consigned to a specified party." />
  <Value Id="36" Name="Notify" Description="Transport document is to be marked &quot;notify party&quot;." />
  <Value Id="37" Name="Issued by" Description="Document is to be issued by a specified party." />
  <Value Id="38" Name="Charter party allowed" Description="Charter party bill of lading is allowed." />
  <Value Id="39" Name="Loading on deck allowed" Description="Loading of goods on deck is allowed." />
  <Value Id="40" Name="Quote actual flight date and flight number" Description="Document/message must evidence the actual flight date and the flight number certifying air transportation and countersigned by the respective airline company." />
  <Value Id="41" Name="House AWB allowed" Description="House air waybill is allowed." />
  <Value Id="42" Name="Express post receipt" Description="Express post receipt is required." />
  <Value Id="43" Name="Air parcel post receipt" Description="Air parcel post receipt is required." />
  <Value Id="44" Name="Parcel post receipt" Description="Parcel post receipt is required." />
  <Value Id="45" Name="Issued to bearer" Description="Document is to be issued to bearer." />
  <Value Id="46" Name="Full set of insurance certificate" Description="Full set of insurance certificate is required." />
  <Value Id="47" Name="Full set of insurance policy" Description="Full set of insurance policy is required." />
  <Value Id="48" Name="Addressed to" Description="Document is to be addressed to a specified party." />
  <Value Id="49" Name="Transmission by telecommunication" Description="Document is to be transmitted by telecommunication." />
  <Value Id="50" Name="Bill of exchange drawn on" Description="Bill of exchange is to be drawn on &quot;party&quot;." />
  <Value Id="51" Name="Bill of exchange in duplicate" Description="Bill of exchange is to be issued as drawn in duplicate." />
  <Value Id="52" Name="Insurance certificate alternative" Description="Alternative to insurance certificate." />
  <Value Id="53" Name="Insurance policy alternative" Description="Alternative to insurance policy." />
  <Value Id="54" Name="Original(s) and copies to be certified" Description="Original and copies of document/message is to be certified by an official, or otherwise qualified, organization or person." />
  <Value Id="55" Name="Original(s) and copies to be legalized" Description="Original and copies of document/message is to be issued under the legal requirements or a governmental authority." />
  <Value Id="56" Name="Consolidators AWB allowed" Description="Consolidators air waybill is allowed." />
  <Value Id="57" Name="Full set" Description="Full set of a document is required." />
  <Value Id="58" Name="Full set less one original" Description="Full set of a document, less one original, is required." />
  <Value Id="59" Name="Full set less two originals" Description="Full set of a document, less two originals, is required." />
  <Value Id="60" Name="Goods despatched to" Description="Document must show that the goods have been despatched to a specified party." />
  <Value Id="61" Name="Insurance certificate allowed" Description="Presentation of an insurance certificate instead of an insurance policy is allowed." />
  <Value Id="62" Name="Issued to" Description="Document is to be issued to a specified party." />
  <Value Id="63" Name="Original(s) and copy(ies) signed" Description="Original(s) and copy(ies) of the document must be signed." />
  <Value Id="64" Name="Original(s) signed" Description="Original(s) of the document must be signed." />
  <Value Id="65" Name="No disposal clause" Description="The shipper hereby irrevocably renounces any right to vary the identity of the consignee of these goods during transit." />
  <Value Id="66" Name="Delivery without change of ownership" Description="There is no change of ownership of the goods after they are received by the consignee." />
  <Value Id="67" Name="Delivery with change of ownership" Description="There is a change of ownership of the goods after they are received by the consignee." />
  <Value Id="68" Name="Supply for outright purchase/sale" Description="Goods are supplied under outright purchase/sale condition." />
  <Value Id="69" Name="Supply for consignment" Description="Goods are supplied for consignment purposes." />
  <Value Id="70" Name="Supply for sale 'on approval' or after trial" Description="The sale of the goods will only be finalised after trial or approval." />
  <Value Id="71" Name="Exchange of goods compensated in kind" Description="Goods are delivered on the basis of a compensation kind." />
  <Value Id="72" Name="Sale for export by foreigner travelling in member state concerned" Description="A cross border delivery of goods to be sold by a foreigner travelling in the European Economic Community member state concerned." />
  <Value Id="73" Name="Samples" Description="The delivered goods are samples." />
  <Value Id="74" Name="Temporary export, loan or hire" Description="Loaned or hired goods delivered on a temporary export basis." />
  <Value Id="75" Name="Temporary export, leasing" Description="Leased goods delivered on a temporary export basis." />
  <Value Id="76" Name="Temporary export, operation for job processing" Description="Goods temporarily exported for operation for job processing." />
  <Value Id="77" Name="Temporary export, repair and maintenance against payment" Description="Goods temporarily exported for a chargeable repair or maintenance reason." />
  <Value Id="78" Name="Temporary export, repair and maintenance free of charge" Description="Goods temporarily exported for a free of charge repair or maintenance reason." />
  <Value Id="79" Name="Reimport following job processing" Description="Goods reimported after they have been used for job processing." />
  <Value Id="80" Name="Reimport following repair and maintenance against payment" Description="Goods reimported after a temporary export for a chargeable repair or maintenance reason." />
  <Value Id="81" Name="Reimport following repair and maintenance free of charge" Description="Goods reimported after a temporary export for a free of charge repair or maintenance reason." />
  <Value Id="82" Name="Supply of goods under joint production contract for defence purposes" Description="Goods supplied under joint production contact for defence purposes condition." />
  <Value Id="83" Name="Supply of goods under joint production contract for civil purposes" Description="Goods supplied under joint production contact for civil purposes condition." />
  <Value Id="84" Name="Supply of goods for warehousing for foreign account" Description="Goods supplied for warehousing for foreign account." />
  <Value Id="85" Name="Supply of goods as gifts by country of despatch and food aid under European Economic Community regulation" Description="Goods supplied as gifts by country of despatch and food aid under European Economic Community regulation." />
  <Value Id="86" Name="Supply of goods for disaster relief equipment" Description="Goods supplied as disaster relief equipment." />
  <Value Id="87" Name="Supply of goods as transactions without compensation" Description="Goods supplied as transactions without compensation (financial or otherwise) involving goods which will not be re-exported or compensated by the importation of equivalent goods." />
  <Value Id="88" Name="Supply of goods as returned consignment on which payment has been made" Description="Goods supplied as returned consignment on which payment has been made." />
  <Value Id="89" Name="Supply of goods as returned consignment on which no payment has been made" Description="Goods supplied as returned consignment on which no payment has been made." />
  <Value Id="90" Name="Supply of goods in standard exchange giving rise to payment" Description="Goods supplied in standard exchange giving rise to payment." />
  <Value Id="91" Name="Supply of goods in standard exchange not giving rise to payment" Description="Goods supplied in standard exchange not giving rise to payment." />
  <Value Id="92" Name="Supply of goods/services in standard exchange under warranty" Description="Goods/services provided in standard exchange under warranty." />
  <Value Id="93" Name="Goods" Description="The special conditions for the tax declaration are linked to the fact that the line item relates to goods." />
  <Value Id="94" Name="Service" Description="The special conditions for the tax declaration are linked to the fact that the line item is a service." />
  <Value Id="95" Name="Financial regulation" Description="The special conditions are linked to the fact that the line item is a financial regulation." />
  <Value Id="96" Name="Promotional advertising" Description="A media press communication informing about a promotion." />
  <Value Id="97" Name="Promotional price" Description="Reduction in price for a specified period of time for promotional purposes." />
  <Value Id="98" Name="Promotional shelf display" Description="Product in promotion is displayed in a special shelf or display." />
  <Value Id="99" Name="Safety data sheet required to accompany goods when moved" Description="Material safety data sheet is required to accompany the goods when they are moved." />
  <Value Id="100" Name="Multiple delivery points" Description="An order that has more than one specified delivery point." />
  <Value Id="101" Name="Provisional settlement" Description="Provides an indication that the settlement may be subject to further potential adjustment." />
  <Value Id="102" Name="Hire purchase" Description="Indicates that an item is supplied under the special condition of hire purchase." />
  <Value Id="103" Name="Loan" Description="Indicates that an item is supplied under the special condition of a loan." />
  <Value Id="104" Name="Rental" Description="Indicates that an item is supplied under the special condition of rental." />
  <Value Id="105" Name="Processing" Description="Indicates that the predominant operation is an administrative or technical process." />
  <Value Id="106" Name="Exchange" Description="Indicates that an item is supplied under the special condition as an exchange." />
  <Value Id="107" Name="Sale on commission" Description="Indicates that an item is supplied under the special condition of sale on commission." />
  <Value Id="108" Name="Financial compensation" Description="Indicates that an item is supplied under the special condition as financial compensation." />
  <Value Id="109" Name="Sale or return" Description="Item concerned may be returned to supplier or otherwise disposed of if it remains unsold after a pre-determined period of time." />
  <Value Id="110" Name="Final settlement" Description="Settlement will not be subject to further adjustment." />
  <Value Id="111" Name="Requires national pricing authority agreement" Description="Provides an indication to the receiving party that the information provided requires national pricing authority agreement." />
  <Value Id="112" Name="National pricing authority approved price" Description="Provides an indication to the receiving party that the price provided has been agreed by the national pricing authority." />
  <Value Id="113" Name="Not subject to national pricing authority approval" Description="Provides an indication to the receiving party that the price provided is not subject to approval by the national pricing authority." />
  <Value Id="114" Name="Agency approved price" Description="Provides an indication to the receiving party that the price has been approved by an agreed agency." />
  <Value Id="115" Name="Exempt from tax" Description="To indicate that the product, goods, or services is exempt from taxes." />
  <Value Id="116" Name="Subject to postponed discount" Description="The item concerned is applicable for postponed discount which will be refunded via a later credit." />
  <Value Id="117" Name="Repair" Description="The special conditions are related to repairs." />
  <Value Id="118" Name="Illustration affected by provisioning change" Description="Indication that a change to provisioning data affects the related illustrations but not the technical content." />
  <Value Id="119" Name="Product genetically modified" Description="An indication that a product has been genetically modified during its production process." />
  <Value Id="120" Name="Subject to price recalculation without negotiation" Description="The price may be recalculated without negotiation." />
  <Value Id="121" Name="Not subject to price recalculation without negotiation" Description="The price may not be recalculated without negotiation." />
  <Value Id="122" Name="Bonded" Description="A code to indicate that the product is bonded." />
  <Value Id="123" Name="Pharmacy sales only" Description="A special condition limiting the sale of a product to a pharmacy." />
  <Value Id="124" Name="Sale requires medical prescription" Description="The sale of the product requires a medical prescription." />
  <Value Id="125" Name="New item, not yet available" Description="The item is new and not yet available." />
  <Value Id="126" Name="New, available" Description="The item is new and available." />
  <Value Id="127" Name="Obsolete" Description="The item is obsolete." />
  <Value Id="128" Name="Prototype" Description="The item is a prototype and is not yet in normal production." />
  <Value Id="129" Name="Non-standard product" Description="This item is not a standard product." />
  <Value Id="130" Name="Discontinued" Description="The item is no longer available." />
  <Value Id="131" Name="Expired catalogue prices provisionally allowed" Description="The use of prices from an expired catalogue is provisionally allowed." />
  <Value Id="132" Name="Not subject to automated processing" Description="The conditions to be applied are of a complex nature and are not subject to automated processing." />
  <Value Id="133" Name="Gift supplied with purchase" Description="Product made available as a gift to a customer when purchasing an accompanying product." />
  <Value Id="134" Name="Sale from promotional stock" Description="An indication that products sold came from promotional stock." />
  <Value Id="135" Name="Sale from obsolete stock" Description="An indication that products sold came from obsolete stock." />
  <Value Id="136" Name="Buying group conditions" Description="A code indicating that buying group conditions apply." />
  <Value Id="137" Name="Cancel order unless complete delivery possible on requested date and or time" Description="Code indicating that the order is to be cancelled if complete delivery is not possible on the date and or time requested in the order." />
  <Value Id="138" Name="Delivery subject to final authorisation from supplier" Description="Delivery of an order should not be made until the final authorisation from the supplier or supplier's agent has been received." />
  <Value Id="139" Name="Special promotional conditions applicable to only this invoice" Description="A code indicating that special promotional conditions are in force which only apply to the current invoice." />
  <Value Id="140" Name="Return of goods" Description="Special conditions related to the return of goods." />
  <Value Id="141" Name="Subject to annual bonus" Description="Item concerned is applicable for annual bonus calculation." />
  <Value Id="142" Name="Invoiced but not replenished" Description="A special condition indicating the fact that goods which have not yet been replenished have been invoiced." />
  <Value Id="143" Name="Replenished but not invoiced" Description="A special condition indicating the fact that goods which have been replenished have not yet been invoiced." />
  <Value Id="144" Name="Deliver full order" Description="A special condition indicating that delivery of the order will only be accepted in full." />
  <Value Id="145" Name="Roll pattern side out" Description="An instruction to roll a product with the pattern side facing out." />
  <Value Id="146" Name="Roll pattern side in" Description="An instruction to roll a product with the pattern side facing in." />
  <Value Id="147" Name="Special handling requirements at point of receipt" Description="An indication that the product requires special handling at the point of receipt." />
  <Value Id="148" Name="Supply direct delivery" Description="Goods to be supplied direct delivery to the delivery store and not through a distribution centre or a warehouse." />
  <Value Id="149" Name="Single item pallet" Description="Goods to be supplied on single item pallet." />
  <Value Id="150" Name="Mixed item pallet" Description="Goods to be supplied on mixed item pallet." />
  <Value Id="151" Name="Items from the same dye lot" Description="The items should be supplied from the same dye lot." />
  <Value Id="152" Name="Awaiting credit clearance" Description="Processing of the referenced document is delayed while credit clearance is obtained." />
  <Value Id="153" Name="Return publication full copies" Description="Return the full copies of a publication." />
  <Value Id="154" Name="Return publication headings only" Description="Return only the heading of a publication." />
  <Value Id="155" Name="Destroy publication" Description="Destroy the publication by whatever means, but in such a way that it cannot be read afterwards." />
  <Value Id="156" Name="Await further product instructions" Description="Wait for further instructions as to what to do with the products." />
  <Value Id="157" Name="Not subject to sale or return" Description="Product supplied not subject to sale or return." />
  <Value Id="158" Name="Item to be sold in both domestic and export markets" Description="The item will be sold in both the domestic and export markets." />
  <Value Id="159" Name="Item to be sold only in export markets" Description="The item will be sold only in export markets." />
  <Value Id="160" Name="No back orders" Description="Indication that no back orders are permitted." />
  <Value Id="161" Name="Back orders permitted" Description="Indication that back orders are permitted." />
  <Value Id="162" Name="At home repair" Description="The repair is carried out at the house of the client." />
  <Value Id="163" Name="At service centre repair" Description="The repair is carried out at a service centre." />
  <Value Id="164" Name="Shipment completes order" Description="There will be no further shipments for this order as it is considered complete." />
  <Value Id="165" Name="Split shipment" Description="Subsequent shipment(s) will arrive for this order as it has been split over more than one shipment." />
  <Value Id="166" Name="Include in continuous replenishment calculation" Description="An indication that a product or group of products are to be included in the continuous replenishment calculation." />
  <Value Id="167" Name="Remove from continuous replenishment calculation" Description="An indication that a product or group of products are to be removed from the continuous replenishment calculation." />
  <Value Id="168" Name="Standard pack shipment" Description="The shipment contains only standard packs." />
  <Value Id="169" Name="Pick pack shipment" Description="The shipment contains only packages resulting from a pick and pack operation." />
  <Value Id="170" Name="Goods for retail outlet shelf" Description="Goods to be placed on a retail outlet shelf." />
  <Value Id="171" Name="Security stock" Description="The goods are required to maintain the security stock." />
  <Value Id="172" Name="Production batch number allocated" Description="A batch number is allocated by the manufacturer to the item." />
  <Value Id="173" Name="Production batch number allocated as required by law" Description="A batch number is allocated by the manufacturer to the item as required by law." />
  <Value Id="174" Name="Product not genetically modified" Description="An indication that a product has not been genetically modified during its production process." />
  <Value Id="175" Name="Suspended" Description="An item whose production or distribution has been suspended." />
  <Value Id="176" Name="No re-ordering" Description="The item will not be re-ordered." />
  <Value Id="177" Name="Product irradiated for preservation" Description="An indication that a product has had radioactive rays directed onto it to preserve it." />
  <Value Id="178" Name="Services taxable at customer location" Description="Services which, for taxation purposes, are considered to be supplied at the customer location, as per the 6th European Council directive of 17 May, 1997 Article 9.2 (e)." />
  <Value Id="179" Name="Product gluten-free" Description="An indication that a product does not contain any gluten." />
  <Value Id="180" Name="Product contains gluten" Description="An indication that a product contains gluten." />
  <Value Id="181" Name="Product lactose-free" Description="An indication that a product does not contain any lactose." />
  <Value Id="182" Name="Product contains lactose" Description="An indication that a product contains lactose." />
  <Value Id="183" Name="CH, compliant with Genetically Modified Food law" Description="An indication that a product complies with the Swiss law on genetically modified food." />
  <Value Id="184" Name="CH, non-compliant with Genetically Modified Food law" Description="An indication that a product does not comply with the Swiss law on genetically modified food." />
  <Value Id="185" Name="CH, compliant with General Food law" Description="An indication that a product complies with the Swiss general food law." />
  <Value Id="186" Name="CH, non-compliant with General Food law" Description="An indication that a product does not comply with the Swiss general food law." />
  <Value Id="187" Name="Store may not order" Description="The store is not allowed to order." />
  <Value Id="188" Name="Distribution centre may not order" Description="Distribution centre is not allowed to order." />
  <Value Id="189" Name="Net content declaration indicated" Description="A declaration of a trade item's net content is on the product label." />
  <Value Id="190" Name="Net content declaration not indicated" Description="A declaration of a trade item's net content is not on the product label." />
  <Value Id="191" Name="Not irradiated" Description="Radiation has not been applied." />
  <Value Id="192" Name="Batch or lot number not allocated" Description="The trade item has no batch or lot number." />
  <Value Id="193" Name="Unsold trade item not returnable" Description="A trade item that is not sold cannot be returned." />
  <Value Id="194" Name="Ingredient irradiated" Description="Radiation has been applied to a trade item's ingredient." />
  <Value Id="195" Name="Ingredients not irradiated" Description="Radiation has not been applied to any trade item's ingredient." />
  <Value Id="196" Name="Raw material irradiated" Description="Radiation has been applied to a trade item's raw material." />
  <Value Id="197" Name="Raw material not irradiated" Description="Radiation has not been applied to any trade item's raw material." />
  <Value Id="198" Name="Re-orderable" Description="The item may be re-ordered." />
  <Value Id="199" Name="Receipt advice, fully detailed" Description="Includes qualitative and/or quantitative details regarding everything received (all line items) whether or not there were exceptions between what was received and what was advised as being sent." />
  <Value Id="200" Name="Receipt advice, only exceptions" Description="Includes only qualitative and/or quantitative exceptions between what was received and what was advised as being sent." />
  <Value Id="201" Name="Ingredient is irradiated not applicable" Description="The indication that an ingredient of a trade item is irradiated is not applicable." />
  <Value Id="202" Name="Raw material is irradiated not applicable" Description="The indication that raw material of a trade item is irradiated is not applicable." />
  <Value Id="203" Name="Trade item is genetically modified not applicable" Description="The indication that a product has not been genetically modified is not applicable." />
  <Value Id="204" Name="Trade item is irradiated not applicable" Description="The indication that a trade item is irradiated is not applicable." />
  <Value Id="205" Name="Size dependent pricing" Description="An item price may be different depending on the size." />
  <Value Id="206" Name="Size independent pricing" Description="An item price is independent of the size." />
  <Value Id="207" Name="Only accepted products" Description="Includes only details regarding accepted products." />
  <Value Id="ZZZ" Name="Mutually defined" Description="Special condition mutually agreed between interchanging parties." />
</Root>