<?xml version="1.0" encoding="utf-8"?>
<Root xmlns:xsi="http://www.w3.org/2001/XMLSchema-instance" xmlns:xsd="http://www.w3.org/2001/XMLSchema" Id="4215" Name="Transport charges payment method code" Description="Code specifying the payment method for transport charges." Count="an..3">
  <Value Id="A" Name="Account" Description="The charges are to be charged to an account." />
  <Value Id="AA" Name="Cash on delivery service charge paid by consignor" Description="An indication that the consignor is responsible for the payment of the cash on delivery service charge." />
  <Value Id="AB" Name="Cash on delivery service charge paid by consignee" Description="An indication that the consignee is responsible for the payment of the cash on delivery service charge." />
  <Value Id="AC" Name="Insurance costs paid by consignor" Description="An indication that the consignor is responsible for the payment of the insurance costs." />
  <Value Id="AD" Name="Insurance costs paid by consignee" Description="An indication that the consignee is responsible for the payment of the insurance costs." />
  <Value Id="CA" Name="Advance collect" Description="The amount of freight or other charge on a shipment advanced by one transportation line to another or to the shipper, to be collected from consignee." />
  <Value Id="CC" Name="Collect" Description="A shipment on which freight charges will be paid by consignee." />
  <Value Id="CF" Name="Collect, freight credited to payment customer" Description="The freight is collect but has been paid by the shipper and will be credited to that party." />
  <Value Id="DF" Name="Defined by buyer and seller" Description="The payment method for transport charges have been defined by the buyer and seller." />
  <Value Id="FO" Name="FOB port of call" Description="Title and control of goods pass to the buyer at port of call. Responsibility for export taxes and cost of documents for overseas shipments have not been specified." />
  <Value Id="IC" Name="Information copy, no payment due" Description="Transaction set has been provided for information only." />
  <Value Id="MX" Name="Mixed" Description="The consignment is partially collect and partially prepaid." />
  <Value Id="NC" Name="Service freight, no charge" Description="The consignment is shipped on a service basis and there is no freight charge." />
  <Value Id="NS" Name="Not specified" Description="The payment method for transport charges have not been specified." />
  <Value Id="PA" Name="Advance prepaid" Description="Costs have been paid in advance." />
  <Value Id="PB" Name="Customer pick-up/backhaul" Description="Buyer's private carriage picks up the goods as a return load to the buyer's facility." />
  <Value Id="PC" Name="Prepaid but charged to customer" Description="shipping charges have been paid in advance of shipment but are charged back to consignee usually as line item on invoice for the purchased goods." />
  <Value Id="PE" Name="Payable elsewhere" Description="Place of payment not known at the begin of conveyance." />
  <Value Id="PO" Name="Prepaid only" Description="Payment in advance of freight and/or other charges prior to delivery of shipment at destination, usually by shipper at point of origin." />
  <Value Id="PP" Name="Prepaid (by seller)" Description="Seller of goods makes payment to carrier for freight charges prior to shipment." />
  <Value Id="PU" Name="Pickup" Description="Customer is responsible for payment of pickup charges at shipping point." />
  <Value Id="RC" Name="Return container freight paid by customer" Description="The freight for returning the container is paid by the customer." />
  <Value Id="RF" Name="Return container freight free" Description="There is no freight charge for returning the container." />
  <Value Id="RS" Name="Return container freight paid by supplier" Description="The freight charge for returning the container is paid by the supplier." />
  <Value Id="TP" Name="Third party pay" Description="A third party, someone other than buyer or seller, is identified as responsible for payment of shipping charges." />
  <Value Id="WC" Name="Weight condition" Description="The payment method for transport charges are due to the weight." />
  <Value Id="WD" Name="Paid by supplier" Description="Transport charges will be paid by the supplier." />
  <Value Id="WE" Name="Paid by buyer" Description="Transport charges will be paid by the buyer." />
  <Value Id="ZZZ" Name="Mutually defined" Description="A code assigned within a code list to be used on an interim basis and as defined among trading partners until a precise code can be assigned to the code list." />
</Root>