<?xml version="1.0" encoding="utf-8"?>
<Root xmlns:xsi="http://www.w3.org/2001/XMLSchema-instance" xmlns:xsd="http://www.w3.org/2001/XMLSchema" Id="4221" Name="Discrepancy nature identification code" Description="Code specifying the identification used to define the nature of a discrepancy." Count="an..3">
  <Value Id="AA" Name="Item discontinued by wholesaler" Description="The wholesaler no longer offers the ordered product." />
  <Value Id="AB" Name="Item no longer produced" Description="The item ordered has been discontinued and is no longer in production." />
  <Value Id="AC" Name="Over-shipped" Description="Code indicating that there was an excess quantity of goods in a shipment relative to the order." />
  <Value Id="AD" Name="Item out of stock at manufacturer" Description="The item is out of stock at manufacturer." />
  <Value Id="AE" Name="Delivered but not advised" Description="Shipment or goods have been delivered without any advance notification of delivery." />
  <Value Id="AF" Name="Goods delivered damaged" Description="Part or all of the goods in a shipment were delivered damaged." />
  <Value Id="AG" Name="Delivered too late" Description="Delivered but at a later date than the delivery date under the agreed conditions or stipulated in the order." />
  <Value Id="AH" Name="Next higher packaging quantity" Description="The ordered item has been, or is to be, packed to the next higher packaging quantity." />
  <Value Id="AN" Name="Available now - no shipping schedule" Description="The material is available for shipment but there is no authorization for movement known." />
  <Value Id="AS" Name="Available now - scheduled to ship (date)" Description="The material is available for shipment and is committed for shipment/delivery at a future date." />
  <Value Id="BK" Name="Back ordered from previous order" Description="An order is being held as no material is available to fulfil the requirement." />
  <Value Id="BP" Name="Shipment partial - back order to follow" Description="A portion of the previous order is being held as open, as enough material was not available to fulfil the requirement." />
  <Value Id="CA" Name="Customer inquiry - all items" Description="The response includes information concerning all of the issues included in the prior inquiry." />
  <Value Id="CC" Name="Shipment complete" Description="The quantity dispatched fulfilled the order quantity." />
  <Value Id="CE" Name="Shipment includes extra items to meet price break" Description="The quantity dispatched exceeds the order quantity to accommodate a quantity of scale price model opportunity." />
  <Value Id="CI" Name="Customer inquiry - shipped items only" Description="The response includes information addressing only of the items dispatched that were included in the prior inquiry." />
  <Value Id="CK" Name="Cancelled from previous order" Description="Amount deleted from the earlier schedule." />
  <Value Id="CM" Name="Shipment complete with additional quantity" Description="The quantity dispatched exceeds the ordered quantity." />
  <Value Id="CO" Name="Customer inquiry - unshipped items only" Description="The response includes information addressing only the items that have not been dispatched, that were included in the prior inquiry." />
  <Value Id="CP" Name="Shipment partial - considered complete, no backorder" Description="The quantity shipped is less than the amount authorized and there is no plan to ship the remaining amount." />
  <Value Id="CS" Name="Shipment complete with substitution" Description="The quantity and product shipped, though not exactly matching the original order, is compliant with and fulfils the expectation." />
  <Value Id="IC" Name="Item cancelled" Description="The material previously ordered is no longer needed." />
  <Value Id="IS" Name="Item represents substitution from original order" Description="The quantity and product shipped is compliant with the expectation." />
  <Value Id="LS" Name="Last shipment (date)" Description="The date that the most recent material dispatch was made." />
  <Value Id="NF" Name="Not yet published" Description="The product requested is not publicly available at this time." />
  <Value Id="NN" Name="Not in process - no shipping schedule" Description="The product requested is neither available nor in process, as there is not an authorization to manufacture product." />
  <Value Id="NS" Name="Not in process - schedule to ship (date)" Description="The product requested is neither available nor in process. A planned dispatch date has been provided." />
  <Value Id="OF" Name="Order sent to factory for production (date)" Description="The product requested is not available. The schedule has been forwarded to manufacturing for inclusion on this date." />
  <Value Id="OM" Name="Item sent to factory for production (date)" Description="The product has been moved to the manufacturing area and scheduled for completion on the following date." />
  <Value Id="OP" Name="Out of print" Description="Item is no longer available." />
  <Value Id="OS" Name="Item out of stock because of strike or force majeure" Description="Item is not available due to strike or an unforeseeable event." />
  <Value Id="OW" Name="Item out of stock at wholesaler" Description="Item is not available at the distribution point." />
  <Value Id="PA" Name="Purchase order inquiry - all items" Description="The response includes information concerning all of the articles included in the prior inquiry that had been requested by the contact initiator." />
  <Value Id="PD" Name="Purchase order complete" Description="The amount fulfilling the requirements of the contract." />
  <Value Id="PI" Name="Purchase order inquiry - shipped items only" Description="The response includes information concerning all of the articles that were dispatched and included in the prior inquiry that had been requested by the contact initiator." />
  <Value Id="PK" Name="Packed-to-date (date)" Description="Quantity represents the amount processed and ready for shipment at this date." />
  <Value Id="PN" Name="In process - no shipping schedule" Description="This amount is being manufactured in anticipation for a possible authorization for shipment." />
  <Value Id="PO" Name="Purchase order inquiry - unshipped items only" Description="The response includes information concerning all of the articles that were not dispatched and included in the prior inquiry that had been requested by the contact initiator." />
  <Value Id="PP" Name="Purchase order inquiry - specific items" Description="The response includes information concerning a unique sub-set of the total list of articles that the contract initiator had requested information on." />
  <Value Id="PS" Name="In process - scheduled to ship (date)" Description="This amount is being manufactured in anticipation for a possible authorization for shipment." />
  <Value Id="RA" Name="Item rationed" Description="Product is restricted because of limited availability." />
  <Value Id="SL" Name="Shipped-to-date (date)" Description="Cumulative amount shipped through this date." />
  <Value Id="SP" Name="Scheduled for production at factory" Description="Product is anticipated for manufacture on this date." />
  <Value Id="SS" Name="Split shipment" Description="Shipment is only part of the ordered quantity." />
  <Value Id="TW" Name="Item temporary discontinued by wholesaler" Description="Product is, for the time being, not available from the distribution point." />
  <Value Id="UR" Name="Unsolicited report" Description="The product information was provided voluntarily." />
  <Value Id="US" Name="Pack to closest complete logistic packaging quantity" Description="Pack to the closest complete logistic packaging quantity." />
  <Value Id="UT" Name="Pack to next lower complete logistic quantity" Description="Pack to the next lower complete logistic packaging quantity." />
  <Value Id="ZZZ" Name="Mutually defined" Description="A code assigned within a code list to be used on an interim basis and as defined among trading partners until a precise code can be assigned to the code list." />
</Root>