<?xml version="1.0" encoding="utf-8"?>
<Root xmlns:xsi="http://www.w3.org/2001/XMLSchema-instance" xmlns:xsd="http://www.w3.org/2001/XMLSchema" Id="4233" Name="Marking instructions code" Description="Code specifying instructions for marking." Count="an..3">
  <Value Id="1" Name="Do not mark suppliers company name" Description="Packaging should not be marked with supplier's company name." />
  <Value Id="2" Name="Mark customers company name" Description="Packaging should be marked with customer's company name." />
  <Value Id="3" Name="Mark customers references" Description="Packaging should be marked with customer's references." />
  <Value Id="4" Name="Mark additionally customers article description" Description="Packaging should also be marked with customer's article description." />
  <Value Id="5" Name="Mark exclusively customers article description" Description="Packaging should be marked with customer's article description only." />
  <Value Id="6" Name="Mark packages dimensions" Description="Packaging should be marked with package's dimensions." />
  <Value Id="7" Name="Mark net weight" Description="Packaging should be marked with net weight." />
  <Value Id="8" Name="Mark gross weight" Description="Packaging should be marked with gross weight." />
  <Value Id="9" Name="Mark tare weight" Description="Packaging should be marked with tare weight." />
  <Value Id="10" Name="Mark batch number" Description="Packaging should be marked with batch number." />
  <Value Id="11" Name="Mark article number customer" Description="Packaging should be marked with customer's article number." />
  <Value Id="12" Name="Mark running number of packages" Description="Packaging should be marked with the running number of packages." />
  <Value Id="13" Name="Mark date of production" Description="Packaging should be marked with the date of production." />
  <Value Id="14" Name="Mark expiry date" Description="Packaging should be marked with the expiry date." />
  <Value Id="15" Name="Mark supplier number" Description="Packaging should be marked with the supplier number." />
  <Value Id="16" Name="Buyer's instructions" Description="Markings as specified by the buyer." />
  <Value Id="17" Name="Seller's instructions" Description="Markings as specified by the seller." />
  <Value Id="18" Name="Carrier's instructions" Description="Markings as specified by carrier." />
  <Value Id="19" Name="Legal requirements" Description="Markings as specified by law." />
  <Value Id="20" Name="Industry instructions" Description="Markings as specified by industry." />
  <Value Id="21" Name="Line item only" Description="Exclusive reference markings for this line." />
  <Value Id="22" Name="Pre-marked by buyer" Description="Packaging should be pre-marked by buyer." />
  <Value Id="23" Name="Entire shipment" Description="Markings refer to the entire shipment." />
  <Value Id="24" Name="Shipper assigned" Description="Markings to identify a shipment, package or carton as assigned by shipper." />
  <Value Id="25" Name="Shipper assigned roll number" Description="Markings to identify a roll as assigned by the shipper." />
  <Value Id="26" Name="Shipper assigned skid number" Description="Markings used to identify a skid as assigned by shipper." />
  <Value Id="27" Name="Uniform Code Council (UCC) format" Description="Markings according to UCC format are required. System of coding products where by each item/multipack case type is uniquely identified. A unique manufacturer Id is assigned by the UCC." />
  <Value Id="28" Name="Mark free text" Description="Packaging should be marked with free text." />
  <Value Id="29" Name="Mark case number" Description="Case numbers to be used for marking." />
  <Value Id="30" Name="Mark serial shipping container code" Description="Requests the marking of the serial shipping container code to the transport container or packaging." />
  <Value Id="31" Name="Marked with ISO 10374 (permanent container tag)" Description="The container has been marked with a permanent container tag according to ISO 10374." />
  <Value Id="32" Name="Mark date of packaging" Description="Packaging must be marked with the packaging date." />
  <Value Id="33" Name="Mark reference to source entity" Description="Packaging must be marked with the reference to source entity. The reference to source identifies that the trade item was derived from." />
  <Value Id="34" Name="Marked GS1 Global Individual Asset Identifier" Description="Indication that the GS1 Global Individual Asset Identifier has been marked on the package." />
  <Value Id="ZZZ" Name="Mutually defined" Description="A code assigned within a code list to be used on an interim basis and as defined among trading partners until a precise code can be assigned to the code list." />
</Root>