<?xml version="1.0" encoding="utf-8"?>
<Root xmlns:xsi="http://www.w3.org/2001/XMLSchema-instance" xmlns:xsd="http://www.w3.org/2001/XMLSchema" Id="4279" Name="Payment terms type code qualifier" Description="Code qualifying the type of payment terms." Count="an..3">
  <Value Id="1" Name="Basic" Description="Payment conditions normally applied." />
  <Value Id="2" Name="End of month" Description="Payments are due at end of month." />
  <Value Id="3" Name="Fixed date" Description="Payments are due on the fixed date specified." />
  <Value Id="4" Name="Deferred" Description="Payments are deferred beyond the normal due date." />
  <Value Id="5" Name="Discount not applicable" Description="Payment terms on which discounts are not applicable." />
  <Value Id="6" Name="Mixed" Description="Different payment terms negotiated under a documentary credit." />
  <Value Id="7" Name="Extended" Description="Payment is extended beyond the normal due date." />
  <Value Id="8" Name="Basic discount offered" Description="Payment terms reflect the basic offered discount." />
  <Value Id="9" Name="Proximo" Description="Occurring in the next month after present." />
  <Value Id="10" Name="Instant" Description="Payment is due on receipt of invoice." />
  <Value Id="11" Name="Elective" Description="Payment terms to be chosen by buyer (from options separately advised)." />
  <Value Id="12" Name="10 days after end of month" Description="Payment due ten days after end of a calendar month." />
  <Value Id="13" Name="Seller to advise buyer" Description="Seller will advise buyer of payment terms by separate transaction." />
  <Value Id="14" Name="Paid against statement" Description="Payments are to be made against statement." />
  <Value Id="15" Name="No charge" Description="Payment terms have no charge." />
  <Value Id="16" Name="Not yet defined" Description="Payment terms are not yet defined." />
  <Value Id="17" Name="Ultimo" Description="Payment is due the end of the current or specified month." />
  <Value Id="18" Name="Previously agreed upon" Description="Payment terms have been previously agreed upon." />
  <Value Id="19" Name="United States funds" Description="The payment terms require the use of United States funds." />
  <Value Id="20" Name="Penalty terms" Description="Payment terms on which penalties apply." />
  <Value Id="21" Name="Payment by instalment" Description="Payment terms are based on instalment payments." />
  <Value Id="22" Name="Discount" Description="Payment terms on which discounts are applicable." />
  <Value Id="23" Name="Available by sight payment" Description="Payment made at sight." />
  <Value Id="24" Name="Available by deferred payment" Description="Payment made at deferred date." />
  <Value Id="25" Name="Available by acceptance" Description="Payment on acceptance." />
  <Value Id="26" Name="Available by negotiation with any bank" Description="Payment made by negotiation with any bank." />
  <Value Id="27" Name="Available by negotiation with any bank in ..." Description="Payment made by negotiation with any bank in a specified location." />
  <Value Id="28" Name="Available by negotiation by named bank" Description="Payment made by negotiation with a specified financial institution." />
  <Value Id="29" Name="Available by negotiation" Description="Payment made by negotiation." />
  <Value Id="30" Name="Adjustment payment" Description="Payment adjusted for outstanding credits or debits." />
  <Value Id="31" Name="Late payment" Description="Payment after due date." />
  <Value Id="32" Name="Advanced payment" Description="Payment in advance of due date." />
  <Value Id="33" Name="Payment by instalments according to progress (as agreed)" Description="Payment by instalments according to progress (as agreed)." />
  <Value Id="34" Name="Payment by instalments according to progress (to be agreed)" Description="Payment by instalments according to progress (to be agreed)." />
  <Value Id="35" Name="Nonstandard" Description="Terms of payment differ from the normal terms." />
  <Value Id="36" Name="Tenor payment terms" Description="Payment to be made according to bilaterally agreed conditions between buyer and seller." />
  <Value Id="37" Name="Complete payment" Description="Payment must be made for complete value and may not be paid in instalments." />
  <Value Id="38" Name="Payment terms defined in consolidated invoice" Description="Payment terms are specified in a consolidated invoice." />
  <Value Id="39" Name="Payment upon completion" Description="The payment terms require payment upon completion." />
  <Value Id="40" Name="Partial advance" Description="The payment terms require a partial payment in advance of completion." />
  <Value Id="41" Name="Consignment" Description="The payment terms are that the goods will be paid for when they are sold or consumed." />
  <Value Id="42" Name="Inter-company account" Description="The payment terms involve the use of an inter-company account." />
  <Value Id="43" Name="Sell by note" Description="The payment terms involve a debtor who promises to pay a definite sum of money on demand or at a definite time in the future." />
  <Value Id="44" Name="Supplier floor plan" Description="The payment terms involve payment for merchandise owned by a third party." />
  <Value Id="45" Name="Contract basis" Description="The payment terms are based on a contract with a vendor." />
  <Value Id="46" Name="Credit controlled" Description="The payment terms involve the monitoring of credit by the grantor." />
  <Value Id="47" Name="Dating given" Description="The payment terms in which suppliers may extend seasonal dating." />
  <Value Id="48" Name="Trade acceptance" Description="A trade acceptance is a written acknowledgement of the sale of goods and promise to pay at a definite date and place." />
  <Value Id="49" Name="Cost plus" Description="The payment terms permit reimbursement of costs plus other authorised changes." />
  <Value Id="50" Name="Letter of credit" Description="The payment terms require the use of a letter of credit." />
  <Value Id="51" Name="Lease agreement" Description="The payment terms are included in the lease agreement." />
  <Value Id="52" Name="Cash On Delivery (COD)" Description="The payment terms are cash is due on delivery of merchandise." />
  <Value Id="53" Name="Cash by state law" Description="The payment terms are dictated by state law requiring payment of cash." />
  <Value Id="54" Name="Bank transfer" Description="The payment terms require the use of bank transfer." />
  <Value Id="55" Name="Cash on arrival" Description="The payment terms require payment by cash on arrival of the goods or services." />
  <Value Id="56" Name="Cash" Description="The payment terms are that payments are made in cash." />
  <Value Id="57" Name="Cash discount terms apply" Description="The payment terms are that a discount is applicable if the payment is made in cash." />
  <Value Id="58" Name="Cash with order" Description="The payment terms require the payment in cash with placement of the order." />
  <Value Id="59" Name="Cash per vendor request" Description="The payment terms involve a vendor request for payment by cash." />
  <Value Id="60" Name="Irrevocable letter of credit" Description="The payment terms require the use of an irrevocable letter of credit." />
  <Value Id="61" Name="Documents against acceptance" Description="The payment terms require acceptance of liability before document transfer." />
  <Value Id="62" Name="Charge card" Description="The payment terms permit the use of a charge card to effect payment." />
  <Value Id="63" Name="Documents against payment" Description="The payment terms require payment before document transfer." />
  <Value Id="64" Name="Usance bill" Description="The payment terms are based on the time allowed by commercial usage for the payment of foreign bills of exchange." />
  <Value Id="65" Name="Letter of credit at sight" Description="The payment terms require the presentation of a letter of credit." />
  <Value Id="66" Name="Secured account" Description="The payment terms call for the use of a secured account." />
  <Value Id="67" Name="Basic commission terms" Description="The payment terms call for the use of basic commission terms." />
  <Value Id="68" Name="Deposit required" Description="The payment terms require a deposit be provided." />
  <Value Id="69" Name="Discount with prompt pay" Description="The payment terms include a discount when payment is made within a time frame designated as prompt pay." />
  <Value Id="70" Name="Discount with advance payment" Description="The payment terms include a discount when payment is made in advance." />
  <Value Id="71" Name="Certified cheque" Description="The payment terms require the use of a certified cheque." />
  <Value Id="72" Name="Cash against documents" Description="The payment terms require cash payment before document transfer." />
  <Value Id="73" Name="Bill of exchange" Description="The payment terms require the use of bill of exchange." />
  <Value Id="74" Name="Progressive discount" Description="The payment terms include a progressive discount based on the amount and speed with which payments are made." />
  <Value Id="75" Name="Lump sum" Description="The payment term requires a lump sum payment." />
  <Value Id="76" Name="Fixed fee" Description="The payment term requires a fixed fee payment." />
  <Value Id="77" Name="Promissory note" Description="The payment term requires the use of a promissory note as a means of payment." />
  <Value Id="78" Name="Factoring" Description="Payment term requires payment being made by the factoring company according to the agreement between buyer, bank and factoring company." />
  <Value Id="ZZZ" Name="Mutually defined" Description="A code assigned within a code list to be used on an interim basis and as defined among trading partners until a precise code can be assigned to the code list." />
</Root>