<?xml version="1.0" encoding="utf-8"?>
<Root xmlns:xsi="http://www.w3.org/2001/XMLSchema-instance" xmlns:xsd="http://www.w3.org/2001/XMLSchema" Id="4295" Name="Change reason description code" Description="Code specifying the reason for a change." Count="an..3">
  <Value Id="AA" Name="Member attribute change" Description="An attribute of a member of a group has changed." />
  <Value Id="AB" Name="Abroad" Description="In an other country." />
  <Value Id="AC" Name="Member category change" Description="The member or benefits category has changed." />
  <Value Id="AD" Name="Death" Description="Subject has died." />
  <Value Id="AE" Name="Disability" Description="Subject is disabled." />
  <Value Id="AF" Name="Early retirement" Description="Retirement before the normal retirement age." />
  <Value Id="AG" Name="Hardship" Description="Subject is incurring hardship." />
  <Value Id="AH" Name="Ill health" Description="Subject has ill health." />
  <Value Id="AI" Name="Leaving employer" Description="Subject is leaving employer." />
  <Value Id="AJ" Name="Leaving industry" Description="Person is leaving, or has left, an identified industry." />
  <Value Id="AK" Name="Level/rate table change" Description="The insurance level/rate table has changed." />
  <Value Id="AL" Name="Normal retirement" Description="Subject has retired at the normal retirement age." />
  <Value Id="AM" Name="Other" Description="Reason differs from any of the other coded values." />
  <Value Id="AN" Name="Retrenchment" Description="Subject has been retrenched from work." />
  <Value Id="AO" Name="Resignation" Description="Subject has resigned from work." />
  <Value Id="AP" Name="Member status change" Description="The member status has changed." />
  <Value Id="AQ" Name="Alternate quantity and unit of measurement" Description="Change is due to an alternate quantity and unit of measurement." />
  <Value Id="AR" Name="Article out of assortment for particular company" Description="Item normally part of a suppliers standard assortment but is unavailable for a specific buyer due to legal or commercial reasons." />
  <Value Id="AS" Name="Article out of assortment" Description="Article normally part of a standard assortment is unavailable." />
  <Value Id="AT" Name="Item not ordered" Description="Code indicating the item or product was not ordered." />
  <Value Id="AU" Name="No delivery due to outstanding payments" Description="Delivery of an item was stopped due to outstanding deliveries which have not yet been paid." />
  <Value Id="AV" Name="Out of inventory" Description="Item is out of inventory." />
  <Value Id="AW" Name="Quantity adjustment" Description="Code indicating that the reason for the quantity variance is because of adjustments." />
  <Value Id="AX" Name="National pricing authority agreement is final" Description="Code to indicate that the national pricing authority agreement for a price is final." />
  <Value Id="AY" Name="Sale location different" Description="Sold in a different sales location." />
  <Value Id="AZ" Name="Best before date out of sequence" Description="Goods have a best before date that is earlier than that of goods previously received." />
  <Value Id="BA" Name="Damaged goods" Description="A change resulting from damaged goods." />
  <Value Id="BB" Name="Transport means technical failure" Description="Transport means had a technical failure, e.g. transport means could not be unloaded or did not comply with hygienic requirements." />
  <Value Id="BC" Name="Equipment technical failure" Description="Equipment had a technical failure, e.g. equipment was damaged or wrong." />
  <Value Id="BD" Name="Blueprint deviation" Description="Change is due to a deviation in the blueprint." />
  <Value Id="BE" Name="Goods technical failure" Description="Goods had a technical failure, e.g. instability, overhang, transportation lock or damage." />
  <Value Id="BF" Name="Spoilage of goods" Description="A change resulting from the spoilage of goods." />
  <Value Id="BG" Name="Grade difference out of tolerance level" Description="The change is due to a variation in the grade of the product outside the tolerance level allowed in an agreement." />
  <Value Id="BQ" Name="Balancing quantity" Description="Amount needed to resolve difference between ordered and delivered quantity." />
  <Value Id="DC" Name="Date change" Description="Date has changed." />
  <Value Id="EV" Name="Estimated quantity" Description="The estimated quantity has changed." />
  <Value Id="GU" Name="Gross volume per pack and unit of measure" Description="The gross volume per pack and unit of measure has changed." />
  <Value Id="GW" Name="Gross weight per pack" Description="The gross weight per pack has changed." />
  <Value Id="LD" Name="Length difference" Description="The change is due to a difference in length." />
  <Value Id="MC" Name="Pack/size measure difference" Description="The change is due to a difference in pack/size measure." />
  <Value Id="PC" Name="Pack type difference" Description="The reason for the variation is due to a difference in the type of pack." />
  <Value Id="PD" Name="Pack dimension difference" Description="The change is due to a difference in the dimension." />
  <Value Id="PQ" Name="Pack quantity" Description="The pack quantity has changed." />
  <Value Id="PS" Name="Product/services ID change" Description="The product/services identification has changed." />
  <Value Id="PW" Name="Pack weight difference" Description="The change is due to a difference in the pack weight." />
  <Value Id="PZ" Name="Pack size difference" Description="The reason for the variation is due to a difference in the size of pack." />
  <Value Id="QO" Name="Quantity ordered" Description="The quantity ordered has changed." />
  <Value Id="QP" Name="Quantity based on price qualifier" Description="The quantity based on price qualifier has changed." />
  <Value Id="QT" Name="Quantity price break" Description="The quantity price break has changed." />
  <Value Id="SC" Name="Size difference" Description="The change is due to a difference in the size." />
  <Value Id="UM" Name="Unit of measure difference" Description="The change is due to a difference in the unit of measure." />
  <Value Id="UP" Name="Unit price" Description="The unit price has changed." />
  <Value Id="WD" Name="Width difference" Description="The change is due to a difference in width." />
  <Value Id="WO" Name="Weight qualifier/gross weight per package" Description="The weight qualifier/gross weight per package has changed." />
  <Value Id="WP" Name="Inadvertent error" Description="An inadvertent error in recording a quantity." />
  <Value Id="WQ" Name="Over shipped" Description="A shipped quantity greater than the ordered or invoiced quantity." />
  <Value Id="WR" Name="Temporarily unavailable" Description="Product is temporarily unavailable." />
  <Value Id="WS" Name="Government action" Description="Due to government action." />
  <Value Id="WT" Name="Excluded from the promotion activity" Description="Product is not included in the promotion activity." />
  <Value Id="WU" Name="Committed purchase quantity exceeded" Description="The committed purchase quantity has been exceeded." />
  <Value Id="WV" Name="Committed purchase quantity not ordered" Description="The committed purchase quantity has not been ordered." />
  <Value Id="ZZZ" Name="Mutually defined" Description="A code assigned within a code list to be used on an interim basis and as defined among trading partners until a precise code can be assigned to the code list." />
</Root>