<?xml version="1.0" encoding="utf-8"?>
<Root xmlns:xsi="http://www.w3.org/2001/XMLSchema-instance" xmlns:xsd="http://www.w3.org/2001/XMLSchema" Id="4347" Name="Product identifier code qualifier" Description="Code qualifying the product identifier." Count="an..3">
  <Value Id="1" Name="Additional identification" Description="Information which specifies and qualifies product identifications." />
  <Value Id="2" Name="Identification for potential substitution" Description="The item number describes the potential substitute product." />
  <Value Id="3" Name="Substituted by" Description="The given item number is the number of the product that substitutes another one." />
  <Value Id="4" Name="Substituted for" Description="The given item number is the number of the original product substituted by another." />
  <Value Id="5" Name="Product identification" Description="The item number is for product identification." />
  <Value Id="6" Name="Successor product id" Description="Product id of the product that will follow the one currently in production/trade." />
  <Value Id="7" Name="Predecessor product id" Description="Product id of the predecessor of the product currently in production/trade." />
  <Value Id="8" Name="Expired/out of production" Description="The given item number is the expired item number of the product. It has been replaced." />
  <Value Id="9" Name="Deletion of secondary identification" Description="Code indicating the deletion of a secondary identification." />
  <Value Id="10" Name="Defective part's identification" Description="Identification of a defective part." />
  <Value Id="11" Name="Repaired part's identification" Description="Identification of a repaired part." />
  <Value Id="12" Name="Alternate product identification" Description="Alternate number to identify the product." />
  <Value Id="13" Name="Non-promotional item" Description="Used to indicate which trade item the promotional trade item replaces or coexists alongside. To enable the identification of the two trade items to be linked providing access to their information." />
</Root>