<?xml version="1.0" encoding="utf-8"?>
<Root xmlns:xsi="http://www.w3.org/2001/XMLSchema-instance" xmlns:xsd="http://www.w3.org/2001/XMLSchema" Id="4343" Name="Response type code" Description="Code specifying the type of acknowledgment required or transmitted." Count="an..3">
  <Value Id="AA" Name="Debit advice" Description="Receiver of the payment message needs to return a debit advice in response to the payment message." />
  <Value Id="AB" Name="Message acknowledgement" Description="Indicates that an acknowledgement relating to receipt of message is required." />
  <Value Id="AC" Name="Acknowledge - with detail and change" Description="Acknowledge complete including changes." />
  <Value Id="AD" Name="Acknowledge - with detail, no change" Description="Acknowledge complete without changes." />
  <Value Id="AE" Name="Debit advice for each transaction" Description="A debit advice is requested for each transaction in the message." />
  <Value Id="AF" Name="Debit advice/message acknowledgement" Description="The sender wishes to receive both a Debit Advice and an acknowledgement of receipt for a payment message." />
  <Value Id="AG" Name="Authentication" Description="Authentication, by a party, of a document established for him by another party." />
  <Value Id="AH" Name="Debit advice/message acknowledgement for each transaction" Description="A debit advice and message acknowledgement are requested for each transaction in the message." />
  <Value Id="AI" Name="Acknowledge only changes" Description="Acknowledgement of changes only is required." />
  <Value Id="AJ" Name="Pending" Description="Indication that the referenced offer or transaction (e.g. cargo booking or quotation request) is being dealt with." />
  <Value Id="AP" Name="Accepted" Description="Indication that the referenced offer or transaction (e.g., cargo booking or quotation request) has been accepted." />
  <Value Id="AQ" Name="Response expected" Description="The sender of the message expects a response." />
  <Value Id="AR" Name="Direct documentary credit collection" Description="Documentary credit collection forwarded directly." />
  <Value Id="AS" Name="Credit advice and message acknowledgement" Description="The receiver of the message is to acknowledge receipt of the message and sent a credit advice for each credit." />
  <Value Id="CA" Name="Conditionally accepted" Description="Indication that the referenced offer or transaction (e.g., cargo booking or quotation request) has been accepted under conditions indicated in this message." />
  <Value Id="CO" Name="Confirmation of measurements" Description="Indication that the message contains the physical measurements on which the charges will be based." />
  <Value Id="NA" Name="No acknowledgement needed" Description="Specifies that no acknowledgement is needed in response to this message." />
  <Value Id="RE" Name="Rejected" Description="Indication that the referenced offer or transaction (e.g., cargo booking or quotation request) is not accepted." />
  <Value Id="UR" Name="Credit advice" Description="The message recipient is to send a credit advice in response to the message." />
  <Value Id="US" Name="Acknowledgement when error" Description="An acknowledgement is requested when an error occurred." />
  <Value Id="UT" Name="Acknowledgment due to error" Description="An acknowledgment is sent because an error was identified in the received message." />
  <Value Id="UU" Name="Alternate date" Description="The solution proposed in the response applies to another date than the one requested." />
  <Value Id="UV" Name="Alternate service" Description="The solution proposed in the response applies to another service than the one requested." />
</Root>