<?xml version="1.0" encoding="utf-8"?>
<Root xmlns:xsi="http://www.w3.org/2001/XMLSchema-instance" xmlns:xsd="http://www.w3.org/2001/XMLSchema" Id="4383" Name="Bank operation code" Description="Code specifying a bank operation." Count="an..3">
  <Value Id="AAA" Name="Transfer according to bilaterally agreed standards" Description="The transfer is to be executed according to bilaterally agreed standards." />
  <Value Id="AAB" Name="Incoming international payment" Description="International payment that is incoming." />
  <Value Id="AAC" Name="Outgoing international payment" Description="International payment that is outgoing." />
  <Value Id="AAD" Name="Tax payment" Description="Payment of tax." />
  <Value Id="AAE" Name="Incoming OCR (Optical Character Recognition) payment" Description="OCR (Optical Character Recognition) payment that is incoming." />
  <Value Id="AAF" Name="Incoming retail direct debit" Description="Retail direct debit that is incoming." />
  <Value Id="AAG" Name="Incoming corporate direct debit" Description="Corporate direct debit that is incoming." />
  <Value Id="AAH" Name="Incoming paper-based payment" Description="Paper-based payment that is incoming." />
  <Value Id="AAI" Name="Zero-balancing transaction" Description="Transaction that is zero-balancing." />
  <Value Id="AAJ" Name="Safe deposit box" Description="To identify a bank operation as relating to a safe deposit box." />
  <Value Id="AAK" Name="Domestic money market" Description="To identify a bank operation as being a money market transaction effected on a domestic exchange." />
  <Value Id="AAL" Name="Foreign money market" Description="To identify a bank operation as being a money market transaction effected on a foreign exchange." />
  <Value Id="AAM" Name="Domestic bond market" Description="To identify a bank operation as being a bond transaction effected in a domestic market." />
  <Value Id="AAN" Name="International bond market" Description="To identify a bank operation as being a bond transaction effected in a international market." />
  <Value Id="AAO" Name="Funds" Description="To identify a bank operation as being for funds." />
  <Value Id="AAP" Name="Safe custody" Description="To identify a bank operation relating to safe custody." />
  <Value Id="AAQ" Name="Guarantee" Description="To identify a bank operation related to a guarantee." />
  <Value Id="AAR" Name="Short foreign credits" Description="To identify a bank operation as being for short credits granted to parties outside the bank's country." />
  <Value Id="AAS" Name="Long foreign credits" Description="To identify a bank operation as being for long credits granted to parties outside the bank's country." />
  <Value Id="AAT" Name="Promissory note loan" Description="Promissory note type of loan." />
  <Value Id="AAU" Name="Mortgage loan" Description="Mortgage type of loan." />
  <Value Id="AAV" Name="Salary" Description="To identify a bank operation as being for salary payments." />
  <Value Id="AAW" Name="Incoming bankgiro" Description="Bankgiro that is incoming." />
  <Value Id="ABX" Name="Automated bills of exchange" Description="The payment has been done by automated bills of exchange." />
  <Value Id="ABY" Name="Returned direct debit" Description="To identify a bank operation as being for returning a direct debit. This is the refusal for technical reasons by a collecting bank to execute one or more transactions in a direct debit transfer request received from a creditor's bank." />
  <Value Id="ABZ" Name="Truncated paper based payment" Description="Truncated paper based payment is the financial operation of extracting data from a paper based payment." />
  <Value Id="BEX" Name="Bills of exchange" Description="The payment has been done by bills of exchange." />
  <Value Id="BGI" Name="Bankgiro" Description="The payment was originally made by bankgiro." />
  <Value Id="BKD" Name="Bank draft" Description="Original payment was made by bank draft." />
  <Value Id="BKI" Name="Bank initiated" Description="The fund transfer is initiated by a bank." />
  <Value Id="CAL" Name="Cash letter" Description="The payment has been done by a cash letter." />
  <Value Id="CHG" Name="Charges" Description="The fund transfer represents charges." />
  <Value Id="CHI" Name="Cheque international" Description="The financial operation has been done by international cheque." />
  <Value Id="CHN" Name="Cheque national" Description="The financial operation has been done by national cheque." />
  <Value Id="CLR" Name="Clearing" Description="The financial operation has been done by a clearing system." />
  <Value Id="COL" Name="Collection" Description="The financial operation is collection." />
  <Value Id="COM" Name="Commission" Description="The fund transfer represents commission." />
  <Value Id="CON" Name="Cash concentration" Description="An aggregation of funds from different accounts into a single account." />
  <Value Id="CPP" Name="Cash payment by post" Description="The financial operation has been done by cash payment by post." />
  <Value Id="CUX" Name="Currencies" Description="Buying or selling of foreign notes." />
  <Value Id="DDT" Name="Direct debit" Description="The financial operation is direct debit." />
  <Value Id="DEP" Name="Deposit cash operation" Description="The financial operation is by deposit cash." />
  <Value Id="FEX" Name="Foreign exchange" Description="The financial operation is by foreign exchange." />
  <Value Id="FGI" Name="Free format giro" Description="System of credit transfer between banks, Post Offices, etc." />
  <Value Id="INT" Name="Interest" Description="The fund transfer represents usury." />
  <Value Id="LOC" Name="Letter of credit" Description="The financial operation is a letter of credit." />
  <Value Id="LOK" Name="Lockbox" Description="Type of cash management system offered by financial institutions to provide for collection of customers 'receivables'." />
  <Value Id="MSC" Name="Miscellaneous" Description="The fund transfer is miscellaneous." />
  <Value Id="PAC" Name="Payment card" Description="Relating to credit, debit, guarantee or charge card." />
  <Value Id="PGI" Name="Postgiro" Description="The financial operation has been done by postgiro." />
  <Value Id="POS" Name="Point of sale" Description="The financial operation is point of sale." />
  <Value Id="REC" Name="Returned cheques" Description="The fund transfer represents returned cheques." />
  <Value Id="RET" Name="Returned items" Description="The fund transfer represents returned items." />
  <Value Id="RGI" Name="Reference giro" Description="Payments was done by a special service, for low priority payments. Finnish national bank service." />
  <Value Id="RTR" Name="Returned transfers" Description="The financial operation has been done by returned transfers." />
  <Value Id="SEC" Name="Securities" Description="The fund transfer represents securities." />
  <Value Id="STO" Name="Standing order" Description="The financial operation is done by a standing order." />
  <Value Id="TCK" Name="Traveller's cheque" Description="The financial operation is done by traveller's cheque." />
  <Value Id="TRF" Name="Transfer" Description="The financial operation is done by transfer." />
  <Value Id="UGI" Name="Urgent giro" Description="Payment was made by special bank service, for high priority payments. Finnish national bank service." />
  <Value Id="VDA" Name="Value date adjustment" Description="The financial operation has adjusted value date." />
  <Value Id="WDL" Name="Withdrawal cash operation" Description="The financial operation is a withdrawal cash operation." />
  <Value Id="ZZZ" Name="Mutually defined" Description="A temporary code which may be used between trading partners to describe a fund transfer whilst approval for a formal code value is being sought." />
</Root>