<?xml version="1.0" encoding="utf-8"?>
<Root xmlns:xsi="http://www.w3.org/2001/XMLSchema-instance" xmlns:xsd="http://www.w3.org/2001/XMLSchema" Id="4401" Name="Instruction description code" Description="Code specifying an instruction." Count="an..3">
  <Value Id="AA" Name="Send credit note" Description="Send a credit note." />
  <Value Id="AB" Name="Change invoice" Description="Send invoice, taking into account specified discrepancies." />
  <Value Id="AC" Name="Advise by airmail" Description="Instruction to advise party by airmail." />
  <Value Id="AD" Name="Advise" Description="Instruction to advise a party." />
  <Value Id="AE" Name="Read meter at beginning of supply" Description="Read the meter when the supply period starts." />
  <Value Id="AF" Name="Stop delivery process" Description="Instruction to cease delivery." />
  <Value Id="AG" Name="Send replacement" Description="The identified item must be sent for replacement." />
  <Value Id="AH" Name="Pick-up" Description="The identified item is to be picked up." />
  <Value Id="AI" Name="Advise by telecommunication" Description="Advise of documentary credit by telecommunication." />
  <Value Id="AJ" Name="Advise by fax" Description="Instruction to advise party by fax." />
  <Value Id="AK" Name="By registered airmail" Description="Issue documentary credit by registered airmail." />
  <Value Id="AL" Name="By registered airmail in one set" Description="Deliver documents in one set by registered airmail." />
  <Value Id="AM" Name="By registered airmail in two sets" Description="Deliver documents in two sets by registered airmail." />
  <Value Id="AN" Name="Authorized to debit our account when due" Description="The receiver is authorized to debit the account of the sender when due." />
  <Value Id="AO" Name="Authorized to reimburse yourselves on the reimbursing bank when due" Description="The receiver is authorized to reimburse themselves on the reimbursing bank when due." />
  <Value Id="AP" Name="Advise by phone" Description="Instruction to advise party by phone." />
  <Value Id="AQ" Name="Upon receipt and verification of documents we shall credit your account with us when due" Description="Upon receipt and verification of documents we shall credit your account with us when due." />
  <Value Id="AR" Name="Protest non-payment" Description="Protest is to be made in case of non-payment." />
  <Value Id="AS" Name="Protest non-acceptance" Description="Protest is to be made in case of non-acceptance." />
  <Value Id="AT" Name="Advise by telex" Description="Instruction to advise party by telex." />
  <Value Id="AU" Name="Protest non-acceptance and non-payment" Description="Protest is to be made in case of non-acceptance and non- payment." />
  <Value Id="AV" Name="May not be waived" Description="Not permitted to be waived." />
  <Value Id="AW" Name="May be waived" Description="Permitted to be waived." />
  <Value Id="AX" Name="Acceptance and/or payment may be deferred until the arrival of goods" Description="Acceptance and/or payment may be deferred until the goods have arrived." />
  <Value Id="AY" Name="Acceptance and/or payment may not be deferred until the arrival of goods" Description="Acceptance and/or payment may not be deferred until the goods have arrived." />
  <Value Id="AZ" Name="If documents are not honoured on arrival of goods then warehouse goods" Description="Goods are to be warehoused if documents are not taken up on the goods' arrival." />
  <Value Id="BA" Name="If documents are not honoured on arrival of goods then warehouse goods and insure against fire" Description="Goods are to be warehoused and insured against fire if documents are not taken up on the goods' arrival." />
  <Value Id="BB" Name="If documents are not honoured on arrival of goods then warehouse goods and insure against usual risks" Description="Goods are to be warehoused and insured against the usual risks if documents are not taken up on the goods' arrival." />
  <Value Id="BC" Name="Case of need party has power to give instructions" Description="Case of need party has the power to give instructions." />
  <Value Id="BD" Name="Case of need party may advise only" Description="The case of need party may advise only." />
  <Value Id="BE" Name="Draft must be returned after acceptance" Description="The draft must be returned after acceptance." />
  <Value Id="BF" Name="Advise by mail" Description="Instruction to advise party by mail." />
  <Value Id="BG" Name="Release documents against acceptance" Description="The documents are to be released against acceptance." />
  <Value Id="BH" Name="Release documents against payment" Description="The documents are to be released against payment." />
  <Value Id="BI" Name="Release documents against issuance of drawee's undertaking" Description="The documents are to be released against issuance of drawee's undertaking." />
  <Value Id="BJ" Name="Release documents against issuance of presenting bank's undertaking" Description="The documents are to be released against issuance of presenting bank's undertaking." />
  <Value Id="BK" Name="Release documents against issuance of named bank's undertaking" Description="The documents are to be released against issuance of named bank's undertaking." />
  <Value Id="BL" Name="Release documents against issuance of drawee's signed promissory note" Description="The documents are to be released against issuance of drawee's signed promissory note." />
  <Value Id="BM" Name="Release documents against issuance of presenting bank's signed promissory note" Description="The documents are to be released against issuance of presenting bank's signed promissory note." />
  <Value Id="BN" Name="Release documents against issuance of named bank's signed promissory note" Description="The documents are to be released against issuance of named bank's signed promissory note." />
  <Value Id="BO" Name="Release documents against issuance of drawee's signed trust receipt" Description="The documents are to be released against issuance of drawee's signed trust receipt." />
  <Value Id="BP" Name="Release documents against acceptance and aval of presenting bank" Description="The documents are to be released against acceptance and aval of presenting bank." />
  <Value Id="BQ" Name="Release documents against acceptance and aval of named bank" Description="The documents are to be released against acceptance and aval of named bank." />
  <Value Id="BR" Name="Remit proceeds" Description="The proceeds are to be remitted." />
  <Value Id="BS" Name="Remit proceeds to intermediary bank" Description="The proceeds are to be remitted to the intermediary bank." />
  <Value Id="BT" Name="Accept provisional deposit if covered in local currency" Description="Where the currency of the collection is not available, the collection bank is authorised to accept a provisional deposit in local currency." />
  <Value Id="BU" Name="Read meter at end of supply" Description="Read the meter when the supply period ends." />
  <Value Id="BV" Name="Replace if necessary" Description="Replace the item if necessary." />
  <Value Id="BW" Name="Replace" Description="Replace the item." />
  <Value Id="BX" Name="Do not replace" Description="Do not replace the item." />
  <Value Id="BY" Name="Remedial action for incorrect account number" Description="Instruction to take the appropriate remedial action to correct the referenced account number." />
  <Value Id="BZ" Name="Remedial action for unknown account" Description="Instruction to take the appropriate remedial action because the referenced account is not known." />
  <Value Id="CA" Name="Remedial action for account frozen by legal authorities" Description="Instruction to take the appropriate remedial action because the referenced account has been frozen by legal authorities." />
  <Value Id="CB" Name="Remedial action for deceased account holder" Description="Instruction to take remedial action that is appropriate because the holder of the referenced account is dead." />
  <Value Id="CC" Name="Remedial action for refusal by account owner or ultimate beneficiary" Description="Instruction to take the appropriate remedial action because the account owner or ultimate beneficiary has refused to accept the transaction." />
  <Value Id="CD" Name="Remedial action for unjustified charges claim on beneficiary" Description="Instruction to take the appropriate remedial action because it is claimed that the charges on the beneficiary are unjustified." />
  <Value Id="CE" Name="Remedial action for unrecognised destination bank or branch identification" Description="Instruction to take the appropriate remedial action because the destination bank or branch identification is not recognised." />
  <Value Id="CF" Name="Remedial action for closed destination account" Description="Instruction to take the appropriate remedial action beause the destination account has been closed." />
  <Value Id="CG" Name="Remedial action for transaction over credit limit" Description="Instruction to take the appropriate remedial action because the transaction exceeds an agreed credit limit." />
  <Value Id="CH" Name="Remedial action for disallowed transaction type" Description="Instruction to take the appropriate remedial action because the type of transaction is not allowed." />
  <Value Id="CI" Name="Remedial action for insufficient funds" Description="Instruction to take the appropriate remedial action because of insufficient funds." />
  <Value Id="CJ" Name="Remedial action for no prior mandate in place" Description="Instruction to take the appropriate remedial action because no mandate has been agreed beforehand." />
  <Value Id="CK" Name="Remedial action for revoked mandate" Description="Instruction to take the appropriate remedial action because the mandate has been revoked." />
  <Value Id="CL" Name="Remedial action for unknown party" Description="Instruction to take the appropriate remedial action because a party is unknown." />
  <Value Id="CM" Name="Remedial action for incorrect bank information" Description="Instruction to take the appropriate remedial action because the specified bank information is incorrect or invalid." />
  <Value Id="CN" Name="Remedial action for duplicated transaction" Description="Instruction to take the appropriate remedial action because a transaction has been duplicated." />
  <Value Id="CO" Name="Convert" Description="Convert the message into other format." />
  <Value Id="CP" Name="Remedial action for transaction not completed for a reason that cannot be disclosed" Description="Instructs the recipient of the returned message to take the appropriate remedial action when the transaction has been rejected for a reason that, for legal or other reasons, cannot be disclosed." />
  <Value Id="CS" Name="Send by courier services" Description="Send the item(s) by courier services." />
  <Value Id="CZ" Name="Specific clearing" Description="Item(s) are subject to specific clearing." />
  <Value Id="DA" Name="Without" Description="The bank advising the documentary credit is not requested to confirm the credit." />
  <Value Id="DB" Name="May add" Description="The bank advising the documentary credit may add its confirmation to the documentary credit." />
  <Value Id="DC" Name="Confirm" Description="The bank advising the documentary credit is requested to confirm the credit." />
  <Value Id="DD" Name="By registered mail" Description="Issue documentary credit by registered mail." />
  <Value Id="DE" Name="By courier service" Description="Issue documentary credit by courier service." />
  <Value Id="DF" Name="By teletransmission" Description="Issue documentary credit by teletransmission." />
  <Value Id="DG" Name="Preadvice by teletransmission" Description="Preadvise documentary credit by teletransmission." />
  <Value Id="DH" Name="By courier service in one set" Description="Deliver documents in one set by courier service." />
  <Value Id="DI" Name="By courier service in two sets" Description="Deliver documents in two sets by courier service." />
  <Value Id="DJ" Name="By registered mail in one set" Description="Deliver documents in one set by registered mail." />
  <Value Id="DK" Name="By registered mail in two sets" Description="Deliver documents in two sets by registered mail." />
  <Value Id="DN" Name="Per teletransmission" Description="Deliver documents by teletransmission." />
  <Value Id="DO" Name="Advise beneficiary by phone" Description="Advise beneficiary of documentary credit by phone." />
  <Value Id="DP" Name="Late presentation of documents within documentary credit validity acceptable" Description="Late presentation of documents with the documentary credit validity is acceptable." />
  <Value Id="EI" Name="EDI" Description="Instructions to advise beneficiary by EDI." />
  <Value Id="EM" Name="Electronic mail" Description="Instructions to advise beneficiary by electronic mail." />
  <Value Id="EX" Name="Expedite" Description="Forward the information to requested party immediately." />
  <Value Id="IM" Name="Send by regular mail" Description="Send the tem(s) by regular mail." />
  <Value Id="PT" Name="Print" Description="Print the item(s)." />
  <Value Id="QC" Name="Quality control held" Description="Goods to be held from distribution by stockholder until a quality control assessment is completed by the manufacturer." />
  <Value Id="QE" Name="Quality control embargo" Description="Quality control assessment is negative, goods are to be held from distribution by stockholder." />
  <Value Id="RL" Name="Released" Description="Goods are released by manufacturer for distribution by stockholder." />
  <Value Id="RM" Name="Send by registered mail" Description="Send the item(s) by registered mail." />
  <Value Id="SW" Name="S.W.I.F.T." Description="Instructions to advise beneficiary by S.W.I.F.T." />
  <Value Id="SX" Name="Take once a day" Description="To be taken once daily." />
  <Value Id="SY" Name="Take two times a day" Description="To be taken two times each day." />
  <Value Id="SZ" Name="Take three times a day" Description="To be taken three times each day." />
  <Value Id="TA" Name="Take four times a day" Description="To be taken four times daily." />
</Root>