<?xml version="1.0" encoding="utf-8"?>
<Root xmlns:xsi="http://www.w3.org/2001/XMLSchema-instance" xmlns:xsd="http://www.w3.org/2001/XMLSchema" Id="4405" Name="Status description code" Description="Code specifying a status." Count="an..3">
  <Value Id="1" Name="To be done" Description="Remark that the requested service in the order remains outstanding." />
  <Value Id="2" Name="Done" Description="The instruction has been completed." />
  <Value Id="3" Name="Passed on" Description="The information has been passed on." />
  <Value Id="4" Name="Final" Description="The amount has the status of finality." />
  <Value Id="5" Name="Subject to final payment" Description="The amount is subject to finality." />
  <Value Id="6" Name="Minimum" Description="The amount quoted is a minimum tariff." />
  <Value Id="7" Name="Fixed" Description="The amount quoted is a fixed tariff." />
  <Value Id="8" Name="Maximum" Description="The amount quoted is a maximum tariff." />
  <Value Id="9" Name="Information" Description="The amount is quoted for information only, it is not part of the charges to be deducted or added." />
  <Value Id="10" Name="0 day available" Description="The amount is available today." />
  <Value Id="11" Name="1 day available" Description="The amount is available on the next banking office day after the booking date." />
  <Value Id="12" Name="2 days available" Description="The amount is available on the second banking office day after the booking date." />
  <Value Id="13" Name="3 days available" Description="The amount available on the third banking office day after the booking date." />
  <Value Id="14" Name="Uncollected funds" Description="Funds not collected by beneficiary." />
  <Value Id="15" Name="Nil" Description="The amount or quantity is zero." />
  <Value Id="16" Name="None advised" Description="No status or condition has been advised." />
  <Value Id="17" Name="Requested" Description="A status or condition has been requested." />
  <Value Id="18" Name="Free of charge" Description="No charge is to be made." />
  <Value Id="19" Name="Rounded" Description="The quantity has been the subject of a rounding operation." />
  <Value Id="20" Name="Permanent" Description="Intended to last or function indefinitely." />
  <Value Id="21" Name="Temporary" Description="Lasting or intended to last or function for a limited time." />
  <Value Id="22" Name="Subject to agreed condition" Description="Subject to agreed condition." />
  <Value Id="23" Name="Added" Description="In addition to." />
  <Value Id="24" Name="Deducted" Description="A deduction from." />
  <Value Id="25" Name="Included" Description="Is included in." />
  <Value Id="26" Name="Subject to clearing" Description="Clearing operations are to be applied." />
  <Value Id="27" Name="Subject to bilaterally agreed condition" Description="Bilaterally agreed conditions are to be applied." />
  <Value Id="28" Name="Transaction expected to be executed" Description="The transaction is expected to be executed." />
  <Value Id="29" Name="Debit" Description="The object has a status of debit." />
  <Value Id="30" Name="Credit" Description="The object has a status of credit." />
  <Value Id="31" Name="Positive debit" Description="The object has a status of positive debit." />
  <Value Id="32" Name="Negative debit" Description="The object has a status of negative debit." />
  <Value Id="33" Name="Positive credit" Description="The object has a status of positive credit." />
  <Value Id="34" Name="Negative credit" Description="The object has a status of negative credit." />
  <Value Id="35" Name="Started" Description="To specify an event has started." />
  <Value Id="36" Name="Revised" Description="To indicate a revision has been made." />
  <Value Id="37" Name="Stolen" Description="A consignment or goods have been stolen." />
  <Value Id="38" Name="Assigned" Description="A value has been assigned to an item." />
  <Value Id="39" Name="Approved" Description="Approval has been given." />
  <Value Id="40" Name="Withdrawn" Description="Item is withdrawn." />
  <Value Id="41" Name="Rejected" Description="Item is rejected." />
  <Value Id="42" Name="Approval pending" Description="Approval is pending." />
  <Value Id="43" Name="Postponed" Description="Further action is delayed." />
  <Value Id="44" Name="Replaced" Description="Item has been replaced." />
  <Value Id="45" Name="No status" Description="There is no status information to report." />
  <Value Id="46" Name="Does not exist" Description="Non existent." />
  <Value Id="47" Name="Draft version" Description="A preliminary version." />
  <Value Id="48" Name="Live version" Description="A version with a live status." />
  <Value Id="49" Name="Expired version" Description="A version which no longer has a live status." />
  <Value Id="50" Name="Part-time" Description="Using only part of the available time." />
  <Value Id="51" Name="Full-time" Description="Using the whole of the available time." />
  <Value Id="52" Name="Not a student" Description="Not enrolled in an educational program." />
  <Value Id="53" Name="To be extracted" Description="To be removed." />
  <Value Id="54" Name="Impacted tooth" Description="Tooth wedged between another tooth and the jaw." />
  <Value Id="55" Name="Extracted" Description="Removed." />
  <Value Id="56" Name="Estimated" Description="The value is estimated." />
  <Value Id="57" Name="Undefined incident" Description="An undefined incident has occurred." />
  <Value Id="58" Name="Quantity error" Description="The quantity is an error." />
  <Value Id="59" Name="Monetary amount error" Description="The monetary amount is an error." />
  <Value Id="60" Name="Product not ordered" Description="The product was not ordered." />
  <Value Id="61" Name="Uncertain" Description="The value is uncertain." />
  <Value Id="62" Name="Significant" Description="Noteworthy." />
  <Value Id="63" Name="Not accepted" Description="The item has not been accepted." />
  <Value Id="64" Name="Order or request cancelled" Description="The referenced order or request has been cancelled." />
  <Value Id="65" Name="Negative" Description="Negative status." />
  <Value Id="66" Name="Unsigned amount" Description="The status of the amount is unsigned." />
  <Value Id="67" Name="Preliminary" Description="Preparatory to." />
  <Value Id="68" Name="Split" Description="Divided into parts." />
  <Value Id="69" Name="Recommended" Description="The object is favoured in preference to other alternatives." />
  <Value Id="70" Name="Issued" Description="Has been given out." />
  <Value Id="71" Name="Available for ordering" Description="Goods are available for ordering." />
  <Value Id="72" Name="Not available for ordering" Description="Goods are not available for ordering." />
  <Value Id="73" Name="Confirmed" Description="Officially acknowledged." />
  <Value Id="74" Name="Expiry date exceeded" Description="The expiry date has been exceeded." />
  <Value Id="75" Name="Prescribed" Description="Advised the use of." />
  <Value Id="76" Name="All published issues since subscription start" Description="Applies to all published issues since subscription start." />
  <Value Id="77" Name="All published issues since issue specified in claim" Description="Applies to all published issues since issue specified in claim." />
  <Value Id="78" Name="All published issues from and including issue specified in claim" Description="Applies to all published issues from and including issue specified in claim." />
  <Value Id="79" Name="Specified published issue only" Description="Applies to specified published issue only." />
  <Value Id="80" Name="Publication issue cancelled" Description="Publication issue has been cancelled." />
  <Value Id="81" Name="Definitive" Description="The status is definitive." />
  <Value Id="82" Name="Supplementary" Description="An addition to something." />
  <Value Id="83" Name="Under legal appeal" Description="An application to a court for a reconsideration of the decision." />
  <Value Id="84" Name="Legally assigned" Description="Transferred legally to another party." />
  <Value Id="85" Name="Updated" Description="Brought up to date." />
  <Value Id="86" Name="Ratified" Description="Made valid or binding by some formal or legal act." />
  <Value Id="87" Name="Under consideration" Description="Being considered." />
  <Value Id="88" Name="Countersued" Description="A response to institute legal proceedings in which an entity has filed a law suit." />
  <Value Id="89" Name="Legal item dismissed" Description="Refused further hearing to a legal matter." />
  <Value Id="90" Name="Disputed" Description="Questioned validity." />
  <Value Id="91" Name="Enforced" Description="Compelled observance." />
  <Value Id="92" Name="Legal documentation filed" Description="Submitted a petition, document or application to the appropriate authority." />
  <Value Id="93" Name="Judgement for defendant" Description="A judgement for the defendant was rendered." />
  <Value Id="94" Name="Judgement for plaintiff" Description="A judgement for the plaintiff was rendered." />
  <Value Id="95" Name="Unchanged" Description="Unaltered." />
  <Value Id="96" Name="Legal documentation not filed" Description="No petition, document or application was submitted to the appropriate authority." />
  <Value Id="97" Name="Pending" Description="Awaiting decision or settlement." />
  <Value Id="98" Name="Debt released" Description="Released a debt." />
  <Value Id="99" Name="Law suit filed" Description="A law suit was filed." />
  <Value Id="100" Name="Satisfied" Description="Adequately met, fulfilled or complied with all conditions." />
  <Value Id="101" Name="Set aside" Description="Set aside by using one's authority." />
  <Value Id="102" Name="Settled" Description="Concluded by mutual agreement." />
  <Value Id="103" Name="Settled out of court" Description="The matter has been settled out of court." />
  <Value Id="104" Name="Stayed" Description="A stopping of the proceedings." />
  <Value Id="105" Name="Terminated" Description="Brought to an end." />
  <Value Id="106" Name="Arranged" Description="Planned or provided for." />
  <Value Id="107" Name="Not arranged" Description="Not planned or provided for." />
  <Value Id="108" Name="Instructed to start" Description="Received instruction to start." />
  <Value Id="109" Name="Instructed to stop" Description="Received instruction to stop." />
  <Value Id="110" Name="Stock quantity corrected" Description="A difference in quantity between stocks has been corrected." />
  <Value Id="111" Name="Inactive" Description="Not in operation." />
  <Value Id="112" Name="Active" Description="In operation." />
  <Value Id="113" Name="Incomplete data" Description="The data is incomplete." />
  <Value Id="114" Name="Booked when overbooked" Description="The booking has been made although there is no more availability." />
  <Value Id="115" Name="Provisional" Description="The object is in a provisional status." />
  <Value Id="116" Name="Ticketed" Description="The ticket has been issued." />
  <Value Id="117" Name="Washed" Description="The object is washed." />
  <Value Id="118" Name="Unwashed" Description="The object is not washed." />
  <Value Id="119" Name="Out of date" Description="The information is out of date." />
  <Value Id="120" Name="Alternative" Description="The information is an alternative to the request." />
  <Value Id="121" Name="Complete" Description="Entire." />
  <Value Id="122" Name="Partial" Description="Not complete." />
  <Value Id="123" Name="Contracted" Description="Governed by a contract." />
  <Value Id="124" Name="Technically limited" Description="Governed by technical limitations." />
  <Value Id="125" Name="Adjusted" Description="The information is adjusted." />
  <Value Id="126" Name="Expected delivery" Description="The consignment which is/was expected." />
  <Value Id="127" Name="Measured" Description="The referenced item has been measured." />
  <Value Id="128" Name="Ready for loading" Description="The referenced item is ready for loading." />
  <Value Id="129" Name="Not heat treated" Description="The object is not heat treated." />
  <Value Id="130" Name="Heat treated" Description="The object is heat treated." />
  <Value Id="131" Name="Fully cooked" Description="The object is fully cooked." />
  <Value Id="132" Name="Not fully cooked" Description="The object is not fully cooked." />
  <Value Id="133" Name="Hothouse grown" Description="The object is hothouse grown." />
  <Value Id="134" Name="Knocked down" Description="The object is disassembled." />
  <Value Id="135" Name="Solid" Description="The object is a solid." />
  <Value Id="136" Name="Liquid" Description="The object is a liquid." />
  <Value Id="137" Name="Gas" Description="The object is in a gaseous form." />
  <Value Id="138" Name="Sludge" Description="The object is a semi-solid material." />
  <Value Id="139" Name="Normal security measures required" Description="Minimum appropriate protective security measures shall be maintained at all times on the means of transport." />
  <Value Id="140" Name="Heightened security measures required" Description="Appropriate additional protective security measures shall be maintained for a period of time as a result of heightened risk of a security incident." />
  <Value Id="141" Name="Exceptional security measures required" Description="Specific protective security measures shall be maintained for a limited period of time when a security incident is probable or imminent, although it may not be possible to identify the specific target." />
  <Value Id="142" Name="Ship security procedures not maintained during ship-to-ship activity" Description="Ship security procedures, specified in the approved ship security plan, have not been maintained during each of the ship-to-ship activities specified." />
  <Value Id="143" Name="Ship security procedure maintained during ship-to-ship activity" Description="A confirmation that ship security procedures in terms of the approved in the Ship Security Plan were maintained during ship-to-ship activity." />
  <Value Id="144" Name="Special or additional security measures taken" Description="The ship has taken special or additional security measures, beyond those specified in the approved ship security plan." />
  <Value Id="145" Name="Security related matter to report" Description="A status indicating that there is a security related matter to report for the specified leg in the itinerary." />
</Root>