<?xml version="1.0" encoding="utf-8"?>
<Root xmlns:xsi="http://www.w3.org/2001/XMLSchema-instance" xmlns:xsd="http://www.w3.org/2001/XMLSchema" Id="4403" Name="Instruction type code qualifier" Description="Code qualifying the type of instruction." Count="an..3">
  <Value Id="1" Name="Action required" Description="Instruction requires action." />
  <Value Id="2" Name="Party instructions" Description="The instructions are to be executed by means of a party." />
  <Value Id="3" Name="Maximum value exceeded instructions" Description="Instruction how to act if maximum value will be or has been exceeded." />
  <Value Id="4" Name="Confirmation instructions" Description="Documentary credit confirmation instructions." />
  <Value Id="5" Name="Method of issuance" Description="Documentary credit confirmation of issuance." />
  <Value Id="6" Name="Pre-advice instructions" Description="Documentary credit pre-advice instructions." />
  <Value Id="7" Name="Documents delivery instruction" Description="Delivery instructions for documents required under a documentary credit." />
  <Value Id="8" Name="Additional terms and/or conditions documentary credit" Description="Additional terms and/or conditions to the documentary credit." />
  <Value Id="9" Name="Investment instruction" Description="Instruction refers to an investment." />
  <Value Id="10" Name="Reimbursement instructions" Description="Instructions as to how the reimbursement is to be effected." />
  <Value Id="11" Name="Instructions to the paying and/or accepting and/or negotiating bank" Description="Instructions to the paying and/or accepting and/or negotiating bank." />
  <Value Id="12" Name="Instructions and/or information to the applicant" Description="Instructions and/or information to the applicant." />
  <Value Id="13" Name="Case of need party power instructions" Description="Case of need party power instructions." />
  <Value Id="14" Name="Instructions for payment in local currency" Description="Payment of the documentary credit in local currency instructions." />
  <Value Id="15" Name="Instructions for return of acceptance draft" Description="Return of acceptance draft instructions." />
  <Value Id="16" Name="Method for advice of non-payment" Description="Advice of non-payment method." />
  <Value Id="17" Name="Documentary credit advice of non-acceptance method" Description="Advice of non-acceptance method of the documentary credit." />
  <Value Id="18" Name="Documentary credit advice of payment method" Description="Advice of payment method of the documentary credit." />
  <Value Id="19" Name="Documentary credit advice of acceptance method" Description="Advice of acceptance method of the documentary credit." />
  <Value Id="20" Name="Instructions for the first transmission of documents" Description="Instructions for the first transmission of documents." />
  <Value Id="21" Name="Instructions for the second transmission of documents" Description="Instructions for the second transmission of documents." />
  <Value Id="22" Name="Instructions for terms of delivery of documents" Description="Instructions for terms of delivery of documents." />
  <Value Id="23" Name="Instructions and/or information to the beneficiary" Description="Instructions and/or information to the beneficiary." />
  <Value Id="24" Name="Protest instructions" Description="Instructions as to whether a protest is to be made." />
  <Value Id="25" Name="Warehouse and/or insurance instructions" Description="Instructions about warehousing and/or insurance." />
  <Value Id="26" Name="Charges waiver instructions" Description="Instructions as to whether charges may be waived." />
  <Value Id="27" Name="Interest waiver instructions" Description="Instructions as to whether interest may be waived." />
  <Value Id="28" Name="Deferral of payment and/or acceptance instructions" Description="Instructions as to whether payment and/or acceptance may be deferred." />
  <Value Id="29" Name="Patient preparation" Description="Instruction concerning the preparation of a patient." />
  <Value Id="30" Name="Dosage of medicine" Description="Instruction concerning the dosage of medicine." />
  <Value Id="31" Name="Instruction about patient" Description="Instruction concerning a patient." />
  <Value Id="32" Name="Meter reading instruction" Description="Instruction concerning the reading of a meter." />
  <Value Id="33" Name="Meter change instruction" Description="Instruction concerning the change of a meter." />
</Root>