<?xml version="1.0" encoding="utf-8"?>
<Root xmlns:xsi="http://www.w3.org/2001/XMLSchema-instance" xmlns:xsd="http://www.w3.org/2001/XMLSchema" Id="4431" Name="Payment guarantee means code" Description="Code specifying the means of payment guarantee." Count="an..3">
  <Value Id="1" Name="Factor guarantee" Description="Payment of an invoice is made by a factor under the guarantee he issued to seller or to another factor." />
  <Value Id="10" Name="Bank guarantee" Description="A bank has agreed to stand as guarantor to ensure that payment is made." />
  <Value Id="11" Name="Public authority guarantee" Description="A public authority has agreed to stand as guarantor to ensure that payment is made." />
  <Value Id="12" Name="Third party guarantee" Description="The party who has agreed to stand as guarantor to ensure that payment is made is neither the payee nor the payer." />
  <Value Id="13" Name="Standby letter of credit" Description="The guarantee of payment is in the form of a standby letter of credit." />
  <Value Id="14" Name="No guarantee" Description="No guarantee of payment has been made or is available." />
  <Value Id="20" Name="Goods as security" Description="The payer has provided possession of, or title in goods, as security against payment." />
  <Value Id="21" Name="Business as security" Description="The payer has provided title in, or a lien over a business whose assets may be sold or sequestered, as security against payment." />
  <Value Id="23" Name="Warrant or similar (warehouse receipts)" Description="The payer has provided a warrant or warehouse receipts for goods or property to be held or used as security against payment." />
  <Value Id="24" Name="Mortgage" Description="The payer has provided a mortgage as security against payment." />
  <Value Id="45" Name="Insurance certificate" Description="A certificate of insurance has been provided as a guarantee of eventual payment." />
  <Value Id="ZZZ" Name="Mutually defined" Description="A code assigned within a code list to be used on an interim basis and as defined among trading partners until a precise code can be assigned to the code list." />
</Root>