<?xml version="1.0" encoding="utf-8"?>
<Root xmlns:xsi="http://www.w3.org/2001/XMLSchema-instance" xmlns:xsd="http://www.w3.org/2001/XMLSchema" Id="4435" Name="Payment channel code" Description="Code specifying the payment channel." Count="an..3">
  <Value Id="1" Name="Ordinary post" Description="The payment shall be/has been made via ordinary post." />
  <Value Id="2" Name="Air mail" Description="The payment shall be/has been made via air mail." />
  <Value Id="3" Name="Telegraph" Description="The payment shall be/has been made via telegraph." />
  <Value Id="4" Name="Telex" Description="The payment shall be/has been made via telex." />
  <Value Id="5" Name="S.W.I.F.T." Description="Society for Worldwide Interbank Financial Telecommunications s.c." />
  <Value Id="6" Name="Other transmission networks" Description="The payment shall be/has been made via other transmission networks." />
  <Value Id="7" Name="Networks not defined" Description="The payment shall be/has been made via not defined networks." />
  <Value Id="8" Name="Fedwire" Description="The payment shall be/has been made via Fedwire." />
  <Value Id="9" Name="Personal (face-to-face)" Description="Indicates that payment should be made by the bank to the beneficiary or his identified agent, in person." />
  <Value Id="10" Name="Registered air mail" Description="The payment shall be/has been made via registered air mail." />
  <Value Id="11" Name="Registered mail" Description="The payment shall be/has been made via registered mail." />
  <Value Id="12" Name="Courier" Description="Public courier service." />
  <Value Id="13" Name="Messenger" Description="Private messenger service." />
  <Value Id="14" Name="National ACH" Description="Nation wide clearing house for automated payment." />
  <Value Id="15" Name="Other ACH" Description="Other than nation wide clearing house system." />
  <Value Id="ZZZ" Name="Mutually defined" Description="A code assigned within a code list to be used on an interim basis and as defined among trading partners until a precise code can be assigned to the code list." />
</Root>