<?xml version="1.0" encoding="utf-8"?>
<Root xmlns:xsi="http://www.w3.org/2001/XMLSchema-instance" xmlns:xsd="http://www.w3.org/2001/XMLSchema" Id="4437" Name="Account type code qualifier" Description="Code qualifying the type of account." Count="an..3">
  <Value Id="1" Name="Cost account" Description="Code identifying a cost account." />
  <Value Id="2" Name="Budgetary account" Description="Code identifying a budgetary account." />
  <Value Id="3" Name="Subsidiary account" Description="Code identifying a subsidiary account." />
  <Value Id="4" Name="General account" Description="Code identifying a general account." />
  <Value Id="5" Name="Related account" Description="Account that is related to an other account." />
  <Value Id="6" Name="General trial balance" Description="Code identifying a general trial balance." />
  <Value Id="7" Name="Subsidiary trial balance" Description="Code identifying a subsidiary trial balance." />
  <Value Id="8" Name="Cost trial balance" Description="Code identifying a cost trial balance." />
  <Value Id="9" Name="Budgetary trial balance" Description="Code identifying a budgetary trial balance." />
  <Value Id="10" Name="General and cost trial balance" Description="Code identifying a general and cost trial balance." />
  <Value Id="11" Name="General and budgetary trial balance" Description="Code identifying a general and budgetary trial balance." />
  <Value Id="12" Name="General and subsidiary trial balance" Description="Code identifying a general and subsidiary trial balance." />
  <Value Id="13" Name="Cost and budgetary trial balance" Description="Code identifying a cost and budgetary trial balance." />
  <Value Id="14" Name="Cost and subsidiary trial balance" Description="Code identifying a cost and subsidiary trial balance." />
  <Value Id="15" Name="Budgetary and subsidiary trial balance" Description="Code identifying a budgetary and subsidiary trial balance." />
  <Value Id="16" Name="General, cost and budgetary trial balance" Description="Code identifying a general, cost and budgetary trial balance." />
  <Value Id="17" Name="Non recorded differences account" Description="Code identifying the account of non recorded differences." />
</Root>