<?xml version="1.0" encoding="utf-8"?>
<Root xmlns:xsi="http://www.w3.org/2001/XMLSchema-instance" xmlns:xsd="http://www.w3.org/2001/XMLSchema" Id="4439" Name="Payment conditions code" Description="Code specifying the payment conditions." Count="an..3">
  <Value Id="1" Name="Direct payment" Description="An assigned invoice has been paid by the buyer to the factor." />
  <Value Id="2" Name="Automatic clearing house credit" Description="Credit transaction via an ACH (Automated Clearing House)." />
  <Value Id="3" Name="Automatic clearing house debit" Description="Debit transaction via an ACH (Automated Clearing House)." />
  <Value Id="4" Name="Automatic clearing house credit-savings account" Description="Credit transaction via an ACH (Automated Clearing House) to an interest bearing deposit account without a stated maturity." />
  <Value Id="5" Name="Automatic clearing house debit-demand account" Description="Debit transaction via an ACH (Automated Clearing House) to an account paying funds on demand without notice of intended withdrawal." />
  <Value Id="6" Name="Bank book transfer (credit)" Description="Current value of an asset, moved from one account to another, as it appears on the balance sheet (credit)." />
  <Value Id="7" Name="Bank book transfer (debit)" Description="Current value of an asset, moved from one account to another, as it appears on the balance sheet (debit)." />
  <Value Id="8" Name="Doc collection via 3rd party with bill of EX" Description="Presentment of negotiable instruments to the point of origin, and receiving payment from the paying bank, using a 3rd party with bill of exchange." />
  <Value Id="9" Name="Doc collection via 3rd party no bill of EX" Description="Presentment of negotiable instruments to the point of origin, and receiving payment from the paying bank, using a 3rd party without bill of exchange." />
  <Value Id="10" Name="Irrevocable documentary credit" Description="Written undertaking by a bank to pay a seller against stipulated documents that cannot be amended or cancelled without the consent of all parties involved." />
  <Value Id="11" Name="Transferable irrevocable documentary credit" Description="Written undertaking by a bank to pay a seller against stipulated documents that cannot be amended or cancelled without the consent of all parties involved and that can be transferred by the first beneficiary to one or more beneficiaries." />
  <Value Id="12" Name="Confirmed irrevocable documentary credit" Description="Written undertaking by a bank to pay a seller against credit conform stipulated documents that cannot be amended or cancelled without the consent of all parties involved." />
  <Value Id="13" Name="Transferable confirmed irrevocable documentary credit" Description="Written undertaking by a bank to pay a seller against credit conform stipulated documents that cannot be amended or cancelled without the consent of all parties involved and that can be transferred by the first beneficiary to one or more beneficiaries." />
  <Value Id="14" Name="Revocable documentary credit" Description="Written undertaking by a bank to pay a seller against stipulated documents that can be amended or cancelled at any time." />
  <Value Id="15" Name="Irrevocable letter of credit-confirmed" Description="Letter of credit that cannot be cancelled or amended without agreement by all the parties involved, and carries the endorsement of both the issuing bank and its correspondent, guaranteeing payment of all drafts written against." />
  <Value Id="16" Name="Letter of guarantee" Description="Any guarantee, bond or other payment undertaking given for the payment of money on presentation in conformity with the terms of the undertaking of a demand for payment and other documents specified." />
  <Value Id="17" Name="Revocable letter of credit" Description="Letter of credit that can be cancelled or amended at any time by the issuing bank." />
  <Value Id="18" Name="Standby letter of credit" Description="Letter of credit which is a contingent (future) obligation of the issuing bank to make payment to the designated beneficiary if the bank's customer fails to perform as called for under the terms of a contract." />
  <Value Id="19" Name="Irrevocable letter of credit unconfirmed" Description="Letter of credit that cannot be cancelled or amended before a specific date without agreement by all the parties involved, and carries no guarantee that a correspondent will honour drafts presented for payment." />
  <Value Id="20" Name="Clean collection (ICC)" Description="A collection in which the seller has already sent the goods and any documents giving control of such goods directly to the buyer, and where he subsequently sends his claim for payment. This type of collection involves financial documents only." />
  <Value Id="21" Name="Documentary collection (ICC)" Description="A collection in which the seller exchanges the delivery of the goods and any documents giving control of such goods for payment or upon promise of payment by acceptance of a commercial document. This type of collection involves financial and commercial documents. International Chamber of Commerce (ICC) term." />
  <Value Id="22" Name="Documentary sight collection (ICC)" Description="A collection in which the commercial documents are delivered against immediate payment. International Chamber of Commerce (ICC) term." />
  <Value Id="23" Name="Documentary collection with date of expiry (ICC)" Description="A collection in which the commercial documents are valid for a term or until a specified date. International Chamber of Commerce (ICC) term." />
  <Value Id="24" Name="Documentary collection: bill of exchange against acceptance" Description="A collection in which the bill of exchange is handed over on acceptance and the payment will take place on a future date." />
  <Value Id="25" Name="Documentary collection: bill of exchange against payment" Description="A collection in which the bill of exchange is handed over when payment is obtained." />
  <Value Id="26" Name="Collection subject to buyer's approval (ICC)" Description="The collection is subject to the buyer's approval. International Chamber of Commerce (ICC) term." />
  <Value Id="27" Name="Collection by a bank consignee for the goods (ICC)" Description="A collection in which the bank stores the goods on its premises. International Chamber of Commerce (ICC) term." />
  <Value Id="34" Name="Seller to advise buyer" Description="Payment conditions to be advised by the seller to the buyer." />
  <Value Id="35" Name="Documents through banks" Description="Also known as 'documents against presentation', the documents are sent to a bank, and the buyer obtains the documents by paying the invoice amount to the bank." />
  <Value Id="36" Name="Charging (to account)" Description="Amount due booked to accounts payable/accounts receivables accordingly." />
  <Value Id="37" Name="Available with issuing bank" Description="Documentary credit is available with the issuing bank." />
  <Value Id="38" Name="Available with advising bank" Description="Documentary credit is available with the advising bank." />
  <Value Id="39" Name="Available with named bank" Description="Documentary credit is available with the financial institution identified in the FII segment." />
  <Value Id="40" Name="Available with any bank" Description="Documentary credit is available with any bank." />
  <Value Id="41" Name="Available with any bank in ..." Description="Documentary credit is available with any bank located in a place identified in the LOC segment." />
  <Value Id="42" Name="Indirect payment" Description="An assigned invoice has been paid by the buyer to the seller or to the seller's agent instead of to the factor." />
  <Value Id="43" Name="Reassignment" Description="An invoice or credit note assigned to a factor has been reassigned back to the seller or to another factor." />
  <Value Id="44" Name="Offset" Description="An invoice/credit note has been (partly) offset against other items on the seller's or buyer's account." />
  <Value Id="45" Name="Special entries" Description="Payment to be treated as special booking entry by the beneficiary." />
  <Value Id="46" Name="Instalment payment" Description="Payment is to be made in one or more instalments." />
  <Value Id="47" Name="Instalment payment with draft" Description="Payment is to be made by bank draft in one or more instalments." />
  <Value Id="48" Name="Available with advise through bank" Description="Available with the financial institution through which the advising bank is to advise the documentary credit." />
  <Value Id="49" Name="General conditions of sale" Description="Refer to general conditions of sale for payment condition information." />
  <Value Id="50" Name="Special payment" Description="Payment with special condition(s)." />
  <Value Id="61" Name="Set-off by exchange of documents" Description="Payment will be initiated by the exchange of documents." />
  <Value Id="62" Name="Set-off by reciprocal credits" Description="Payment will be initiated by the settling of reciprocal credits." />
  <Value Id="64" Name="Set-off by exchange of goods" Description="Payment will be initiated by the exchange of goods." />
  <Value Id="65" Name="Reverse factoring" Description="Condition of payment to suppliers in which a third party (for example, a bank) manages the payments that one company has to make to its suppliers." />
  <Value Id="69" Name="Other set-off" Description="Payment will be initiated by an action not otherwise stipulated." />
  <Value Id="70" Name="Supplier to invoice" Description="To identify in an order that the supplier is required to invoice for payment." />
  <Value Id="71" Name="Recipient to self bill" Description="To identify in an order that the receiver of the goods is expected to self bill." />
  <Value Id="ZZZ" Name="Mutually defined" Description="A code assigned within a code list to be used on an interim basis and as defined among trading partners until a precise code can be assigned to the code list." />
</Root>