<?xml version="1.0" encoding="utf-8"?>
<Root xmlns:xsi="http://www.w3.org/2001/XMLSchema-instance" xmlns:xsd="http://www.w3.org/2001/XMLSchema" Id="4447" Name="Free text format code" Description="Code specifying the format of free text." Count="an..3">
  <Value Id="1" Name="Centre" Description="The associated text is centred in the available space." />
  <Value Id="2" Name="Left" Description="The associated text item is aligned flush left in the available space." />
  <Value Id="3" Name="Right" Description="The associated text is aligned flush right in the available space." />
  <Value Id="4" Name="Justified" Description="The associated text is justified in the available space." />
  <Value Id="5" Name="Preceded by one blank line" Description="The text is to be preceded by one blank line." />
  <Value Id="6" Name="Preceded by two blank lines" Description="The text is to be preceded by two blank lines." />
  <Value Id="7" Name="Preceded by three blank lines" Description="The text is to be preceded by three blank lines." />
  <Value Id="8" Name="Continuation" Description="The text is a continuation of preceding text." />
  <Value Id="9" Name="New page" Description="The text is to begin on a new page." />
  <Value Id="10" Name="End text" Description="The text is the final section of the preceding text." />
  <Value Id="11" Name="New line" Description="The text is to begin a new line." />
</Root>