<?xml version="1.0" encoding="utf-8"?>
<Root xmlns:xsi="http://www.w3.org/2001/XMLSchema-instance" xmlns:xsd="http://www.w3.org/2001/XMLSchema" Id="4457" Name="Substitution condition code" Description="Code specifying the conditions under which substitution may take place." Count="an..3">
  <Value Id="1" Name="No substitution allowed" Description="Notice to supplier to fill order exactly as specified." />
  <Value Id="2" Name="Supply any binding if edition ordered not available" Description="Indicates that substitute bindings are acceptable if the edition of a book originally ordered is unavailable." />
  <Value Id="3" Name="Supply paper binding if edition ordered not available" Description="Indicates that a paper back edition of a book is acceptable if the edition ordered is unavailable." />
  <Value Id="4" Name="Supply cloth binding if edition ordered not available" Description="Indicates that the cloth bound edition of a book is acceptable if the edition ordered is unavailable." />
  <Value Id="5" Name="Supply library binding if edition ordered not available" Description="Indicates that a library binding of a book is acceptable if the edition ordered is unavailable." />
  <Value Id="6" Name="Equivalent item substitution" Description="Indicates that an item of the same value and performance may be substituted for the item specified." />
  <Value Id="7" Name="Alternate item substitution allowed" Description="Indicates that an item of equal or greater value and performance may be substituted for the item specified." />
  <Value Id="ZZZ" Name="Mutually defined" Description="A code reserved for special trading partner requirements when pre-defined codes do not exist." />
</Root>