<?xml version="1.0" encoding="utf-8"?>
<Root xmlns:xsi="http://www.w3.org/2001/XMLSchema-instance" xmlns:xsd="http://www.w3.org/2001/XMLSchema" Id="4451" Name="Text subject code qualifier" Description="Code qualifying the subject of the text." Count="an..3">
  <Value Id="AAA" Name="Goods item description" Description="[7002] Plain language description of the nature of a goods item sufficient to identify it for customs, statistical or transport purposes." />
  <Value Id="AAB" Name="Payment term" Description="[4276] Free form description of the conditions of payment between the parties to a transaction." />
  <Value Id="AAC" Name="Dangerous goods additional information" Description="[7488] Additional information concerning dangerous substances and/or article in a consignment." />
  <Value Id="AAD" Name="Dangerous goods technical name" Description="[7254] Proper shipping name, supplemented as necessary with the correct technical name, by which a dangerous substance or article may be correctly identified, or which is sufficiently informative to permit identification by reference to generally available literature." />
  <Value Id="AAE" Name="Acknowledgement description" Description="The content of an acknowledgement." />
  <Value Id="AAF" Name="Rate additional information" Description="Specific details applying to rates." />
  <Value Id="AAG" Name="Party instructions" Description="Indicates that the segment contains instructions to be passed on to the identified party." />
  <Value Id="AAI" Name="General information" Description="The text contains general information." />
  <Value Id="AAJ" Name="Additional conditions of sale/purchase" Description="Additional conditions specific to this order or project." />
  <Value Id="AAK" Name="Price conditions" Description="Information on the price conditions that are expected or given." />
  <Value Id="AAL" Name="Goods dimensions in characters" Description="Expression of a number in characters as length of ten meters." />
  <Value Id="AAM" Name="Equipment re-usage restrictions" Description="Technical or commercial reasons why a piece of equipment may not be re-used after the current transport terminates." />
  <Value Id="AAN" Name="Handling restriction" Description="Restrictions in handling depending on the technical characteristics of the piece of equipment or on the nature of the goods." />
  <Value Id="AAO" Name="Error description (free text)" Description="Error described by a free text." />
  <Value Id="AAP" Name="Response (free text)" Description="Free text of the response to a communication." />
  <Value Id="AAQ" Name="Package content's description" Description="A description of the contents of a package." />
  <Value Id="AAR" Name="Terms of delivery" Description="(4053) Free text of the non Incoterms terms of delivery. For Incoterms, use: 4053." />
  <Value Id="AAS" Name="Bill of lading remarks" Description="The remarks printed or to be printed on a bill of lading." />
  <Value Id="AAT" Name="Mode of settlement information" Description="Free text information on an IATA Air Waybill to indicate means by which account is to be settled." />
  <Value Id="AAU" Name="Consignment invoice information" Description="Information pertaining to the invoice covering the consignment." />
  <Value Id="AAV" Name="Clearance invoice information" Description="Information pertaining to the invoice covering clearance of the cargo." />
  <Value Id="AAW" Name="Letter of credit information" Description="Information pertaining to the letter of credit." />
  <Value Id="AAX" Name="License information" Description="Information pertaining to a license." />
  <Value Id="AAY" Name="Certification statements" Description="The text contains certification statements." />
  <Value Id="AAZ" Name="Additional export information" Description="The text contains additional export information." />
  <Value Id="ABA" Name="Tariff statements" Description="Description of parameters relating to a tariff." />
  <Value Id="ABB" Name="Medical history" Description="Historical details of a patients medical events." />
  <Value Id="ABC" Name="Conditions of sale or purchase" Description="(4490) Additional information regarding terms and conditions which apply to the transaction." />
  <Value Id="ABD" Name="Contract document type" Description="[4422] Textual representation of the type of contract." />
  <Value Id="ABE" Name="Additional terms and/or conditions (documentary credit)" Description="(4260) Additional terms and/or conditions to the documentary credit." />
  <Value Id="ABF" Name="Instructions or information about standby documentary credit" Description="Instruction or information about a standby documentary credit." />
  <Value Id="ABG" Name="Instructions or information about partial shipment(s)" Description="Instructions or information about partial shipment(s)." />
  <Value Id="ABH" Name="Instructions or information about transhipment(s)" Description="Instructions or information about transhipment(s)." />
  <Value Id="ABI" Name="Additional handling instructions documentary credit" Description="Additional handling instructions for a documentary credit." />
  <Value Id="ABJ" Name="Domestic routing information" Description="Information regarding the domestic routing." />
  <Value Id="ABK" Name="Chargeable category of equipment" Description="Equipment types are coded by category for financial purposes." />
  <Value Id="ABL" Name="Government information" Description="Information pertaining to government." />
  <Value Id="ABM" Name="Onward routing information" Description="The text contains onward routing information." />
  <Value Id="ABN" Name="Accounting information" Description="The text contains information related to accounting." />
  <Value Id="ABO" Name="Discrepancy information" Description="Free text or coded information to indicate a specific discrepancy." />
  <Value Id="ABP" Name="Confirmation instructions" Description="Documentary credit confirmation instructions." />
  <Value Id="ABQ" Name="Method of issuance" Description="Method of issuance of documentary credit." />
  <Value Id="ABR" Name="Documents delivery instructions" Description="Delivery instructions for documents required under a documentary credit." />
  <Value Id="ABS" Name="Additional conditions" Description="Additional conditions to the issuance of a documentary credit." />
  <Value Id="ABT" Name="Information/instructions about additional amounts covered" Description="Additional amounts information/instruction." />
  <Value Id="ABU" Name="Deferred payment termed additional" Description="Additional terms concerning deferred payment." />
  <Value Id="ABV" Name="Acceptance terms additional" Description="Additional terms concerning acceptance." />
  <Value Id="ABW" Name="Negotiation terms additional" Description="Additional terms concerning negotiation." />
  <Value Id="ABX" Name="Document name and documentary requirements" Description="Document name and documentary requirements." />
  <Value Id="ABZ" Name="Instructions/information about revolving documentary credit" Description="Instructions/information about a revolving documentary credit." />
  <Value Id="ACA" Name="Documentary requirements" Description="Specification of the documentary requirements." />
  <Value Id="ACB" Name="Additional information" Description="The text contains additional information." />
  <Value Id="ACC" Name="Factor assignment clause" Description="Assignment based on an agreement between seller and factor." />
  <Value Id="ACD" Name="Reason" Description="Reason for a request or response." />
  <Value Id="ACE" Name="Dispute" Description="A notice, usually from buyer to seller, that something was found wrong with goods delivered or the services rendered, or with the related invoice." />
  <Value Id="ACF" Name="Additional attribute information" Description="The text refers to information about an additional attribute not otherwise specified." />
  <Value Id="ACG" Name="Absence declaration" Description="A declaration on the reason of the absence." />
  <Value Id="ACH" Name="Aggregation statement" Description="A statement on the way a specific variable or set of variables has been aggregated." />
  <Value Id="ACI" Name="Compilation statement" Description="A statement on the compilation status of an array or other set of figures or calculations." />
  <Value Id="ACJ" Name="Definitional exception" Description="An exception to the agreed definition of a term, concept, formula or other object." />
  <Value Id="ACK" Name="Privacy statement" Description="A statement on the privacy or confidential nature of an object." />
  <Value Id="ACL" Name="Quality statement" Description="A statement on the quality of an object." />
  <Value Id="ACM" Name="Statistical description" Description="The description of a statistical object such as a value list, concept, or structure definition." />
  <Value Id="ACN" Name="Statistical definition" Description="The definition of a statistical object such as a value list, concept, or structure definition." />
  <Value Id="ACO" Name="Statistical name" Description="The name of a statistical object such as a value list, concept or structure definition." />
  <Value Id="ACP" Name="Statistical title" Description="The title of a statistical object such as a value list, concept, or structure definition." />
  <Value Id="ACQ" Name="Off-dimension information" Description="Information relating to differences between the actual transport dimensions and the normally applicable dimensions." />
  <Value Id="ACR" Name="Unexpected stops information" Description="Information relating to unexpected stops during a conveyance." />
  <Value Id="ACS" Name="Principles" Description="Text subject is principles section of the UN/EDIFACT rules for presentation of standardized message and directories documentation." />
  <Value Id="ACT" Name="Terms and definition" Description="Text subject is terms and definition section of the UN/EDIFACT rules for presentation of standardized message and directories documentation." />
  <Value Id="ACU" Name="Segment name" Description="Text subject is segment name." />
  <Value Id="ACV" Name="Simple data element name" Description="Text subject is name of simple data element." />
  <Value Id="ACW" Name="Scope" Description="Text subject is scope section of the UN/EDIFACT rules for presentation of standardized message and directories documentation." />
  <Value Id="ACX" Name="Message type name" Description="Text subject is name of message type." />
  <Value Id="ACY" Name="Introduction" Description="Text subject is introduction section of the UN/EDIFACT rules for presentation of standardized message and directories documentation." />
  <Value Id="ACZ" Name="Glossary" Description="Text subject is glossary section of the UN/EDIFACT rules for presentation of standardized message and directories documentation." />
  <Value Id="ADA" Name="Functional definition" Description="Text subject is functional definition section of the UN/EDIFACT rules for presentation of standardized message and directories documentation." />
  <Value Id="ADB" Name="Examples" Description="Text subject is examples as given in the example(s) section of the UN/EDIFACT rules for presentation of standardized message and directories documentation." />
  <Value Id="ADC" Name="Cover page" Description="Text subject is cover page of the UN/EDIFACT rules for presentation of standardized message and directories documentation." />
  <Value Id="ADD" Name="Dependency (syntax) notes" Description="Denotes that the associated text is a dependency (syntax) note." />
  <Value Id="ADE" Name="Code value name" Description="Text subject is name of code value." />
  <Value Id="ADF" Name="Code list name" Description="Text subject is name of code list." />
  <Value Id="ADG" Name="Clarification of usage" Description="Text subject is an explanation of the intended usage of a segment or segment group." />
  <Value Id="ADH" Name="Composite data element name" Description="Text subject is name of composite data element." />
  <Value Id="ADI" Name="Field of application" Description="Text subject is field of application of the UN/EDIFACT rules for presentation of standardized message and directories documentation." />
  <Value Id="ADJ" Name="Type of assets and liabilities" Description="Information describing the type of assets and liabilities." />
  <Value Id="ADK" Name="Promotion information" Description="The text contains information about a promotion." />
  <Value Id="ADL" Name="Meter condition" Description="Description of the condition of a meter." />
  <Value Id="ADM" Name="Meter reading information" Description="Information related to a particular reading of a meter." />
  <Value Id="ADN" Name="Type of transaction reason" Description="Information describing the type of the reason of transaction." />
  <Value Id="ADO" Name="Type of survey question" Description="Type of survey question." />
  <Value Id="ADP" Name="Carrier's agent counter information" Description="Information for use at the counter of the carrier's agent." />
  <Value Id="ADQ" Name="Description of work item on equipment" Description="Description or code for the operation to be executed on the equipment." />
  <Value Id="ADR" Name="Message definition" Description="Text subject is message definition." />
  <Value Id="ADS" Name="Booked item information" Description="Information pertaining to a booked item." />
  <Value Id="ADT" Name="Source of document" Description="Text subject is source of document." />
  <Value Id="ADU" Name="Note" Description="Text subject is note." />
  <Value Id="ADV" Name="Fixed part of segment clarification text" Description="Text subject is fixed part of segment clarification text." />
  <Value Id="ADW" Name="Characteristics of goods" Description="Description of the characteristic of goods in addition to the description of the goods." />
  <Value Id="ADX" Name="Additional discharge instructions" Description="Special discharge instructions concerning the goods." />
  <Value Id="ADY" Name="Container stripping instructions" Description="Instructions regarding the stripping of container(s)." />
  <Value Id="ADZ" Name="CSC (Container Safety Convention) plate information" Description="Information on the CSC (Container Safety Convention) plate that is attached to the container." />
  <Value Id="AEA" Name="Cargo remarks" Description="Additional remarks concerning the cargo." />
  <Value Id="AEB" Name="Temperature control instructions" Description="Instruction regarding the temperature control of the cargo." />
  <Value Id="AEC" Name="Text refers to expected data" Description="Remarks refer to data that was expected." />
  <Value Id="AED" Name="Text refers to received data" Description="Remarks refer to data that was received." />
  <Value Id="AEE" Name="Section clarification text" Description="Text subject is section clarification text." />
  <Value Id="AEF" Name="Information to the beneficiary" Description="Information given to the beneficiary." />
  <Value Id="AEG" Name="Information to the applicant" Description="Information given to the applicant." />
  <Value Id="AEH" Name="Instructions to the beneficiary" Description="Instructions made to the beneficiary." />
  <Value Id="AEI" Name="Instructions to the applicant" Description="Instructions given to the applicant." />
  <Value Id="AEJ" Name="Controlled atmosphere" Description="Information about the controlled atmosphere." />
  <Value Id="AEK" Name="Take off annotation" Description="Additional information in plain text to support a take off annotation. Taking off is the process of assessing the quantity work from extracting the measurement from construction documentation." />
  <Value Id="AEL" Name="Price variation narrative" Description="Additional information in plain language to support a price variation." />
  <Value Id="AEM" Name="Documentary credit amendment instructions" Description="Documentary credit amendment instructions." />
  <Value Id="AEN" Name="Standard method narrative" Description="Additional information in plain language to support a standard method." />
  <Value Id="AEO" Name="Project narrative" Description="Additional information in plain language to support the project." />
  <Value Id="AEP" Name="Radioactive goods, additional information" Description="Additional information related to radioactive goods." />
  <Value Id="AEQ" Name="Bank-to-bank information" Description="Information given from one bank to another." />
  <Value Id="AER" Name="Reimbursement instructions" Description="Instructions given for reimbursement purposes." />
  <Value Id="AES" Name="Reason for amending a message" Description="Identification of the reason for amending a message." />
  <Value Id="AET" Name="Instructions to the paying and/or accepting and/or negotiating bank" Description="Instructions to the paying and/or accepting and/or negotiating bank." />
  <Value Id="AEU" Name="Interest instructions" Description="Instructions given about the interest." />
  <Value Id="AEV" Name="Agent commission" Description="Instructions about agent commission." />
  <Value Id="AEW" Name="Remitting bank instructions" Description="Instructions to the remitting bank." />
  <Value Id="AEX" Name="Instructions to the collecting bank" Description="Instructions to the bank, other than the remitting bank, involved in processing the collection." />
  <Value Id="AEY" Name="Collection amount instructions" Description="Instructions about the collection amount." />
  <Value Id="AEZ" Name="Internal auditing information" Description="Text relating to internal auditing information." />
  <Value Id="AFA" Name="Constraint" Description="Denotes that the associated text is a constraint." />
  <Value Id="AFB" Name="Comment" Description="Denotes that the associated text is a comment." />
  <Value Id="AFC" Name="Semantic note" Description="Denotes that the associated text is a semantic note." />
  <Value Id="AFD" Name="Help text" Description="Denotes that the associated text is an item of help text." />
  <Value Id="AFE" Name="Legend" Description="Denotes that the associated text is a legend." />
  <Value Id="AFF" Name="Batch code structure" Description="A description of the structure of a batch code." />
  <Value Id="AFG" Name="Product application" Description="A general description of the application of a product." />
  <Value Id="AFH" Name="Customer complaint" Description="Complaint of customer." />
  <Value Id="AFI" Name="Probable cause of fault" Description="The probable cause of fault." />
  <Value Id="AFJ" Name="Defect description" Description="Description of the defect." />
  <Value Id="AFK" Name="Repair description" Description="The description of the work performed during the repair." />
  <Value Id="AFL" Name="Review comments" Description="Comments relevant to a review." />
  <Value Id="AFM" Name="Title" Description="Denotes that the associated text is a title." />
  <Value Id="AFN" Name="Description of amount" Description="An amount description in clear text." />
  <Value Id="AFO" Name="Responsibilities" Description="Information describing the responsibilities." />
  <Value Id="AFP" Name="Supplier" Description="Information concerning suppliers." />
  <Value Id="AFQ" Name="Purchase region" Description="Information concerning the region(s) where purchases are made." />
  <Value Id="AFR" Name="Affiliation" Description="Information concerning an association of one party with another party(ies)." />
  <Value Id="AFS" Name="Borrower" Description="Information concerning the borrower." />
  <Value Id="AFT" Name="Line of business" Description="Information concerning an entity's line of business." />
  <Value Id="AFU" Name="Financial institution" Description="Description of financial institution(s) used by an entity." />
  <Value Id="AFV" Name="Business founder" Description="Information about the business founder." />
  <Value Id="AFW" Name="Business history" Description="Description of the business history." />
  <Value Id="AFX" Name="Banking arrangements" Description="Information concerning the general banking arrangements." />
  <Value Id="AFY" Name="Business origin" Description="Description of the business origin." />
  <Value Id="AFZ" Name="Brand names' description" Description="Description of the entity's brands." />
  <Value Id="AGA" Name="Business financing details" Description="Details about the financing of the business." />
  <Value Id="AGB" Name="Competition" Description="Information concerning an entity's competition." />
  <Value Id="AGC" Name="Construction process details" Description="Details about the construction process." />
  <Value Id="AGD" Name="Construction specialty" Description="Information concerning the line of business of a construction entity." />
  <Value Id="AGE" Name="Contract information" Description="Details about contract(s)." />
  <Value Id="AGF" Name="Corporate filing" Description="Details about a corporate filing." />
  <Value Id="AGG" Name="Customer information" Description="Description of customers." />
  <Value Id="AGH" Name="Copyright notice" Description="Information concerning the copyright notice." />
  <Value Id="AGI" Name="Contingent debt" Description="Details about the contingent debt." />
  <Value Id="AGJ" Name="Conviction details" Description="Details about the law or penal codes that resulted in conviction." />
  <Value Id="AGK" Name="Equipment" Description="Description of equipment." />
  <Value Id="AGL" Name="Workforce description" Description="Comments about the workforce." />
  <Value Id="AGM" Name="Exemption" Description="Description about exemptions." />
  <Value Id="AGN" Name="Future plans" Description="Information on future plans." />
  <Value Id="AGO" Name="Interviewee conversation information" Description="Information concerning the interviewee conversation." />
  <Value Id="AGP" Name="Intangible asset" Description="Description of intangible asset(s)." />
  <Value Id="AGQ" Name="Inventory" Description="Description of the inventory." />
  <Value Id="AGR" Name="Investment" Description="Description of the investments." />
  <Value Id="AGS" Name="Intercompany relations information" Description="Description of the intercompany relations." />
  <Value Id="AGT" Name="Joint venture" Description="Description of the joint venture." />
  <Value Id="AGU" Name="Loan" Description="Description of a loan." />
  <Value Id="AGV" Name="Long term debt" Description="Description of the long term debt." />
  <Value Id="AGW" Name="Location" Description="Description of a location." />
  <Value Id="AGX" Name="Current legal structure" Description="Details on the current legal structure." />
  <Value Id="AGY" Name="Marital contract" Description="Details on a marital contract." />
  <Value Id="AGZ" Name="Marketing activities" Description="Information concerning marketing activities." />
  <Value Id="AHA" Name="Merger" Description="Description of a merger." />
  <Value Id="AHB" Name="Marketable securities" Description="Description of the marketable securities." />
  <Value Id="AHC" Name="Business debt" Description="Description of the business debt(s)." />
  <Value Id="AHD" Name="Original legal structure" Description="Information concerning the original legal structure." />
  <Value Id="AHE" Name="Employee sharing arrangements" Description="Information describing how a company uses employees from another company." />
  <Value Id="AHF" Name="Organization details" Description="Description about the organization of a company." />
  <Value Id="AHG" Name="Public record details" Description="Information concerning public records." />
  <Value Id="AHH" Name="Price range" Description="Information concerning the price range of products made or sold." />
  <Value Id="AHI" Name="Qualifications" Description="Information on the accomplishments fitting a party for a position." />
  <Value Id="AHJ" Name="Registered activity" Description="Information concerning the registered activity." />
  <Value Id="AHK" Name="Criminal sentence" Description="Description of the sentence imposed in a criminal proceeding." />
  <Value Id="AHL" Name="Sales method" Description="Description of the selling means." />
  <Value Id="AHM" Name="Educational institution information" Description="Free form description relating to the school(s) attended." />
  <Value Id="AHN" Name="Status details" Description="Describes the status details." />
  <Value Id="AHO" Name="Sales" Description="Description of the sales." />
  <Value Id="AHP" Name="Spouse information" Description="Information about the spouse." />
  <Value Id="AHQ" Name="Educational degree information" Description="Details about the educational degree received from a school." />
  <Value Id="AHR" Name="Shareholding information" Description="General description of shareholding." />
  <Value Id="AHS" Name="Sales territory" Description="Information on the sales territory." />
  <Value Id="AHT" Name="Accountant's comments" Description="Comments made by an accountant regarding a financial statement." />
  <Value Id="AHU" Name="Exemption law location" Description="Description of the exemption provided to a location by a law." />
  <Value Id="AHV" Name="Share classifications" Description="Information about the classes or categories of shares." />
  <Value Id="AHW" Name="Forecast" Description="Description of a prediction." />
  <Value Id="AHX" Name="Event location" Description="Description of the location of an event." />
  <Value Id="AHY" Name="Facility occupancy" Description="Information related to occupancy of a facility." />
  <Value Id="AHZ" Name="Import and export details" Description="Specific information provided about the importation and exportation of goods." />
  <Value Id="AIA" Name="Additional facility information" Description="Additional information about a facility." />
  <Value Id="AIB" Name="Inventory value" Description="Description of the value of inventory." />
  <Value Id="AIC" Name="Education" Description="Description of the education of a person." />
  <Value Id="AID" Name="Event" Description="Description of a thing that happens or takes place." />
  <Value Id="AIE" Name="Agent" Description="Information about agents the entity uses." />
  <Value Id="AIF" Name="Domestically agreed financial statement details" Description="Details of domestically agreed financial statement." />
  <Value Id="AIG" Name="Other current asset description" Description="Description of other current asset." />
  <Value Id="AIH" Name="Other current liability description" Description="Description of other current liability." />
  <Value Id="AII" Name="Former business activity" Description="Description of the former line of business." />
  <Value Id="AIJ" Name="Trade name use" Description="Description of how a trading name is used." />
  <Value Id="AIK" Name="Signing authority" Description="Description of the authorized signatory." />
  <Value Id="AIL" Name="Guarantee" Description="Description of guarantee." />
  <Value Id="AIM" Name="Holding company operation" Description="Description of the operation of a holding company." />
  <Value Id="AIN" Name="Consignment routing" Description="Information on routing of the consignment." />
  <Value Id="AIO" Name="Letter of protest" Description="A letter citing any condition in dispute." />
  <Value Id="AIP" Name="Question" Description="A free text question." />
  <Value Id="AIQ" Name="Party information" Description="Free text information related to a party." />
  <Value Id="AIR" Name="Area boundaries description" Description="Description of the boundaries of a geographical area." />
  <Value Id="AIS" Name="Advertisement information" Description="The free text contains advertisement information." />
  <Value Id="AIT" Name="Financial statement details" Description="Details regarding the financial statement in free text." />
  <Value Id="AIU" Name="Access instructions" Description="Description of how to access an entity." />
  <Value Id="AIV" Name="Liquidity" Description="Description of an entity's liquidity." />
  <Value Id="AIW" Name="Credit line" Description="Description of the line of credit available to an entity." />
  <Value Id="AIX" Name="Warranty terms" Description="Text describing the terms of warranty which apply to a product or service." />
  <Value Id="AIY" Name="Division description" Description="Plain language description of a division of an entity." />
  <Value Id="AIZ" Name="Reporting instruction" Description="Instruction on how to report." />
  <Value Id="AJA" Name="Examination result" Description="The result of an examination." />
  <Value Id="AJB" Name="Laboratory result" Description="The result of a laboratory investigation." />
  <Value Id="ALC" Name="Allowance/charge information" Description="Information referring to allowance/charge." />
  <Value Id="ALD" Name="X-ray result" Description="The result of an X-ray examination." />
  <Value Id="ALE" Name="Pathology result" Description="The result of a pathology investigation." />
  <Value Id="ALF" Name="Intervention description" Description="Details of an intervention." />
  <Value Id="ALG" Name="Summary of admittance" Description="Summary description of admittance." />
  <Value Id="ALH" Name="Medical treatment course detail" Description="Details of a course of medical treatment." />
  <Value Id="ALI" Name="Prognosis" Description="Details of a prognosis." />
  <Value Id="ALJ" Name="Instruction to patient" Description="Instruction given to a patient." />
  <Value Id="ALK" Name="Instruction to physician" Description="Instruction given to a physician." />
  <Value Id="ALL" Name="All documents" Description="The note implies to all documents." />
  <Value Id="ALM" Name="Medicine treatment" Description="Details of medicine treatment." />
  <Value Id="ALN" Name="Medicine dosage and administration" Description="Details of medicine dosage and method of administration." />
  <Value Id="ALO" Name="Availability of patient" Description="Details of when and/or where the patient is available." />
  <Value Id="ALP" Name="Reason for service request" Description="Details of the reason for a requested service." />
  <Value Id="ALQ" Name="Purpose of service" Description="Details of the purpose of a service." />
  <Value Id="ARR" Name="Arrival conditions" Description="Conditions under which arrival takes place." />
  <Value Id="ARS" Name="Service requester's comment" Description="Comment by the requester of a service." />
  <Value Id="AUT" Name="Authentication" Description="Name, code, password etc. given for authentication purposes." />
  <Value Id="AUU" Name="Requested location description" Description="The description of the location requested." />
  <Value Id="AUV" Name="Medicine administration condition" Description="The event or condition that initiates the administration of a single dose of medicine or a period of treatment." />
  <Value Id="AUW" Name="Patient information" Description="Information concerning a patient." />
  <Value Id="AUX" Name="Precautionary measure" Description="Action to be taken to avert possible harmful affects." />
  <Value Id="AUY" Name="Service characteristic" Description="Free text description is related to a service characteristic." />
  <Value Id="AUZ" Name="Planned event comment" Description="Comment about an event that is planned." />
  <Value Id="AVA" Name="Expected delay comment" Description="Comment about the expected delay." />
  <Value Id="AVB" Name="Transport requirements comment" Description="Comment about the requirements for transport." />
  <Value Id="AVC" Name="Temporary approval condition" Description="The condition under which the approval is considered." />
  <Value Id="AVD" Name="Customs Valuation Information" Description="Information provided in this category will be used by the trader to make certain declarations in relation to Customs Valuation." />
  <Value Id="BAG" Name="Passenger baggage information" Description="Information related to baggage tendered by a passenger, such as odd size indication, tag." />
  <Value Id="BLC" Name="Transport contract document clause" Description="[4180] Clause on a transport document regarding the cargo being consigned. Synonym: Bill of Lading clause." />
  <Value Id="BLD" Name="Instruction to prepare the patient" Description="Instruction with the purpose of preparing the patient." />
  <Value Id="BLE" Name="Medicine treatment comment" Description="Comment about treatment with medicine." />
  <Value Id="BLF" Name="Examination result comment" Description="Comment about the result of an examination." />
  <Value Id="BLG" Name="Service request comment" Description="Comment about the requested service." />
  <Value Id="BLH" Name="Prescription reason" Description="Details of the reason for a prescription." />
  <Value Id="BLI" Name="Prescription comment" Description="Comment concerning a specified prescription." />
  <Value Id="BLJ" Name="Clinical investigation comment" Description="Comment concerning a clinical investigation." />
  <Value Id="BLK" Name="Medicinal specification comment" Description="Comment concerning the specification of a medicinal product." />
  <Value Id="BLL" Name="Economic contribution comment" Description="Comment concerning economic contribution." />
  <Value Id="BLM" Name="Status of a plan" Description="Comment about the status of a plan." />
  <Value Id="BLN" Name="Random sample test information" Description="Information regarding a random sample test." />
  <Value Id="BLO" Name="Period of time" Description="Text subject is a period of time." />
  <Value Id="BLP" Name="Legislation" Description="Information about legislation." />
  <Value Id="BLQ" Name="Security measures requested" Description="Text describing security measures that are requested to be executed (e.g. access controls, supervision of ship's stores)." />
  <Value Id="BLR" Name="Transport contract document remark" Description="[4244] Remarks concerning the complete consignment to be printed on the transport document. Synonym: Bill of Lading remark." />
  <Value Id="BLS" Name="Previous port of call security information" Description="Text describing the security information as applicable at the port facility in the previous port where a ship/port interface was conducted." />
  <Value Id="BLT" Name="Security information" Description="Text describing security related information (e.g security measures currently in force on a vessel)." />
  <Value Id="BLU" Name="Waste information" Description="Text describing waste related information." />
  <Value Id="BLV" Name="B2C marketing information, short description" Description="Consumer marketing information, short description." />
  <Value Id="BLW" Name="B2B marketing information, long description" Description="Trading partner marketing information, long description." />
  <Value Id="BLX" Name="B2C marketing information, long description" Description="Consumer marketing information, long description." />
  <Value Id="BLY" Name="Product ingredients" Description="Information on the ingredient make up of the product." />
  <Value Id="BLZ" Name="Location short name" Description="Short name of a location e.g. for display or printing purposes." />
  <Value Id="BMA" Name="Packaging material information" Description="The text contains a description of the material used for packaging." />
  <Value Id="BMB" Name="Filler material information" Description="Text contains information on the material used for stuffing." />
  <Value Id="BMC" Name="Ship-to-ship activity information" Description="Text contains information on ship-to-ship activities." />
  <Value Id="BMD" Name="Package material description" Description="A description of the type of material for packaging beyond the level covered by standards such as UN Recommendation 21." />
  <Value Id="BME" Name="Consumer level package marking" Description="Textual representation of the markings on a consumer level package." />
  <Value Id="CCI" Name="Customs clearance instructions" Description="Any coded or clear instruction agreed by customer and carrier regarding the declaration of the goods." />
  <Value Id="CEX" Name="Customs clearance instructions export" Description="Any coded or clear instruction agreed by customer and carrier regarding the export declaration of the goods." />
  <Value Id="CHG" Name="Change information" Description="Note contains change information." />
  <Value Id="CIP" Name="Customs clearance instruction import" Description="Any coded or clear instruction agreed by customer and carrier regarding the import declaration of the goods." />
  <Value Id="CLP" Name="Clearance place requested" Description="Name of the place where Customs clearance is asked to be executed as requested by the consignee/consignor." />
  <Value Id="CLR" Name="Loading remarks" Description="Instructions concerning the loading of the container." />
  <Value Id="COI" Name="Order information" Description="Additional information related to an order." />
  <Value Id="CUR" Name="Customer remarks" Description="Remarks from or for a supplier of goods or services." />
  <Value Id="CUS" Name="Customs declaration information" Description="Note contains customs declaration information." />
  <Value Id="DAR" Name="Damage remarks" Description="Remarks concerning damage on the cargo." />
  <Value Id="DCL" Name="Document issuer declaration" Description="[4020] Text of a declaration made by the issuer of a document." />
  <Value Id="DEL" Name="Delivery information" Description="Information about delivery." />
  <Value Id="DIN" Name="Delivery instructions" Description="Instructions regarding the delivery of the cargo." />
  <Value Id="DOC" Name="Documentation instructions" Description="Instructions pertaining to the documentation." />
  <Value Id="DUT" Name="Duty declaration" Description="The text contains a statement constituting a duty declaration." />
  <Value Id="EUR" Name="Effective used routing" Description="Physical route effectively used for the movement of the means of transport." />
  <Value Id="FBC" Name="First block to be printed on the transport contract" Description="The first block of text to be printed on the transport contract." />
  <Value Id="GBL" Name="Government bill of lading information" Description="Free text information on a transport document to indicate payment information by Government Bill of Lading." />
  <Value Id="GEN" Name="Entire transaction set" Description="Note is general in nature, applies to entire transaction segment." />
  <Value Id="GS7" Name="Further information concerning GGVS par. 7" Description="Special permission for road transport of certain goods in the German dangerous goods regulation for road transport." />
  <Value Id="HAN" Name="Consignment handling instruction" Description="[4078] Free form description of a set of handling instructions. For example how specified goods, packages or transport equipment (container) should be handled." />
  <Value Id="HAZ" Name="Hazard information" Description="Information pertaining to a hazard." />
  <Value Id="ICN" Name="Consignment information for consignee" Description="[4070] Any remarks given for the information of the consignee." />
  <Value Id="IIN" Name="Insurance instructions" Description="Instructions regarding the cargo insurance." />
  <Value Id="IMI" Name="Invoice mailing instructions" Description="Instructions as to which freight and charges components have to be mailed to whom." />
  <Value Id="IND" Name="Commercial invoice item description" Description="Free text describing goods on a commercial invoice line." />
  <Value Id="INS" Name="Insurance information" Description="Specific note contains insurance information." />
  <Value Id="INV" Name="Invoice instruction" Description="Note contains invoice instructions." />
  <Value Id="IRP" Name="Information for railway purpose" Description="Data entered by railway stations when required, e.g. specified trains, additional sheets for freight calculations, special measures, etc." />
  <Value Id="ITR" Name="Inland transport details" Description="Information concerning the pre-carriage to the port of discharge if by other means than a vessel." />
  <Value Id="ITS" Name="Testing instructions" Description="Instructions regarding the testing that is required to be carried out on the items in the transaction." />
  <Value Id="LAN" Name="Location Alias" Description="Alternative name for a location." />
  <Value Id="LIN" Name="Line item" Description="Note contains line item information." />
  <Value Id="LOI" Name="Loading instruction" Description="Instructions where specified packages or containers are to be loaded on a means of transport." />
  <Value Id="MCO" Name="Miscellaneous charge order" Description="Free text accounting information on an IATA Air Waybill to indicate payment information by Miscellaneous charge order." />
  <Value Id="MKS" Name="Additional marks/numbers information" Description="Additional information regarding the marks and numbers." />
  <Value Id="ORI" Name="Order instruction" Description="Free text contains order instructions." />
  <Value Id="OSI" Name="Other service information" Description="General information created by the sender of general or specific value." />
  <Value Id="PAC" Name="Packing/marking information" Description="Information regarding the packaging and/or marking of goods." />
  <Value Id="PAI" Name="Payment instructions information" Description="The free text contains payment instructions information relevant to the message." />
  <Value Id="PAY" Name="Payables information" Description="Note contains payables information." />
  <Value Id="PKG" Name="Packaging information" Description="Note contains packaging information." />
  <Value Id="PKT" Name="Packaging terms information" Description="The text contains packaging terms information." />
  <Value Id="PMD" Name="Payment detail/remittance information" Description="The free text contains payment details." />
  <Value Id="PMT" Name="Payment information" Description="Note contains payments information." />
  <Value Id="PRD" Name="Product information" Description="The text contains product information." />
  <Value Id="PRF" Name="Price calculation formula" Description="Additional information regarding the price formula used for calculating the item price." />
  <Value Id="PRI" Name="Priority information" Description="Note contains priority information." />
  <Value Id="PUR" Name="Purchasing information" Description="Note contains purchasing information." />
  <Value Id="QIN" Name="Quarantine instructions" Description="Instructions regarding quarantine, i.e. the period during which an arriving vessel, including its equipment, cargo, crew or passengers, suspected to carry or carrying a contagious disease is detained in strict isolation to prevent the spread of such a disease." />
  <Value Id="QQD" Name="Quality demands/requirements" Description="Specification of the quality/performance expectations or standards to which the items must conform." />
  <Value Id="QUT" Name="Quotation instruction/information" Description="Note contains quotation information." />
  <Value Id="RAH" Name="Risk and handling information" Description="Information concerning risks induced by the goods and/or handling instruction." />
  <Value Id="REG" Name="Regulatory information" Description="The free text contains information for regulatory authority." />
  <Value Id="RET" Name="Return to origin information" Description="Free text information on an IATA Air Waybill to indicate consignment returned because of non delivery." />
  <Value Id="REV" Name="Receivables" Description="The text contains receivables information." />
  <Value Id="RQR" Name="Consignment route" Description="[3050] Description of a route to be used for the transport of goods." />
  <Value Id="SAF" Name="Safety information" Description="The text contains safety information." />
  <Value Id="SIC" Name="Consignment documentary instruction" Description="[4284] Instructions given and declarations made by the sender to the carrier concerning Customs, insurance, and other formalities." />
  <Value Id="SIN" Name="Special instructions" Description="Special instructions like licence no, high value, handle with care, glass." />
  <Value Id="SLR" Name="Ship line requested" Description="Shipping line requested to be used for traffic between European continent and U.K. for Ireland." />
  <Value Id="SPA" Name="Special permission for transport, generally" Description="Statement that a special permission has been obtained for the transport (and/or routing) in general, and reference to such permission." />
  <Value Id="SPG" Name="Special permission concerning the goods to be transported" Description="Statement that a special permission has been obtained for the transport (and/or routing) of the goods specified, and reference to such permission." />
  <Value Id="SPH" Name="Special handling" Description="Note contains special handling information." />
  <Value Id="SPP" Name="Special permission concerning package" Description="Statement that a special permission has been obtained for the packaging, and reference to such permission." />
  <Value Id="SPT" Name="Special permission concerning transport means" Description="Statement that a special permission has been obtained for the use of the means transport, and reference to such permission." />
  <Value Id="SRN" Name="Subsidiary risk number (IATA/DGR)" Description="Number(s) of subsidiary risks, induced by the goods, according to the valid classification." />
  <Value Id="SSR" Name="Special service request" Description="Request for a special service concerning the transport of the goods." />
  <Value Id="SUR" Name="Supplier remarks" Description="Remarks from or for a supplier of goods or services." />
  <Value Id="TCA" Name="Consignment tariff" Description="[5430] Free text specification of tariff applied to a consignment." />
  <Value Id="TDT" Name="Consignment transport" Description="[8012] Transport information for commercial purposes (generic term)." />
  <Value Id="TRA" Name="Transportation information" Description="General information regarding the transport of the cargo." />
  <Value Id="TRR" Name="Requested tariff" Description="Stipulation of the tariffs to be applied showing, where applicable, special agreement numbers or references." />
  <Value Id="TXD" Name="Tax declaration" Description="The text contains a statement constituting a tax declaration." />
  <Value Id="WHI" Name="Warehouse instruction/information" Description="Note contains warehouse information." />
  <Value Id="ZZZ" Name="Mutually defined" Description="Note contains information mutually defined by trading partners." />
</Root>