<?xml version="1.0" encoding="utf-8"?>
<Root xmlns:xsi="http://www.w3.org/2001/XMLSchema-instance" xmlns:xsd="http://www.w3.org/2001/XMLSchema" Id="4465" Name="Adjustment reason description code" Description="Code specifying the adjustment reason." Count="an..3">
  <Value Id="1" Name="Agreed settlement" Description="An adjustment made based on an agreement between partners." />
  <Value Id="2" Name="Below specification goods" Description="Goods of inferior quality." />
  <Value Id="3" Name="Damaged goods" Description="An adjustment due to the damage of goods." />
  <Value Id="4" Name="Short delivery" Description="An adjustment made because the delivered quantity was less than expected." />
  <Value Id="5" Name="Price query" Description="An adjustment due to a price query." />
  <Value Id="6" Name="Proof of delivery required" Description="The buyer requires that proof of delivery be made before payment." />
  <Value Id="7" Name="Payment on account" Description="Buyer is to make payment later." />
  <Value Id="8" Name="Returnable container charge included" Description="Adjustment made to deduct the returnable container charge." />
  <Value Id="9" Name="Invoice error" Description="Invoice not in accordance with the order." />
  <Value Id="10" Name="Costs for draft" Description="Cost of draft has been deducted from payment." />
  <Value Id="11" Name="Bank charges" Description="Bank charges have been deducted from payment." />
  <Value Id="12" Name="Agent commission" Description="Agent commission has been deducted from payment." />
  <Value Id="13" Name="Counter claim" Description="Buyer claims an existing (financial) obligation from seller which (partly) offsets the outstanding invoice(s)." />
  <Value Id="14" Name="Wrong delivery" Description="Delivery not according to specifications." />
  <Value Id="15" Name="Goods returned to agent" Description="Goods returned to agent." />
  <Value Id="16" Name="Goods partly returned" Description="Goods partly returned." />
  <Value Id="17" Name="Transport damage" Description="Goods damaged in transit." />
  <Value Id="18" Name="Goods on consignment" Description="Buyer does not accept invoice(s) charge as it relates to goods where the ownership remains with the seller until sold." />
  <Value Id="19" Name="Trade discount" Description="Trade discount deducted from payment." />
  <Value Id="20" Name="Deduction for late delivery" Description="Penalty amount deducted for later delivery." />
  <Value Id="21" Name="Advertising costs" Description="Advertising costs deducted from payment." />
  <Value Id="22" Name="Customs duties" Description="Customs duties deducted from payment." />
  <Value Id="23" Name="Telephone and postal costs" Description="Telephone and postal costs deducted from payment." />
  <Value Id="24" Name="Repair costs" Description="Repair costs deducted from payment." />
  <Value Id="25" Name="Attorney fees" Description="Attorney fees deducted from payment." />
  <Value Id="26" Name="Taxes" Description="Taxes deducted from payment." />
  <Value Id="27" Name="Reclaimed deduction" Description="Buyer reclaims an unspecified deduction from the invoice(s) (to be) paid." />
  <Value Id="28" Name="See separate advice" Description="Buyer or seller refers to separate correspondence about a related shipment(s) and/or invoice(s) and/or a payment(s)." />
  <Value Id="29" Name="Buyer refused to take delivery" Description="Buyer refused to take delivery." />
  <Value Id="30" Name="Direct payment to seller" Description="Buyer states to have paid to seller." />
  <Value Id="31" Name="Buyer disagrees with due date" Description="Buyer disagrees with due date." />
  <Value Id="32" Name="Goods not delivered" Description="Buyer has not received the goods." />
  <Value Id="33" Name="Late delivery" Description="Goods delivered too late." />
  <Value Id="34" Name="Quoted as paid to you" Description="Factor informs the seller that a certain invoice(s) was paid by the buyer directly to the seller." />
  <Value Id="35" Name="Goods returned" Description="Buyer returned the goods to seller." />
  <Value Id="36" Name="Invoice not received" Description="Buyer claims he did not receive the invoice for which payment is requested." />
  <Value Id="37" Name="Credit note to debtor/not to us" Description="Factor informs the seller that he did not receive copy of a credit note sent to the buyer." />
  <Value Id="38" Name="Deducted bonus" Description="Buyer has/will deduct a bonus he is entitled to from the payment." />
  <Value Id="39" Name="Deducted discount" Description="Buyer has/will deduct the discount he is entitled to from the payment." />
  <Value Id="40" Name="Deducted freight costs" Description="Buyer has/will deduct freight costs from the payment." />
  <Value Id="41" Name="Deduction against other invoices" Description="Deduction against invoices already settled." />
  <Value Id="42" Name="Credit balance(s)" Description="Buyer makes use of existing credit balance(s) to offset (partly) the outstanding invoice(s)." />
  <Value Id="43" Name="Reason unknown" Description="Factor informs the seller that the reason of a commercial dispute raised by the buyer is unknown." />
  <Value Id="44" Name="Awaiting message from seller" Description="Buyer or factor are waiting for a (reply) message from the seller before a commercial dispute can be settled." />
  <Value Id="45" Name="Debit note to seller" Description="Buyer issued debit note to seller." />
  <Value Id="46" Name="Discount beyond terms" Description="Buyer has taken a discount larger than the discount terms agreed with the seller." />
  <Value Id="47" Name="See buyer's letter" Description="See correspondence from buyer." />
  <Value Id="48" Name="Allowance/charge error" Description="Error made by seller in the amount of allowance/charge." />
  <Value Id="49" Name="Substitute product" Description="Product delivered not fully according to specification." />
  <Value Id="50" Name="Terms of sale error" Description="Terms of sale not according to purchase order." />
  <Value Id="51" Name="Required data missing" Description="A message sent by buyer to seller or by seller to buyer did not contain data required to take action/decision." />
  <Value Id="52" Name="Wrong invoice" Description="Invoice issued to wrong party." />
  <Value Id="53" Name="Duplicate invoice" Description="Invoice sent twice." />
  <Value Id="54" Name="Weight error" Description="Weight not in accordance with the order." />
  <Value Id="55" Name="Additional charge not authorized" Description="Additional charge not authorised." />
  <Value Id="56" Name="Incorrect discount" Description="Buyer states that calculated discount on the invoice(s) is wrongly calculated." />
  <Value Id="57" Name="Price change" Description="Price has been changed." />
  <Value Id="58" Name="Variation" Description="The adjustment is a variation from an agreed value." />
  <Value Id="59" Name="Chargeback" Description="Balance of one or more items charged back to seller." />
  <Value Id="60" Name="Offset" Description="Allocation of one or more debit items to one or more credit items or vice-versa." />
  <Value Id="61" Name="Indirect payment" Description="Payment in settlement of an invoice has been made to a party other than the designated creditor." />
  <Value Id="62" Name="Financial reassignment" Description="Previously assigned invoice/credit note is being reassigned." />
  <Value Id="63" Name="Reinstatement of chargeback/offset" Description="Reversal or cancellation of a chargeback and/or offset relating to an incorrect balance." />
  <Value Id="64" Name="Expecting new terms" Description="Buyer expects that seller revises the terms of payment of an invoice." />
  <Value Id="65" Name="Settlement to agent" Description="Invoice has been/to be paid to seller's agent." />
  <Value Id="66" Name="Cash discount" Description="An adjustment has been made due to the application of a cash discount." />
  <Value Id="67" Name="Delcredere costs" Description="Costs deducted from a total amount to pay for the services of central payment." />
  <Value Id="68" Name="Early payment allowance adjustment" Description="Adjustment results from the application of an early payment allowance." />
  <Value Id="69" Name="Incorrect due date for monetary amount" Description="Adjustment has been made because an incorrect due date was referred to with regard to the monetary amount." />
  <Value Id="70" Name="Wrong monetary amount resulting from incorrect free goods quantity" Description="Adjustment has been made because of a wrong monetary amount resulting from an incorrect free goods quantity." />
  <Value Id="71" Name="Rack or shelf replenishment service by a supplier" Description="Adjustment due to the replenishment of the racks or shelves by a supplier." />
  <Value Id="72" Name="Temporary special promotion" Description="Adjustment due to a temporary special promotion." />
  <Value Id="73" Name="Difference in tax rate" Description="Adjustment due to a difference in tax rate." />
  <Value Id="74" Name="Quantity discount" Description="Adjustment due to a quantity discount." />
  <Value Id="75" Name="Promotion discount" Description="Adjustment due to a promotion discount." />
  <Value Id="76" Name="Cancellation deadline passed" Description="The cancellation has occurred after the deadline." />
  <Value Id="77" Name="Pricing discount" Description="An adjustment has been made due to the application of a pricing discount." />
  <Value Id="78" Name="Volume discount" Description="Discount for reaching or exceeding an agreed accumulated volume." />
  <Value Id="79" Name="Sundry discount" Description="Adjustment has been made due to the application of a sundry discount." />
  <Value Id="80" Name="Card holder signature missing" Description="The adjustment was made due to the card holder not signing the filing document." />
  <Value Id="81" Name="Card expiry date missing" Description="The adjustment was made due to the card acceptor not specifying the expiry date within the filing document." />
  <Value Id="82" Name="Card number error" Description="The adjustment was made due to the card acceptor specifying an erroneous card number within the filing document." />
  <Value Id="83" Name="Card expired" Description="The adjustment was made due to the card acceptor specifying an expired expiry date within the filing document or electronic data." />
  <Value Id="84" Name="Test card transaction" Description="The adjustment was made due to a test card transaction, used for installing, maintaining or debugging purposes." />
  <Value Id="85" Name="Permission limit exceeded" Description="The adjustment was made due to the permission limit defined by card issuer or card company was exceeded without prior authorisation. Synonym: Floor limit." />
  <Value Id="86" Name="Wrong authorisation code" Description="The adjustment was made due to the authorisation code provided did not fit to the specified transaction." />
  <Value Id="87" Name="Wrong authorised amount" Description="The adjustment was made due to the specified amount not meeting the authorised amount for the transaction." />
  <Value Id="88" Name="Authorisation failed" Description="The adjustment was made due to the authorisation needed had failed." />
  <Value Id="89" Name="Card acceptor data error" Description="The adjustment was made due to the data regarding the card acceptor is erroneous." />
  <Value Id="90" Name="Treasury management service charge" Description="Charge for the service of treasury management." />
  <Value Id="91" Name="Agreed discount" Description="The reason for the adjustment is that a mutually agreed discount has been applied." />
  <Value Id="92" Name="Expediting fee" Description="The reason for the adjustment is that a fee for expediting has been applied." />
  <Value Id="93" Name="Invoicing fee" Description="The reason for the adjustment is that a fee for invoicing has been applied." />
  <Value Id="94" Name="Freight charge" Description="The reason for the adjustment is that freight charges has been applied." />
  <Value Id="95" Name="Small order processing service charge" Description="The reason for the adjustment is that a fee for processing of a small order (an order below a defined threshold) has been applied." />
  <Value Id="96" Name="Currency exchange differences" Description="An adjustment made due to a change in a currency exchange rate." />
  <Value Id="97" Name="Insolvency" Description="An adjustment made due to the partner's inability to pay open debts." />
  <Value Id="ZZZ" Name="Mutually defined" Description="A code assigned within a code list to be used on an interim basis and as defined among trading partners until a precise code can be assigned to the code list." />
</Root>