<?xml version="1.0" encoding="utf-8"?>
<Root xmlns:xsi="http://www.w3.org/2001/XMLSchema-instance" xmlns:xsd="http://www.w3.org/2001/XMLSchema" Id="4461" Name="Payment means code" Description="Code identifying a means of payment." Count="an..3">
  <Value Id="1" Name="Instrument not defined" Description="Not defined legally enforceable agreement between two or more parties (expressing a contractual right or a right to the payment of money)." />
  <Value Id="2" Name="Automated clearing house credit" Description="A credit transaction made through the automated clearing house system." />
  <Value Id="3" Name="Automated clearing house debit" Description="A debit transaction made through the automated clearing house system." />
  <Value Id="4" Name="ACH demand debit reversal" Description="A request to reverse an ACH debit transaction to a demand deposit account." />
  <Value Id="5" Name="ACH demand credit reversal" Description="A request to reverse a credit transaction to a demand deposit account." />
  <Value Id="6" Name="ACH demand credit" Description="A credit transaction made through the ACH system to a demand deposit account." />
  <Value Id="7" Name="ACH demand debit" Description="A debit transaction made through the ACH system to a demand deposit account." />
  <Value Id="8" Name="Hold" Description="Indicates that the bank should hold the payment for collection by the beneficiary or other instructions." />
  <Value Id="9" Name="National or regional clearing" Description="Indicates that the payment should be made using the national or regional clearing." />
  <Value Id="10" Name="In cash" Description="Payment by currency (including bills and coins) in circulation, including checking account deposits." />
  <Value Id="11" Name="ACH savings credit reversal" Description="A request to reverse an ACH credit transaction to a savings account." />
  <Value Id="12" Name="ACH savings debit reversal" Description="A request to reverse an ACH debit transaction to a savings account." />
  <Value Id="13" Name="ACH savings credit" Description="A credit transaction made through the ACH system to a savings account." />
  <Value Id="14" Name="ACH savings debit" Description="A debit transaction made through the ACH system to a savings account." />
  <Value Id="15" Name="Bookentry credit" Description="A credit entry between two accounts at the same bank branch. Synonym: house credit." />
  <Value Id="16" Name="Bookentry debit" Description="A debit entry between two accounts at the same bank branch. Synonym: house debit." />
  <Value Id="17" Name="ACH demand cash concentration/disbursement (CCD) credit" Description="A credit transaction made through the ACH system to a demand deposit account using the CCD payment format." />
  <Value Id="18" Name="ACH demand cash concentration/disbursement (CCD) debit" Description="A debit transaction made through the ACH system to a demand deposit account using the CCD payment format." />
  <Value Id="19" Name="ACH demand corporate trade payment (CTP) credit" Description="A credit transaction made through the ACH system to a demand deposit account using the CTP payment format." />
  <Value Id="20" Name="Cheque" Description="Payment by a pre-printed form on which instructions are given to an account holder (a bank or building society) to pay a stated sum to a named recipient." />
  <Value Id="21" Name="Banker's draft" Description="Issue of a banker's draft in payment of the funds." />
  <Value Id="22" Name="Certified banker's draft" Description="Cheque drawn by a bank on itself or its agent. A person who owes money to another buys the draft from a bank for cash and hands it to the creditor who need have no fear that it might be dishonoured." />
  <Value Id="23" Name="Bank cheque (issued by a banking or similar establishment)" Description="Payment by a pre-printed form, which has been completed by a financial institution, on which instructions are given to an account holder (a bank or building society) to pay a stated sum to a named recipient." />
  <Value Id="24" Name="Bill of exchange awaiting acceptance" Description="Bill drawn by the creditor on the debtor but not yet accepted by the debtor." />
  <Value Id="25" Name="Certified cheque" Description="Payment by a pre-printed form stamped with the paying bank's certification on which instructions are given to an account holder (a bank or building society) to pay a stated sum to a named recipient ." />
  <Value Id="26" Name="Local cheque" Description="Indicates that the cheque is given local to the recipient." />
  <Value Id="27" Name="ACH demand corporate trade payment (CTP) debit" Description="A debit transaction made through the ACH system to a demand deposit account using the CTP payment format." />
  <Value Id="28" Name="ACH demand corporate trade exchange (CTX) credit" Description="A credit transaction made through the ACH system to a demand deposit account using the CTX payment format." />
  <Value Id="29" Name="ACH demand corporate trade exchange (CTX) debit" Description="A debit transaction made through the ACH system to a demand account using the CTX payment format." />
  <Value Id="30" Name="Credit transfer" Description="Payment by credit movement of funds from one account to another." />
  <Value Id="31" Name="Debit transfer" Description="Payment by debit movement of funds from one account to another." />
  <Value Id="32" Name="ACH demand cash concentration/disbursement plus (CCD+) credit" Description="A credit transaction made through the ACH system to a demand deposit account using the CCD+ payment format." />
  <Value Id="33" Name="ACH demand cash concentration/disbursement plus (CCD+) debit" Description="A debit transaction made through the ACH system to a demand deposit account using the CCD+ payment format." />
  <Value Id="34" Name="ACH prearranged payment and deposit (PPD)" Description="A consumer credit transaction made through the ACH system to a demand deposit or savings account." />
  <Value Id="35" Name="ACH savings cash concentration/disbursement (CCD) credit" Description="A credit transaction made through the ACH system to a demand deposit or savings account." />
  <Value Id="36" Name="ACH savings cash concentration/disbursement (CCD) debit" Description="A debit transaction made through the ACH system to a savings account using the CCD payment format." />
  <Value Id="37" Name="ACH savings corporate trade payment (CTP) credit" Description="A credit transaction made through the ACH system to a savings account using the CTP payment format." />
  <Value Id="38" Name="ACH savings corporate trade payment (CTP) debit" Description="A debit transaction made through the ACH system to a savings account using the CTP payment format." />
  <Value Id="39" Name="ACH savings corporate trade exchange (CTX) credit" Description="A credit transaction made through the ACH system to a savings account using the CTX payment format." />
  <Value Id="40" Name="ACH savings corporate trade exchange (CTX) debit" Description="A debit transaction made through the ACH system to a savings account using the CTX payment format." />
  <Value Id="41" Name="ACH savings cash concentration/disbursement plus (CCD+) credit" Description="A credit transaction made through the ACH system to a savings account using the CCD+ payment format." />
  <Value Id="42" Name="Payment to bank account" Description="Payment by an arrangement for settling debts that is operated by the Post Office." />
  <Value Id="43" Name="ACH savings cash concentration/disbursement plus (CCD+) debit" Description="A debit transaction made through the ACH system to a savings account using the CCD+ payment format." />
  <Value Id="44" Name="Accepted bill of exchange" Description="Bill drawn by the creditor on the debtor and accepted by the debtor." />
  <Value Id="45" Name="Referenced home-banking credit transfer" Description="A referenced credit transfer initiated through home- banking." />
  <Value Id="46" Name="Interbank debit transfer" Description="A debit transfer via interbank means." />
  <Value Id="47" Name="Home-banking debit transfer" Description="A debit transfer initiated through home-banking." />
  <Value Id="48" Name="Bank card" Description="Payment by means of a card issued by a bank or other financial institution." />
  <Value Id="49" Name="Direct debit" Description="The amount is to be, or has been, directly debited to the customer's bank account." />
  <Value Id="50" Name="Payment by postgiro" Description="A method for the transmission of funds through the postal system rather than through the banking system." />
  <Value Id="51" Name="FR, norme 6 97-Telereglement CFONB (French Organisation for Banking Standards)  - Option A" Description="A French standard procedure that allows a debtor to pay an amount due to a creditor. The creditor will forward it to its bank, which will collect the money on the bank account of the debtor." />
  <Value Id="52" Name="Urgent commercial payment" Description="Payment order which requires guaranteed processing by the most appropriate means to ensure it occurs on the requested execution date, provided that it is issued to the ordered bank before the agreed cut-off time." />
  <Value Id="53" Name="Urgent Treasury Payment" Description="Payment order or transfer which must be executed, by the most appropriate means, as urgently as possible and before urgent commercial payments." />
  <Value Id="60" Name="Promissory note" Description="Payment by an unconditional promise in writing made by one person to another, signed by the maker, engaging to pay on demand or at a fixed or determinable future time a sum certain in money, to order or to bearer." />
  <Value Id="61" Name="Promissory note signed by the debtor" Description="Payment by an unconditional promise in writing made by the debtor to another person, signed by the debtor, engaging to pay on demand or at a fixed or determinable future time a sum certain in money, to order or to bearer." />
  <Value Id="62" Name="Promissory note signed by the debtor and endorsed by a bank" Description="Payment by an unconditional promise in writing made by the debtor to another person, signed by the debtor and endorsed by a bank, engaging to pay on demand or at a fixed or determinable future time a sum certain in money, to order or to bearer." />
  <Value Id="63" Name="Promissory note signed by the debtor and endorsed by a third party" Description="Payment by an unconditional promise in writing made by the debtor to another person, signed by the debtor and endorsed by a third party, engaging to pay on demand or at a fixed or determinable future time a sum certain in money, to order or to bearer." />
  <Value Id="64" Name="Promissory note signed by a bank" Description="Payment by an unconditional promise in writing made by the bank to another person, signed by the bank, engaging to pay on demand or at a fixed or determinable future time a sum certain in money, to order or to bearer." />
  <Value Id="65" Name="Promissory note signed by a bank and endorsed by another bank" Description="Payment by an unconditional promise in writing made by the bank to another person, signed by the bank and endorsed by another bank, engaging to pay on demand or at a fixed or determinable future time a sum certain in money, to order or to bearer." />
  <Value Id="66" Name="Promissory note signed by a third party" Description="Payment by an unconditional promise in writing made by a third party to another person, signed by the third party, engaging to pay on demand or at a fixed or determinable future time a sum certain in money, to order or to bearer." />
  <Value Id="67" Name="Promissory note signed by a third party and endorsed by a bank" Description="Payment by an unconditional promise in writing made by a third party to another person, signed by the third party and endorsed by a bank, engaging to pay on demand or at a fixed or determinable future time a sum certain in money, to order or to bearer." />
  <Value Id="70" Name="Bill drawn by the creditor on the debtor" Description="Bill drawn by the creditor on the debtor." />
  <Value Id="74" Name="Bill drawn by the creditor on a bank" Description="Bill drawn by the creditor on a bank." />
  <Value Id="75" Name="Bill drawn by the creditor, endorsed by another bank" Description="Bill drawn by the creditor, endorsed by another bank." />
  <Value Id="76" Name="Bill drawn by the creditor on a bank and endorsed by a third party" Description="Bill drawn by the creditor on a bank and endorsed by a third party." />
  <Value Id="77" Name="Bill drawn by the creditor on a third party" Description="Bill drawn by the creditor on a third party." />
  <Value Id="78" Name="Bill drawn by creditor on third party, accepted and endorsed by bank" Description="Bill drawn by creditor on third party, accepted and endorsed by bank." />
  <Value Id="91" Name="Not transferable banker's draft" Description="Issue a bankers draft not endorsable." />
  <Value Id="92" Name="Not transferable local cheque" Description="Issue a cheque not endorsable in payment of the funds." />
  <Value Id="93" Name="Reference giro" Description="Ordering customer tells the bank to use the payment system 'Reference giro'. Used in the Finnish national banking system." />
  <Value Id="94" Name="Urgent giro" Description="Ordering customer tells the bank to use the bank service 'Urgent Giro' when transferring the payment. Used in Finnish national banking system." />
  <Value Id="95" Name="Free format giro" Description="Ordering customer tells the ordering bank to use the bank service 'Free Format Giro' when transferring the payment. Used in Finnish national banking system." />
  <Value Id="96" Name="Requested method for payment was not used" Description="If the requested method for payment was or could not be used, this code indicates that." />
  <Value Id="97" Name="Clearing between partners" Description="Amounts which two partners owe to each other to be compensated in order to avoid useless payments." />
  <Value Id="ZZZ" Name="Mutually defined" Description="A code assigned within a code list to be used on an interim basis and as defined among trading partners until a precise code can be assigned to the code list." />
</Root>