<?xml version="1.0" encoding="utf-8"?>
<Root xmlns:xsi="http://www.w3.org/2001/XMLSchema-instance" xmlns:xsd="http://www.w3.org/2001/XMLSchema" Id="4471" Name="Settlement means code" Description="Code specifying the means of settlement." Count="an..3">
  <Value Id="1" Name="Bill back" Description="Refers to a charge or allowance for the buyer and the buyer will bill back the seller." />
  <Value Id="2" Name="Off invoice" Description="The allowance or charge is being deducted from the invoice." />
  <Value Id="3" Name="Vendor check to customer" Description="An allowance will be given to a customer from the supplier in the form of a check." />
  <Value Id="4" Name="Credit customer account" Description="An allowance will be processed for the customer by giving a credit to their account." />
  <Value Id="5" Name="Charge to be paid by vendor" Description="A charge whose payment will be made by the vendor." />
  <Value Id="6" Name="Charge to be paid by customer" Description="A charge whose payment will be made by the customer." />
  <Value Id="7" Name="Optional" Description="The settlement of charges is not obligatory." />
  <Value Id="8" Name="Off gross quantity invoiced" Description="Allowance as relates to the gross quantity invoiced." />
  <Value Id="9" Name="Electric cost recovery factor" Description="An allowance as it relates to the electric cost recovery factor." />
  <Value Id="10" Name="Gas cost recovery factor" Description="An allowance as it relates to the gas cost recovery factor." />
  <Value Id="11" Name="Prior credit balance" Description="A settlement was made using a previous credit balance." />
  <Value Id="12" Name="Non-dutiable" Description="Reference to an allowance or charge as being free for Customs duty computation purposes." />
  <Value Id="13" Name="All charges borne by payee" Description="All charges are to be borne by the funds receiver." />
  <Value Id="14" Name="Each pay own cost" Description="Each party are to be responsible for its own charges." />
  <Value Id="15" Name="All charges borne by payer" Description="All charges are to be borne by the funds sender." />
  <Value Id="16" Name="All bank charges to be borne by applicant" Description="All bank charges associated with a documentary credit are to be borne by the applicant." />
  <Value Id="17" Name="All bank charges except confirmation commission to be borne by applicant" Description="All bank charges associated with a documentary credit except confirmation commission are to borne by the applicant." />
  <Value Id="18" Name="All bank charges to be borne by beneficiary" Description="All bank charges associated with a documentary credit are to be borne by the beneficiary." />
  <Value Id="19" Name="Total payment borne by project" Description="The total payment is borne by the project." />
  <Value Id="20" Name="Amendment charges to be borne by applicant" Description="Documentary credit amendment charges are to be borne by the applicant." />
  <Value Id="21" Name="Amendment charges to be borne by beneficiary" Description="Documentary credit amendment charges are to be borne by the beneficiary." />
  <Value Id="22" Name="Discount charges to be borne by applicant" Description="Documentary credit discount charges are to be borne by the applicant." />
  <Value Id="23" Name="Discount charges to be borne by beneficiary" Description="Documentary credit discount charges are to be borne by the beneficiary." />
  <Value Id="24" Name="All bank charges other than those of the issuing bank to be borne by beneficiary" Description="All bank charges associated with a documentary credit other than those of the issuing bank are to be borne by the beneficiary." />
  <Value Id="25" Name="Amendment charges other than those of the issuing bank to be borne by beneficiary" Description="All charges associated with the amendment other than those of the issuing bank are to be borne by the beneficiary." />
  <Value Id="26" Name="All charges to be paid by the principal of the collection" Description="All charges are to be paid by the principal of the collection." />
  <Value Id="27" Name="All charges to be paid by the drawee of the collection" Description="All charges are to be paid by the drawee of the collection." />
  <Value Id="28" Name="All charges to be borne by the drawee except those levied by the remitting bank, to be paid by principal" Description="All charges are to be borne by the drawee except those levied by the remitting bank, which are to be paid by the principal." />
  <Value Id="29" Name="All bank charges are to be paid by the principal of the documentary credit collection" Description="All bank charges are to be paid by the principal of the documentary credit collection." />
  <Value Id="30" Name="All bank charges to be borne by receiving bank" Description="All bank charges are to be borne by the receiving bank." />
  <Value Id="31" Name="All bank charges to be borne by sending bank" Description="All bank charges are to be borne by the sending bank." />
  <Value Id="32" Name="Charges levied by a third bank" Description="Charges levied by a third bank." />
  <Value Id="33" Name="Information charges levied by a third bank" Description="Charges levied by a third bank for providing information." />
  <Value Id="34" Name="Total payment borne by patient" Description="The total payment is borne by the patient." />
  <Value Id="35" Name="Part payment borne by patient" Description="The part payment is borne by the patient." />
  <Value Id="36" Name="No charge to patient" Description="No charges to be paid by the patient." />
  <Value Id="37" Name="Divided according to national health service rules" Description="Charge is divided between parties according to national health service rules." />
  <Value Id="38" Name="Item accruals" Description="Expenses related to an item for which invoices have not been received yet at the end of the current acounting period." />
  <Value Id="39" Name="Vendor accruals" Description="Expenses related to a vendor for which invoices have not been received yet at the end of the current accounting period." />
  <Value Id="ZZZ" Name="Mutually defined" Description="A code reserved for special trading partner requirements when pre-defined codes do not exist." />
</Root>