<?xml version="1.0" encoding="utf-8"?>
<Root xmlns:xsi="http://www.w3.org/2001/XMLSchema-instance" xmlns:xsd="http://www.w3.org/2001/XMLSchema" Id="4487" Name="Financial transaction type code" Description="Code specifying a type of financial transaction." Count="an..3">
  <Value Id="1" Name="Clean payment" Description="Payment under open account terms." />
  <Value Id="2" Name="Pre-authorised direct debit or direct debit request" Description="The transaction is a pre-authorised direct debit or direct debit request, i.e. a direct debit for which there is an agreed mandate that allows the creditor to draw funds from the debtor." />
  <Value Id="3" Name="Non pre-authorised direct debit or direct debit request" Description="The transaction is a non pre-authorised direct debit or direct debit request, i.e. a direct debit for which there is no prior agreed mandate allowing the creditor to draw funds from the debtor." />
  <Value Id="4" Name="Documentary payment" Description="Payment relating to a documentary settlement." />
  <Value Id="5" Name="Irrevocable documentary credit" Description="The documentary credit is irrevocable." />
  <Value Id="6" Name="Revocable documentary credit" Description="The documentary credit is revocable." />
  <Value Id="7" Name="Irrevocable and transferable documentary credit" Description="The documentary credit is irrevocable and may be transferred to a second beneficiary." />
  <Value Id="8" Name="Revocable and transferable documentary credit" Description="The documentary credit is revocable and may be transferred to a second beneficiary." />
  <Value Id="9" Name="Revocable and transferable standby letter of credit" Description="Revocable and transferable standby letter of credit." />
  <Value Id="10" Name="Irrevocable and transferable standby letter of credit" Description="Irrevocable and transferable standby letter of credit." />
  <Value Id="11" Name="Revocable standby letter of credit" Description="Revocable standby letter of credit." />
  <Value Id="12" Name="Irrevocable standby letter of credit" Description="Irrevocable standby letter of credit." />
  <Value Id="13" Name="Pre-advised direct debit" Description="The transaction is a direct debit about which the debtor has advised his bank prior to the creditor raising the direct debit, giving his bank permission to debit his account." />
  <Value Id="14" Name="Non pre-advised direct debit" Description="The transaction is a direct debit about which the debtor has not advised his bank prior to the creditor raising the direct debit." />
  <Value Id="15" Name="Irrevocable reimbursement of cash withdrawal" Description="The transaction is an irrevocable direct debit, from bank A to bank B, which reimburses bank A that has by agreement provided cash to a customer of bank B." />
</Root>