<?xml version="1.0" encoding="utf-8"?>
<Root xmlns:xsi="http://www.w3.org/2001/XMLSchema-instance" xmlns:xsd="http://www.w3.org/2001/XMLSchema" Id="4493" Name="Delivery instruction code" Description="Code specifying a delivery instruction." Count="an..3">
  <Value Id="AA" Name="Ship on authorization" Description="A delivery requirement indicating the items should not be shipped without specific authorization." />
  <Value Id="BK" Name="Ship partial - balance back order" Description="Partial shipping is allowed. The rest of the order should be delivered as soon as possible." />
  <Value Id="CD" Name="Cancel if not delivered by date" Description="An order or the rest of an order should be cancelled if not delivered at specified date." />
  <Value Id="DA" Name="Do not deliver after" Description="A requirement that an order should not be delivered after a specified date/time." />
  <Value Id="DB" Name="Do not deliver before" Description="A requirement that an order should not be delivered before a specified date/time." />
  <Value Id="DD" Name="Deliver on date" Description="An order should be delivered exactly on specified date." />
  <Value Id="IS" Name="Substitute item" Description="A substitute item may be delivered, if the ordered item is not available." />
  <Value Id="P1" Name="No schedule established" Description="No specified date/time for delivery." />
  <Value Id="P2" Name="Ship as soon as possible" Description="The order should be delivered as soon as possible." />
  <Value Id="SC" Name="Ship complete order" Description="The order should be delivered only complete, not partial." />
  <Value Id="SF" Name="Ship partial, if no freight rate increase" Description="Partial shipping of an order is allowed, if the total freight rate do not increase." />
  <Value Id="SP" Name="Ship partial - balance cancel" Description="Partial shipping is allowed. The rest of the order should be cancelled." />
</Root>