<?xml version="1.0" encoding="utf-8"?>
<Root xmlns:xsi="http://www.w3.org/2001/XMLSchema-instance" xmlns:xsd="http://www.w3.org/2001/XMLSchema" Id="4499" Name="Inventory movement reason code" Description="Code specifying the reason for an inventory movement." Count="an..3">
  <Value Id="1" Name="Reception" Description="Goods received at warehouse from another party or warehouse." />
  <Value Id="2" Name="Delivery" Description="Goods which have been delivered from the inventory to another party or warehouse." />
  <Value Id="3" Name="Scrapped parts" Description="Adjustment due to scrapped parts." />
  <Value Id="4" Name="Difference" Description="The difference between the inventory, as physically counted, and the inventory recorded by the system." />
  <Value Id="5" Name="Property transfer within warehouse" Description="An inventory movement issued when goods are moved (physically or logically) from one owner to another, whenever inventories are held in account of several owners of the same product within the same warehouse." />
  <Value Id="6" Name="Inventory recycling" Description="This inventory movement is due to recycling of goods. For instance, defective goods have been repaired and are put back to the available inventory." />
  <Value Id="7" Name="Reversal of previous movement" Description="This inventory movement is issued to cancel a previously processed movement." />
  <Value Id="8" Name="Defects (technical)" Description="This inventory movement corresponds to parts with technical defect." />
  <Value Id="9" Name="Commercial" Description="The inventory movement has been issued for commercial reasons." />
  <Value Id="10" Name="Conversion" Description="The inventory movement is due to conversion of goods." />
  <Value Id="11" Name="Consumption" Description="The inventory movement corresponds to goods taken out of consigned inventory for consumption." />
</Root>