<?xml version="1.0" encoding="utf-8"?>
<Root xmlns:xsi="http://www.w3.org/2001/XMLSchema-instance" xmlns:xsd="http://www.w3.org/2001/XMLSchema" Id="4507" Name="Credit cover response type code" Description="Code specifying the type of response to a request for credit cover." Count="an..3">
  <Value Id="1" Name="Preliminary assessment" Description="A preliminary assessment without formal approval or commitment." />
  <Value Id="2" Name="Approved" Description="The limit request has been approved." />
  <Value Id="3" Name="Not approved" Description="The limit request has not been approved." />
  <Value Id="4" Name="Conditional approval" Description="Approval subject to conditions as specified." />
  <Value Id="5" Name="Partly approved" Description="Partly approved as specified." />
  <Value Id="6" Name="Still investigating" Description="The limit request is still under investigation." />
  <Value Id="7" Name="Open new account only" Description="Buyer account has been opened without an approved limit." />
  <Value Id="8" Name="Cancellation" Description="The existing limit has been cancelled." />
  <Value Id="9" Name="Reduction" Description="Credit limit is reduced." />
  <Value Id="10" Name="Change of name and/or address" Description="The name and/or address of the buyer has changed." />
  <Value Id="11" Name="Close buyer's account" Description="The buyer's account is to be closed." />
</Root>