<?xml version="1.0" encoding="utf-8"?>
<Root xmlns:xsi="http://www.w3.org/2001/XMLSchema-instance" xmlns:xsd="http://www.w3.org/2001/XMLSchema" Id="4509" Name="Credit cover response reason code" Description="Code specifying the reason for a response to a request for credit cover." Count="an..3">
  <Value Id="1" Name="Requested financial information not provided" Description="Party requested has not provided financial information." />
  <Value Id="2" Name="No financial information available" Description="No financial information is available on buyer." />
  <Value Id="3" Name="Debtor is out of business" Description="Debtor ceased trading activities." />
  <Value Id="4" Name="Debtor is new company" Description="Debtor is newly incorporated." />
  <Value Id="5" Name="Debtor is not registered" Description="Debtor is not formally registered as legal entity." />
  <Value Id="6" Name="Debtor is non-trading company" Description="Debtor without trading, e.g. holding company." />
  <Value Id="7" Name="No comment" Description="No information can be disclosed." />
  <Value Id="8" Name="Only insolvency risk covered" Description="Only the risk of insolvency is covered." />
  <Value Id="9" Name="Subject to acceptance of bill of exchange" Description="Limit cover conditional to buyer's acceptance of bill of exchange." />
  <Value Id="10" Name="Document against acceptance" Description="Limit given on documents against acceptance terms." />
  <Value Id="11" Name="Document against payment" Description="Limit given on documents against payment terms." />
  <Value Id="12" Name="Adverse information is publicly available" Description="Adverse information on buyer is publicly available." />
  <Value Id="13" Name="Credit limit full" Description="No approval or increase in credit possible." />
  <Value Id="14" Name="Lack of turnover" Description="Limit reduced. E.g. cancelled due to absence of activity." />
  <Value Id="15" Name="Other" Description="Reasons not otherwise specified here." />
</Root>