<?xml version="1.0" encoding="utf-8"?>
<Root xmlns:xsi="http://www.w3.org/2001/XMLSchema-instance" xmlns:xsd="http://www.w3.org/2001/XMLSchema" Id="4505" Name="Credit cover request type code" Description="Code specifying the type of request for credit cover." Count="an..3">
  <Value Id="1" Name="Multi-currency credit cover" Description="Invoices in currencies other than the currency of the credit cover are expected." />
  <Value Id="2" Name="Request new limit" Description="Seller requests new limit." />
  <Value Id="3" Name="Request increased limit" Description="Seller requests increase of existing limit." />
  <Value Id="4" Name="Request for preliminary assessment" Description="Request for information to be used during negotiation with prospective clients (sellers)." />
  <Value Id="5" Name="Request for new account only" Description="Request for opening new account only." />
  <Value Id="6" Name="Cancellation" Description="Request to cancel an existing credit cover." />
  <Value Id="7" Name="Reduction" Description="Request to reduce an existing credit cover." />
  <Value Id="8" Name="Prolongation of credit cover" Description="Request to prolong an existing credit cover." />
</Root>