<?xml version="1.0" encoding="utf-8"?>
<Root xmlns:xsi="http://www.w3.org/2001/XMLSchema-instance" xmlns:xsd="http://www.w3.org/2001/XMLSchema" Id="4513" Name="Maintenance operation code" Description="Code specifying a maintenance operation." Count="an..3">
  <Value Id="1" Name="New" Description="The data is to be processed as new." />
  <Value Id="2" Name="Add and replace" Description="The data contains new objects, which are to be added, and existing objects, which are to replace objects which have the same identifier." />
  <Value Id="3" Name="Replace" Description="The data is to replace existing data which has the same identifier." />
  <Value Id="4" Name="Delete" Description="The data identified is to be deleted." />
  <Value Id="5" Name="None" Description="The data is not to be maintained." />
  <Value Id="6" Name="Addition" Description="Maintenance operation involves addition." />
  <Value Id="7" Name="Change" Description="Maintenance operation involves change." />
  <Value Id="8" Name="Marked for deletion" Description="The item is marked for deletion in a future release." />
  <Value Id="9" Name="Repair" Description="Maintenance operation involves repair." />
  <Value Id="10" Name="Cleaning" Description="Maintenance operation involves cleaning." />
  <Value Id="11" Name="Waste disposal" Description="Maintenance operation involves waste disposal." />
  <Value Id="12" Name="Return of empty packages" Description="Maintenance operation involves return of empty packages." />
</Root>