<?xml version="1.0" encoding="utf-8"?>
<Root xmlns:xsi="http://www.w3.org/2001/XMLSchema-instance" xmlns:xsd="http://www.w3.org/2001/XMLSchema" Id="4511" Name="Requested information description code" Description="Code specifying the response information requested." Count="an..3">
  <Value Id="1" Name="Article price composition" Description="A breakdown of the item price is requested." />
  <Value Id="2" Name="Article price" Description="The item price is requested." />
  <Value Id="3" Name="Constituent material" Description="Information about constituent material, such as copper and plastics, is requested." />
  <Value Id="4" Name="Carrier" Description="Suggested carrier is requested." />
  <Value Id="5" Name="Conditions of sale" Description="General conditions of sale are requested." />
  <Value Id="6" Name="Delivery party" Description="Suggested grouping centre is requested." />
  <Value Id="7" Name="Economics dates" Description="Material, labour and overheads economic dates are requested." />
  <Value Id="8" Name="Lead time" Description="Item lead time is requested." />
  <Value Id="9" Name="Packaging price composition" Description="A breakdown of the package price is requested." />
  <Value Id="10" Name="Packaging details" Description="Details about packaging is requested." />
  <Value Id="11" Name="Production location" Description="Information about which production site is going to be used is requested." />
  <Value Id="12" Name="Packaging price" Description="The packaging price is requested." />
  <Value Id="13" Name="Payment terms" Description="Payment terms are requested." />
  <Value Id="14" Name="Shipment from location" Description="Information from where the items are shipped is requested." />
  <Value Id="15" Name="Tooling price composition" Description="A breakdown of the tooling price is requested." />
  <Value Id="16" Name="Tooling items details" Description="Details about the tooling items are requested." />
  <Value Id="17" Name="Tooling total details" Description="Details about the total tooling is requested." />
  <Value Id="18" Name="Validity dates" Description="The quotations validity dates are requested." />
  <Value Id="19" Name="Working pattern" Description="Information about working week, day and shift is requested." />
  <Value Id="20" Name="Assigned log numbers" Description="Assigned log numbers are requested." />
  <Value Id="21" Name="Cycle start date" Description="The start date for the cycle is requested." />
  <Value Id="22" Name="Technical assessment status" Description="Technical assessment status information is requested." />
  <Value Id="23" Name="Structure tag assignment" Description="The assigned structure tag is requested." />
  <Value Id="24" Name="All available status information" Description="All available status information is requested." />
  <Value Id="25" Name="Delivery status of all back order articles" Description="Information on the delivery status of all articles on back order." />
  <Value Id="26" Name="General status of all back order articles" Description="Information on the general status of all articles on back order." />
  <Value Id="27" Name="Delivery status of all outstanding orders" Description="Information on the delivery status of all outstanding orders." />
  <Value Id="28" Name="General status of all outstanding orders" Description="Information on the general status of all outstanding orders." />
  <Value Id="29" Name="Delivery status of the specified order(s) or order line(s)" Description="Delivery status of each order(s) or order line(s) specified." />
  <Value Id="30" Name="General status of the specified order(s) or order line(s)" Description="General status of each order(s) or order line(s) specified." />
</Root>