<?xml version="1.0" encoding="utf-8"?>
<Root xmlns:xsi="http://www.w3.org/2001/XMLSchema-instance" xmlns:xsd="http://www.w3.org/2001/XMLSchema" Id="5007" Name="Monetary amount function description code" Description="Code specifying the monetary amount function." Count="an..3">
  <Value Id="1" Name="Destination charge totals" Description="Code to indicate total charges levied at destination." />
  <Value Id="2" Name="Alternative currency amount" Description="The amount is expressed in alternate currency." />
  <Value Id="3" Name="Total message amount" Description="The total amount of the message." />
  <Value Id="4" Name="Invoices total amount summary" Description="The summary of a number of invoices' total amounts." />
  <Value Id="5" Name="Amount for Customs purposes" Description="Number of monetary units expressed in a specified currency for Customs purposes (see: 5004)." />
  <Value Id="7" Name="Financial transaction amount" Description="Amount refers to financial transaction." />
  <Value Id="8" Name="Total(s) of deferred items" Description="To specify the total(s) of all deferred items from one reinsurance account." />
  <Value Id="9" Name="Total(s) of open cash claims" Description="To specify the total(s) of all open cash claims from one reinsurance account." />
  <Value Id="10" Name="Reinsurance account balance" Description="To specify the result(s) of the reinsurance account calculation." />
  <Value Id="11" Name="Prepaid totals" Description="Totals of prepaid freight and charges." />
  <Value Id="12" Name="Collect totals" Description="Totals of collect freight and charges." />
  <Value Id="14" Name="Valuation amounts" Description="Code to indicate valuation amounts." />
  <Value Id="15" Name="Prepayment amount" Description="The amount paid or to be paid before a business transaction occurs." />
  <Value Id="16" Name="Alternative currency total amount" Description="The total amount expressed in an alternate currency." />
  <Value Id="17" Name="Documentary credit amount" Description="Value expressed in monetary terms of the documentary credit." />
  <Value Id="18" Name="Additional amounts covered: freight costs" Description="Freight costs are also covered under the documentary credit." />
  <Value Id="19" Name="Additional amounts covered: insurance costs" Description="Insurance costs are also covered under the documentary credit." />
  <Value Id="20" Name="Additional amounts covered: interest" Description="Interest on delayed or deferred payment is also covered under the documentary credit." />
  <Value Id="21" Name="Additional amounts covered: inspection costs" Description="Goods inspection costs are also covered under the documentary credit." />
  <Value Id="22" Name="Part of documentary credit amount" Description="Part of documentary credit subject to sight, deferred or acceptance payment when the documentary credit is available by mixed payment." />
  <Value Id="23" Name="Amount of note" Description="Amount of debit or credit note." />
  <Value Id="24" Name="Hash total" Description="Total sum of amounts specified for control purposes." />
  <Value Id="25" Name="Cumulative total, this period" Description="Totals to date." />
  <Value Id="26" Name="Period total" Description="Totals this measurement period." />
  <Value Id="27" Name="Cumulative total, preceding period" Description="Total to the end of last measurement period." />
  <Value Id="28" Name="Total balance credit risk covered" Description="The total balance of factored invoices which are covered for credit risk." />
  <Value Id="29" Name="Labour costs" Description="Identifying costs related to labour resource." />
  <Value Id="30" Name="Business credit amount" Description="Monetary amount(s) associated with business credit information." />
</Root>