<?xml version="1.0" encoding="utf-8"?>
<Root xmlns:xsi="http://www.w3.org/2001/XMLSchema-instance" xmlns:xsd="http://www.w3.org/2001/XMLSchema" Id="5025" Name="Monetary amount type code qualifier" Description="Code qualifying the type of monetary amount." Count="an..3">
  <Value Id="1" Name="VAT, 1st value" Description="First VAT value if, for the same rate of VAT, there are 1 to 3 different ways to set this value." />
  <Value Id="2" Name="VAT, 2nd value" Description="Second VAT value if, for the same rate of VAT, there are 2 or 3 different ways to set this value." />
  <Value Id="3" Name="VAT, 3rd value" Description="Third VAT value if, for the same rate of VAT, there are 3 different ways to set this value." />
  <Value Id="4" Name="Additional royalties (Customs)" Description="Royalties relating to the imported goods that the buyer must pay, either directly or indirectly, as a condition of sale, to the extent that they are not included in the price actually paid or payable." />
  <Value Id="5" Name="Adjusted amount" Description="The amount specified is the adjusted amount." />
  <Value Id="6" Name="Amount reference currency" Description="The owing amount in the currency used as reference in the transaction." />
  <Value Id="7" Name="Agreed charge" Description="Charges which parties agreed upon." />
  <Value Id="8" Name="Allowance or charge amount" Description="Total amount of allowance or charge." />
  <Value Id="9" Name="Amount due/amount payable" Description="Amount to be paid." />
  <Value Id="10" Name="Amount in charge currency" Description="Indicates that the amount is based on the charged currency." />
  <Value Id="11" Name="Amount paid" Description="Amount that has been paid." />
  <Value Id="12" Name="Amount remitted" Description="Amount which was remitted (see remittance advice)." />
  <Value Id="13" Name="Amount subject to total monetary discount" Description="The amount is subject to a total monetary discount." />
  <Value Id="14" Name="Amount target currency" Description="The amount in the currency in which the amount is paid or has to be paid." />
  <Value Id="15" Name="Average ledger balance" Description="The addition of the balance all accounts divided by the number of accounts." />
  <Value Id="16" Name="Bank release fee" Description="The fee that a bank charges for releasing monies." />
  <Value Id="17" Name="Batch total" Description="The complete quantity of anything needed for or made in one operation or lot." />
  <Value Id="18" Name="Brokerage" Description="Fee charged by a broker for acting on behalf of a third party." />
  <Value Id="19" Name="Buying commission" Description="Commission paid by the importer to his/her agent for the service of representing him/her in the purchase." />
  <Value Id="20" Name="Data value on carrier media (Customs)" Description="Value of data contained on the carrier media (e.g. magnetic tape)." />
  <Value Id="21" Name="Cash discount" Description="Cash discount given by the seller to the buyer." />
  <Value Id="22" Name="Consignment cash on delivery amount" Description="[5017] Monetary amount to be paid at time of delivery." />
  <Value Id="23" Name="Charge amount" Description="The amount of money charged for the provision of a service or product." />
  <Value Id="24" Name="Charge summary total" Description="Code to indicate the total charges relating to a consignment." />
  <Value Id="25" Name="Charge/allowance basis" Description="The amount specified is the basis for calculation of charges/allowance." />
  <Value Id="26" Name="Charges collect fee" Description="The fee a party charges for collecting charges." />
  <Value Id="27" Name="Charges in destination currency" Description="Collect charges payable in the currency of the country of destination." />
  <Value Id="28" Name="Collect charge summary total" Description="A summary total of collection charges." />
  <Value Id="29" Name="Collect charges in destination currency" Description="Collect charges payable in the currency of the country of destination." />
  <Value Id="30" Name="Collect freight charge including VAT" Description="This is the total amount that has to be collected from the consignee or other intermediary intervening party - Including VAT-." />
  <Value Id="31" Name="Collect freight charge without VAT" Description="For legal accounting reasons the amount without VAT has to be announced, together with the amount of VAT." />
  <Value Id="32" Name="Collect other charges due agent total" Description="The total of other charges that are due to the agent." />
  <Value Id="33" Name="Collect taxes total" Description="The total amount of taxes to be collected." />
  <Value Id="34" Name="Collected balance required" Description="A certain sum of money that must be kept in an account." />
  <Value Id="35" Name="Container cost" Description="The cost of providing a container." />
  <Value Id="36" Name="Converted amount" Description="The amount is converted from another currency." />
  <Value Id="37" Name="Credit on consignment" Description="Credit deducted from the total invoice amount for the value of goods not included in a consignment but included in the invoice." />
  <Value Id="39" Name="Invoice total amount" Description="[5214] Amount, debited by the seller and being the total of related article item amounts in a commercial invoice." />
  <Value Id="40" Name="Goods item for customs declared value amount" Description="[5032] Amount declared for customs purposes of those goods in a consignment which are subject to the same customs procedure, and have the same tariff/statistical heading, country information and duty regime." />
  <Value Id="41" Name="Assigned Customs value" Description="Goods value assigned by Customs." />
  <Value Id="42" Name="Total cash payments received by factor" Description="Total allocated amount of cash payments received by a factor." />
  <Value Id="43" Name="Consignment for customs total amount" Description="[5070] Total amount for customs purposes of all goods in a consignment, whether or not they are subject to the same customs procedure, and have the same tariff/statistical heading, country information and duty regime." />
  <Value Id="44" Name="Goods item for carriage declared value amount" Description="[5036] Value, declared by the shipper or his agent solely for the purpose of varying the carrier's level of liability from that provided in the contract of carriage, in case of loss or damage to goods or delayed delivery." />
  <Value Id="45" Name="Deductible after importation charges (Customs)" Description="Charges (e.g. construction, assembly, erection, maintenance or technical assistance) after importation, which are included in the total invoice price, that may be deducted to arrive at a Customs value." />
  <Value Id="46" Name="Customs allowable deduction basis amount" Description="[5020] Allowable deductions from the price payable for calculating Customs value." />
  <Value Id="47" Name="Delivery fee" Description="Fees incurred by delivery." />
  <Value Id="48" Name="Deposit total" Description="The whole amount of money that one entrusts for safekeeping." />
  <Value Id="49" Name="Development necessary for production of imported goods (Customs)" Description="Value of engineering, development, artwork, design work and plans and sketches carried out elsewhere than in the Customs territory and necessary for the production of the imported goods." />
  <Value Id="50" Name="Disbursements" Description="Amount of disbursements to be collected by the carrier according to the order given by the shipper." />
  <Value Id="51" Name="Disbursements fee" Description="Fee charged for the collection of disbursements." />
  <Value Id="52" Name="Discount amount" Description="An amount deducted in advance, usually calculated based on a percentage." />
  <Value Id="53" Name="Discount amount due" Description="The amount of discount that is due." />
  <Value Id="54" Name="Distribution service fee" Description="The fee charged for the provision of distribution services." />
  <Value Id="55" Name="Duty amount" Description="The amount of duty." />
  <Value Id="56" Name="Duty/tax/fee basis amount" Description="The amount specified is the basis for duty/tax or fee." />
  <Value Id="57" Name="Equivalent amount" Description="This amount is equivalent to the amount to be transferred, but in another currency." />
  <Value Id="58" Name="Fee amount" Description="The amount of a fee." />
  <Value Id="59" Name="Fees paid year to date" Description="Payments made for goods thus far." />
  <Value Id="60" Name="Final (posted) amount" Description="The amount posted to an account, finally, after charges/allowances." />
  <Value Id="61" Name="Float (e.g. &quot;cash float&quot;)" Description="The status of funds in the process of collection." />
  <Value Id="62" Name="Total payments on account received by a factor" Description="Total unallocated amount of payments received by a factor." />
  <Value Id="63" Name="FOB value" Description="Identifies the value of the shipment free on board, named port of shipment (see FOB Incoterm of ICC)." />
  <Value Id="64" Name="Freight charge" Description="Amount to be paid for moving goods, by whatever means, from one place to another, inclusive discounts, allowances, rebates, adjustment factors and additional cost relating to freight costs (UN/ECE Recommendation no 23)." />
  <Value Id="65" Name="Total indirect amount payments made to a seller or his agent instead of to a factor" Description="Total indirect amount of payments made to a seller or his agent instead of to a factor." />
  <Value Id="66" Name="Goods item total" Description="Net price x quantity for the line item." />
  <Value Id="67" Name="Insurance amount" Description="Amount of insurance." />
  <Value Id="68" Name="Insurance and transport charges (Customs)" Description="(5488)+(5290) Sum total of transport and insurance charges (CCC)." />
  <Value Id="69" Name="Insurance and transport charges incurred outside Customs territory" Description="(5488)+(5290) Insurance and transport charges incurred outside a Customs territory (or a Customs union)." />
  <Value Id="70" Name="Consignment to importation location insurance amount" Description="[5488] Amount of premium payable to the insurance company to insure the goods to the port or place of importation." />
  <Value Id="71" Name="Insurance charges incurred outside of Customs territory" Description="(5488) Insurance charges incurred outside a Customs territory (or a Customs union)." />
  <Value Id="72" Name="Internal charges (Customs)" Description="Charges incurred within a Customs territory (or a Customs union)." />
  <Value Id="73" Name="Total amount of payments booked to the collateral account" Description="Total amount of payments booked to the collateral account." />
  <Value Id="74" Name="Amount to be paid in advance" Description="Amount which is to be paid before goods are delivered or the service is rendered." />
  <Value Id="75" Name="Registered capital" Description="Registered amount of equity of a company." />
  <Value Id="76" Name="Investable balance" Description="To put left over money in something offering profitable returns." />
  <Value Id="77" Name="Invoice line item amount" Description="[5068] Total sum charged with respect to a single line item of an invoice." />
  <Value Id="78" Name="Landing charges" Description="The charges incurred in landing the goods into store in the country of importation, excluding Customs duties and taxes." />
  <Value Id="79" Name="Total line items amount" Description="The sum of all the line item amounts." />
  <Value Id="80" Name="Licence fees related to imported goods (Customs)" Description="Licence fees relating to the imported goods that the buyer must pay, either directly or indirectly, as a condition of sale, to the extent that they are not included in the price actually paid or payable." />
  <Value Id="81" Name="Loading and handling cost" Description="Cost incurred by loading and handling." />
  <Value Id="82" Name="Lock box total" Description="The complete amount of funds that customers mailed in to a specific location. Often times funds are sent to a post-office lock box in their city." />
  <Value Id="83" Name="Lumpsum" Description="An agreed sum of money, which is paid in full at one time. This term is often used in connection with charter parties." />
  <Value Id="84" Name="Material consumed in production of imported goods (Customs)" Description="Value of materials consumed in the production of the imported goods." />
  <Value Id="85" Name="Maximum charge" Description="The maximum amount that can be charged for a service or product." />
  <Value Id="86" Name="Message total monetary amount" Description="The total of all monetary amounts contained within the message." />
  <Value Id="87" Name="Minimum charge" Description="The minimum amount that can be charged for a service or product." />
  <Value Id="88" Name="National preference basis amount" Description="Amount giving the basis for national preference calculation." />
  <Value Id="89" Name="Negative collected balance" Description="Having a quantity of less than zero in an account." />
  <Value Id="90" Name="Negative ledger balance" Description="For an asset account, this would be when the account had a credit balance. For liability and owner's equity accounts, it would be when the account had a debit balance." />
  <Value Id="91" Name="Net adjustment" Description="The end-of-the-period total amount which is left after recording appropriate adjusting entries." />
  <Value Id="92" Name="Net fee position" Description="The payments left over after deductions or allowances have been made." />
  <Value Id="93" Name="Net year to date excess (deficit)" Description="A negative amount of an item." />
  <Value Id="94" Name="No amount of insurance" Description="No amount of insurance has been declared for a consignment." />
  <Value Id="95" Name="No declared value for carriage" Description="No value has been declared for purposes of carriage." />
  <Value Id="96" Name="No declared value for Customs" Description="No value has been declared for Customs purposes." />
  <Value Id="97" Name="Quotation total amount" Description="[5210] Total monetary amount of a quotation." />
  <Value Id="98" Name="Original amount" Description="Original amount, without charges, allowances or adjustment." />
  <Value Id="99" Name="Other charges at destination" Description="Code to indicate charges levied at destination." />
  <Value Id="100" Name="Other charges due agent" Description="Code to indicate that certain charges accrue to an agent." />
  <Value Id="101" Name="Other charges due carrier" Description="Code to indicate that certain charges accrue to a carrier." />
  <Value Id="102" Name="Other commissions" Description="Other commissions paid by the importer to his/her agent in relation to the goods being imported." />
  <Value Id="103" Name="Other deductible charges" Description="Other charges deducted from the total invoice value." />
  <Value Id="104" Name="Other transport charges" Description="(5290) Other charges paid for transport." />
  <Value Id="105" Name="Other valuation charges (Customs)" Description="Other valuation charges which are payable by reason of the importation or sale of the goods in the Customs territory." />
  <Value Id="106" Name="Packing cost" Description="Cost for packing concerning labour and/or material." />
  <Value Id="107" Name="Transport equipment total for customs packing cost amount" Description="[5448] Costs incurred for all containers and coverings of whatever nature which are considered as being one for Customs purposes with the goods, and the cost of packing whether for labour or material." />
  <Value Id="108" Name="Parts incorporated in imported goods (Customs)" Description="Materials, components, parts and similar items incorporated in the imported goods." />
  <Value Id="109" Name="Payment discount amount" Description="Discount for paying early." />
  <Value Id="110" Name="Pick-up fee" Description="Fee incurring if item has been or will be picked up." />
  <Value Id="111" Name="Positive collected balance" Description="Having a quantity of greater than zero in an account." />
  <Value Id="112" Name="Positive ledger balance" Description="For an asset account, this would be when the account had a debit balance. For liability and owner's equity accounts, it would be when the account had a credit balance." />
  <Value Id="113" Name="Prepaid amount" Description="(5302) Amount which has been prepaid in advance." />
  <Value Id="114" Name="Prepaid charge summary total" Description="Total of all prepaid charges." />
  <Value Id="115" Name="Prepaid taxes total" Description="Total of all prepaid taxes." />
  <Value Id="116" Name="Purchase amount" Description="The cost of buying goods or services." />
  <Value Id="117" Name="Quantity discount" Description="Discount given for purchase of goods in bulk." />
  <Value Id="118" Name="Quota value" Description="The monetary value of a quota." />
  <Value Id="119" Name="Received amount" Description="The amount is what the bank received, and the one before charges/allowances." />
  <Value Id="120" Name="Sales tax" Description="Identifies the amount of sales tax payable." />
  <Value Id="121" Name="Shipment value in domestic currency" Description="The cost of transportation in domestic currency." />
  <Value Id="122" Name="Specific amount payable" Description="Amount that the consignor agrees to be invoiced or to pay. This amount is part of the total charges applied to the consignment." />
  <Value Id="123" Name="Goods item for statistics declared value amount" Description="[5218] Value declared for statistical purposes of those goods in a consignment which have the same statistical heading." />
  <Value Id="124" Name="Tax amount" Description="Tax imposed by government or other official authority related to the weight/volume charge or valuation charge." />
  <Value Id="125" Name="Taxable amount" Description="Amount on which a tax has to be applied." />
  <Value Id="126" Name="To collect" Description="Amount that has to be collected." />
  <Value Id="127" Name="Tools used in production of imported goods (Customs)" Description="Tools, dies, moulds and similar items used in the production of the imported goods." />
  <Value Id="128" Name="Total amount" Description="The amount specified is the total amount." />
  <Value Id="129" Name="Total amount subject to payment discount" Description="Part of the invoice amount which is subject to payment discount." />
  <Value Id="130" Name="Total charge due" Description="Total amount of charges payable to the carrier." />
  <Value Id="131" Name="Total charges/allowances" Description="The amount specified is the total of all charges/allowances." />
  <Value Id="132" Name="Total collect charges" Description="Total charges to be collected." />
  <Value Id="133" Name="Total collect charges at destination" Description="Total charges to be collected at destination." />
  <Value Id="134" Name="Total declared" Description="The total value of declared amounts." />
  <Value Id="135" Name="Total freight due" Description="Total amount of freight costs payable to the carrier." />
  <Value Id="136" Name="Total invoice additional amount" Description="(5140) Amount to be added to the sum of invoice line amounts to arrive at the total invoice amount." />
  <Value Id="137" Name="Damage protection plan coverage" Description="Indicates the amount of damage coverage provided under the Damage Protection Plan (DPP)." />
  <Value Id="138" Name="Total monetary discount amount" Description="Total of monetary discount amounts." />
  <Value Id="139" Name="Total payment amount" Description="A complete charge for goods or services rendered." />
  <Value Id="140" Name="Total service charge" Description="The complete payment owed to one who has performed work for another." />
  <Value Id="141" Name="Cost, insurance and freight (CIF) value" Description="Identifies the value of cost, insurance and freight. (Refer to ICC Incoterm CIF for an expanded definition)." />
  <Value Id="142" Name="Trade discount" Description="Discount given to any purchaser at a particular commercial level e.g. at wholesale or retail level." />
  <Value Id="143" Name="Transfer amount" Description="The amount which has been transferred from buyer to the sellers bank." />
  <Value Id="144" Name="Transport charges (Customs)" Description="(5290) Cost incurred by shipper in moving goods, by whatever means, from one place to another under the terms of the contract of carriage, see UN/ECE Recommendation No 23. Synonym: freight charges (Customs)." />
  <Value Id="145" Name="Transport charges incurred outside Customs territory" Description="(5290) Transport charges incurred outside a Customs territory (or a Customs union)." />
  <Value Id="146" Name="Unit price" Description="(5110) Reporting monetary amount is a &quot;per unit&quot; amount." />
  <Value Id="147" Name="Acceptable quotation fluctuation amount" Description="The maximum increase or decrease in constituent material fluctuation which will not result in an item price renegotiation." />
  <Value Id="148" Name="Total payments under guarantee" Description="Total amount paid under guarantee, such as under a factor's guarantee." />
  <Value Id="149" Name="Valuation charge" Description="A charge based on the value of goods or cargo." />
  <Value Id="150" Name="Value added tax amount" Description="[5490] Amount in national currency resulting from the application, at the appropriate rate, of value added tax (or similar tax) to the invoice amount subject to such tax." />
  <Value Id="151" Name="Consignment insured value amount" Description="[5011] Representation in figures of the total sum covered by an insurance for a particular shipment." />
  <Value Id="152" Name="Subsequent resale of imported goods (Customs)" Description="Value of any part of the proceeds of any subsequent resale, disposal or use of the imported goods that accrues, directly or indirectly, to the seller." />
  <Value Id="153" Name="Weight charge" Description="A charge based on the weight of goods or cargo." />
  <Value Id="154" Name="Amount to be collected" Description="The monetary amount that is to be collected." />
  <Value Id="155" Name="Standard duty" Description="Standard Customs duty that would apply if special provisions did not apply." />
  <Value Id="156" Name="G-Amount" Description="Amount out of total invoice amount being paid into a blocked account." />
  <Value Id="157" Name="Insurance value" Description="(5010) Value for which the goods are insured." />
  <Value Id="158" Name="Insurance and transport charges incurred inside Customs territory" Description="(5488)+(5290) Charges to be paid for moving goods, by whatever means, from the point of entry into the Customs territory (within a Customs union: to the point of entry in the final destination country)." />
  <Value Id="159" Name="Licence (value deducted)" Description="Amount in the currency of the licence to be written off from the total licence value." />
  <Value Id="160" Name="Other costs" Description="(5346) Costs, other than packing, freight and insurance costs, specified separately." />
  <Value Id="161" Name="Duty, tax or fee amount" Description="Amount of duty, tax or fee." />
  <Value Id="162" Name="Customs duty paid" Description="Amount which can be deducted from the stated invoice price where that price includes the Customs duty amount." />
  <Value Id="163" Name="Wage tax share" Description="Wage tax share of total amount to be paid directly to tax collector." />
  <Value Id="164" Name="Social securities premiums share" Description="Social securities share of total amount to be paid directly to the social securities collector." />
  <Value Id="165" Name="Adjustment amount" Description="Amount being the balance of the amount to be adjusted and the adjusted amount." />
  <Value Id="166" Name="Guarantee amount (Customs)" Description="Amount of the guarantee placed with Customs." />
  <Value Id="167" Name="Actual versus calculated price difference" Description="Difference between actual and calculated price." />
  <Value Id="168" Name="Tax sub-totals" Description="A sub total of tax values." />
  <Value Id="169" Name="Alternate currency total amount" Description="The total amount as expressed in an alternate currency." />
  <Value Id="170" Name="Document amount" Description="The monetary value stated within a related document." />
  <Value Id="171" Name="Total reassignments of factored invoices" Description="Total amount of factored invoices and credit notes reassigned to the seller or to another factor." />
  <Value Id="172" Name="Stated amount" Description="The monetary amount that has been declared." />
  <Value Id="173" Name="Minimum amount" Description="Lowest possible value; minimum." />
  <Value Id="174" Name="Balance brought forward" Description="[5190] Opening balance of the account brought forward from the prior accounting period." />
  <Value Id="175" Name="Message total additional amount" Description="An amount in addition to the total message value." />
  <Value Id="176" Name="Message total duty/tax/fee amount" Description="Total of all duty/tax/fee amounts." />
  <Value Id="177" Name="Message total amount prepaid" Description="Total of all prepaid amounts within the message." />
  <Value Id="178" Name="Exact amount" Description="Specific amount." />
  <Value Id="179" Name="Maximum amount" Description="Highest possible value; maximum." />
  <Value Id="180" Name="Amount up to" Description="Highest possible value; up to." />
  <Value Id="181" Name="Amount not exceeding" Description="Highest possible value; not exceeding." />
  <Value Id="182" Name="Any other specification/tolerance" Description="Any further qualification of the amount." />
  <Value Id="183" Name="No specification/tolerance" Description="No further qualification of the amount." />
  <Value Id="184" Name="Final net acquisition cost" Description="The final cost of acquisition, net of all add-ons and discounts." />
  <Value Id="185" Name="Labour cost" Description="The cost of providing labour to complete a task." />
  <Value Id="186" Name="Material cost" Description="The cost of materials needed to complete a task." />
  <Value Id="187" Name="Other cost" Description="Non specific costs for an item in addition to those stated explicitly." />
  <Value Id="188" Name="Overhead cost" Description="The cost of overhead when completing a task." />
  <Value Id="189" Name="Packaging cost" Description="The cost of packaging an item." />
  <Value Id="190" Name="Prototype set up cost" Description="The cost of setting up a prototype." />
  <Value Id="191" Name="Authorized cleaning amount" Description="Amount of money authorized for cleaning services." />
  <Value Id="192" Name="Raw material per cart cost" Description="The cost of raw material expressed per cart." />
  <Value Id="193" Name="Raw material per unit of measure cost" Description="The cost of raw material expressed per unit of measure." />
  <Value Id="194" Name="Total die model cost" Description="The total of costs for a die model." />
  <Value Id="195" Name="Total gauge cost" Description="The total of costs for a gauge." />
  <Value Id="196" Name="Total material including purchased components cost" Description="The total cost of materials for an item, including components purchased externally." />
  <Value Id="197" Name="Total purchased components cost" Description="The total cost of components purchased externally." />
  <Value Id="198" Name="Total tooling cost" Description="The total of costs relating to tooling." />
  <Value Id="199" Name="Delivery limitation amount" Description="The monetary limitation amount for a delivery." />
  <Value Id="200" Name="Minimum amount due" Description="The minimum amount that must be paid on an amount now due for payment." />
  <Value Id="201" Name="Penalty amount" Description="The penalty charge incurred if or because conditions are not met." />
  <Value Id="202" Name="Interest amount" Description="The amount of interest charged or paid on a debit or credit balance." />
  <Value Id="203" Name="Line item amount" Description="Goods item total minus allowances plus charges for line item. See also Code 66." />
  <Value Id="204" Name="Allowance amount" Description="An amount deducted in advance in consideration of some specified factor." />
  <Value Id="205" Name="Additional amount covered: freight costs" Description="Additional amount (freight costs) which is also covered under the documentary credit." />
  <Value Id="206" Name="Additional amount covered: inspection costs" Description="Additional amount (inspection costs) which is also covered under the documentary credit." />
  <Value Id="207" Name="Additional amount covered: insurance costs" Description="Additional amount (insurance costs) which is also covered under the documentary credit." />
  <Value Id="208" Name="Additional amount covered: interest" Description="Additional amount (interest) which is also covered under the documentary credit." />
  <Value Id="209" Name="Agent commission amount" Description="Amount which has to be paid to an agent." />
  <Value Id="210" Name="Credit note amount" Description="Amount of a credit note." />
  <Value Id="211" Name="Debit note amount" Description="Amount of a debit note." />
  <Value Id="212" Name="Documentary credit amount" Description="Amount of the documentary credit." />
  <Value Id="213" Name="Part of documentary credit amount" Description="Part of documentary credit amount subject to sight payment, deferred payment or acceptance when the documentary credit is available by mixed payment." />
  <Value Id="214" Name="Advance payment at the beginning of works" Description="Amount paid to the contractor at the beginning of works in the construction to be deducted later." />
  <Value Id="215" Name="Deduction of advance payment amount at the beginning of works" Description="Progressive deduction of advance payment, as works go on." />
  <Value Id="216" Name="Advance payment amount on building material" Description="An amount paid in advance for the purchase of building material." />
  <Value Id="217" Name="Deduction of the advance payment amount on building material" Description="The cost of building material less any monies paid in advance." />
  <Value Id="218" Name="Advance payment amount on stock" Description="An amount paid in advance for the purchase of stock." />
  <Value Id="219" Name="Deduction of the advance payment amount on stock" Description="The cost of stock less any monies paid in advance." />
  <Value Id="220" Name="Amount subject to guarantee retention" Description="Amount participating in the assessment basis of a guarantee retention." />
  <Value Id="221" Name="Amount not subject of guarantee retention" Description="Amount not participating in the assessment basis of a guarantee retention." />
  <Value Id="222" Name="Amount subject to contractual retention" Description="Amount participating in the assessment basis of a contractual retention." />
  <Value Id="223" Name="Works amount, initial" Description="Total amount of works in the initial contract." />
  <Value Id="224" Name="Works amount, variations" Description="Total amount of contract variations, not including the amount planned on initial contract." />
  <Value Id="225" Name="Works amount, total" Description="Total amount of works, including initial contract and variations." />
  <Value Id="226" Name="Retention amount" Description="The amount of money that has been or is to be retained." />
  <Value Id="227" Name="Deposit" Description="Part of the amount of retention, not covered by guarantee of retention, and thus deducted from the amount paid to the contractor until release of retention." />
  <Value Id="228" Name="Deposit refund" Description="Refund of deposit, due to an increase of the guarantee of retention amount, or a decrease of the amount of retention." />
  <Value Id="229" Name="Guarantee on retention refund" Description="Refund of deposit, due to partial or complete release of retention." />
  <Value Id="230" Name="Amount subject to escalation" Description="Amount which is used as the basis for the calculation of the escalation." />
  <Value Id="231" Name="Amount subject to escalation, initial" Description="Amount in the initial contract which is used as the basis for the calculation of the escalation." />
  <Value Id="232" Name="Amount of variations subject to escalation" Description="Amount of variations which is used as the basis for the calculation of the escalation." />
  <Value Id="233" Name="Amount not subject to escalation" Description="Amount which is not included in the calculation of the escalation." />
  <Value Id="234" Name="Amount not subject to escalation, initial" Description="Amount in the initial contract which is not included in the calculation of the escalation." />
  <Value Id="235" Name="Amount of variations not subject to escalation" Description="Amount of variations which is not included in the calculation of the escalation." />
  <Value Id="236" Name="Amount subject to price adjustment" Description="Amount which is used as the basis for price adjustment calculation." />
  <Value Id="237" Name="Amount subject to price adjustment, initial" Description="Amount in the initial contract which is used as the basis for the price adjustment calculation." />
  <Value Id="238" Name="Amount of variations subject to price adjustment" Description="Amount of variations which is used as the basis for price adjustment calculation." />
  <Value Id="239" Name="Amount not subject to price adjustment" Description="Amount which is not included in the calculation of the price adjustment." />
  <Value Id="240" Name="Amount not subject to price adjustment, initial" Description="Amount in the initial contract which is not included in the calculation of the price adjustment." />
  <Value Id="241" Name="Amount of variations not subject to price adjustment" Description="Amount of variations which is not included in the calculation of the price adjustment." />
  <Value Id="242" Name="Escalation amount" Description="Difference between initial amount and current amount." />
  <Value Id="243" Name="Provisional escalation amount" Description="Difference between initial amount and provisional current amount." />
  <Value Id="244" Name="Price adjustment amount" Description="Difference between initial amount and revised amount." />
  <Value Id="245" Name="Provisional price adjustment amount" Description="Difference between initial amount and provisional revised amount." />
  <Value Id="246" Name="Price revaluation amount" Description="Amount of escalation and price adjustment." />
  <Value Id="247" Name="Provisional price revaluation amount" Description="Provisional amount of escalation and price adjustment." />
  <Value Id="248" Name="Contractual retention amount total" Description="Retention on a basis contractually fixed." />
  <Value Id="249" Name="Valuation amount" Description="Amount of valuation." />
  <Value Id="250" Name="Deduction amount of direct payments to subcontractors" Description="Deduction of amounts directly paid to subcontractors." />
  <Value Id="251" Name="Amortization total amount" Description="Indication of final monetary amount for amortization." />
  <Value Id="252" Name="Amortization order amount" Description="Indication of actual share of the monetary amount for amortization." />
  <Value Id="253" Name="Amortization cumulated amount" Description="Indication of actual cumulated monetary amount of previous and actual amortization order amount." />
  <Value Id="254" Name="Current credit cover" Description="Limit for current credit cover." />
  <Value Id="255" Name="New credit cover" Description="Limit for new credit cover." />
  <Value Id="256" Name="Order cover" Description="Credit cover for an individual order or shipment." />
  <Value Id="257" Name="Amount subject to dispute" Description="The amount that is being disputed." />
  <Value Id="258" Name="Charge amount for information" Description="The stated charge amount is only for information. The amount will be debited due to agreement." />
  <Value Id="259" Name="Total charges" Description="The total amount of all the charges." />
  <Value Id="260" Name="Total allowances" Description="The total amount of all the allowances." />
  <Value Id="261" Name="Alternate currency amount" Description="The amount as expressed in an alternate currency." />
  <Value Id="262" Name="Instalment amount" Description="Amount paid or due for a single instalment of an instalment payment scheme." />
  <Value Id="263" Name="Outstanding amount" Description="Amount still remaining outstanding for payment." />
  <Value Id="264" Name="Gross contribution amount" Description="Gross amount contributed. This may include commissions or allowances." />
  <Value Id="265" Name="Commission amount" Description="Amount of any commission." />
  <Value Id="266" Name="Net contribution amount" Description="Amount contributed net of any commission or other allowances ." />
  <Value Id="267" Name="Regular contribution amount" Description="Specified contribution amount regularly paid." />
  <Value Id="268" Name="Previous regular contribution amount" Description="Specified contribution amount regularly paid before a change ." />
  <Value Id="269" Name="Variation amount" Description="Difference from a nominated amount." />
  <Value Id="270" Name="Notional salary" Description="A salary amount specified for a particular category of employees." />
  <Value Id="271" Name="Nominal salary" Description="The salary amount without special allowances or other cash benefits." />
  <Value Id="272" Name="Taxable salary" Description="The salary amount which is taxable." />
  <Value Id="273" Name="Superannuation salary" Description="Salary used for superannuation benefit/contribution purposes ." />
  <Value Id="274" Name="Total remuneration" Description="The amount of the total value of a person's remuneration." />
  <Value Id="275" Name="Other salary" Description="The amount of other salary or allowances in addition to a base salary." />
  <Value Id="276" Name="Annual salary" Description="The total amount of wages paid during a year." />
  <Value Id="277" Name="Total contributions amount" Description="Sum of individual contributions." />
  <Value Id="278" Name="Voluntary contribution amount" Description="The amount is for a non-compulsory contribution." />
  <Value Id="279" Name="Instalment first amount" Description="First of a number of due amounts if payment by instalment is agreed." />
  <Value Id="280" Name="Instalment current amount" Description="Current amount of a number of due amounts if payment by instalment is agreed." />
  <Value Id="281" Name="Instalment last amount" Description="Last of a number of due amounts if payment by instalment is agreed." />
  <Value Id="282" Name="Current maintenance fee" Description="Current amount of a number of amounts due on maintenance contract." />
  <Value Id="283" Name="Current leasing fee" Description="Current amount of a number of amounts due on lease contracts." />
  <Value Id="284" Name="Day works amount" Description="The amount of work calculated on the basis of manpower time and supply cost." />
  <Value Id="285" Name="Manufacturer's bonus" Description="Allowance given as a manufacturer's bonus." />
  <Value Id="286" Name="Administration charge" Description="Charge made for an administration activity." />
  <Value Id="287" Name="Fuel charge" Description="Charge relating to fuel supplied." />
  <Value Id="288" Name="Registration plate charge" Description="The charge relating to the normal supply of vehicle registration plates." />
  <Value Id="289" Name="Subtotal amount" Description="Total amount of money that is part of a complete amount." />
  <Value Id="290" Name="Dumping export value" Description="The export value calculated for the purposes of assessing dumping duty." />
  <Value Id="291" Name="Foreign inland freight" Description="The amount of inland freight incurred in delivering the goods to the place of export." />
  <Value Id="292" Name="Concession amount" Description="The amount of any concession. To allow the nomination of the difference between the amount of duty plus tax paid and the amount that would have been payable without an end-use security being applied." />
  <Value Id="293" Name="Chargeback" Description="Invoice amount charged back to seller." />
  <Value Id="294" Name="Charge per credit cover" Description="Unit charge per credit cover established." />
  <Value Id="295" Name="Charge per unused credit cover" Description="Unit charge per unused credit cover." />
  <Value Id="296" Name="Total authorised deduction" Description="Total amount of authorised deductions." />
  <Value Id="297" Name="Total chargebacks" Description="Total amount charged back to the seller." />
  <Value Id="298" Name="Total offsets" Description="Total amount offset against other items on the seller's or buyer's account." />
  <Value Id="299" Name="Total special entries" Description="Total amount to be treated as special booking entry by the beneficiary." />
  <Value Id="300" Name="Balance carried forward" Description="Closing balance of the account to be carried forward to the next accounting period." />
  <Value Id="301" Name="Total outstanding invoices past due" Description="Total amount of outstanding invoices past due." />
  <Value Id="302" Name="Off balance disputed items" Description="Total amount of disputed invoices/credit notes." />
  <Value Id="303" Name="Commission invoices" Description="Amount of commission invoices." />
  <Value Id="304" Name="Other charges" Description="Miscellaneous charges." />
  <Value Id="305" Name="Amount remittances" Description="Amount of money remitted." />
  <Value Id="306" Name="Total amount of payment commission invoices" Description="Total amount of commission invoices paid." />
  <Value Id="307" Name="Total amount of payment other charges invoices" Description="Total amount of invoices for miscellaneous charges paid." />
  <Value Id="308" Name="Total amount credit notes" Description="Total amount of credit notes." />
  <Value Id="309" Name="Total adjustment invoices" Description="Total amount of adjustments to invoices." />
  <Value Id="310" Name="Total adjustment credit notes" Description="Total amount of adjustments to credit notes." />
  <Value Id="311" Name="Total adjustment payments" Description="Total amount of adjustments to payments." />
  <Value Id="312" Name="Base unit value" Description="Value per base unit." />
  <Value Id="313" Name="International freight" Description="The amount of freight paid for moving goods between place of export and place of import." />
  <Value Id="314" Name="Own risk amount" Description="Amount for own credit risk, not covered by credit cover." />
  <Value Id="315" Name="Opening balance" Description="The amount of the opening balance." />
  <Value Id="316" Name="Insurance premium" Description="Premium amount including commission without insurance tax and fees." />
  <Value Id="317" Name="Insurance commission" Description="Amount due to an intermediary to be chargeable to an insurer for obtaining insurance business." />
  <Value Id="318" Name="Insurance tax" Description="Insurance tax amount on insurance premium and fees." />
  <Value Id="319" Name="Fee of insurer" Description="Amount to be paid to an insurer as a handling charge." />
  <Value Id="320" Name="Fee of intermediary" Description="Amount to be paid to an intermediary as a handling fee." />
  <Value Id="321" Name="Debit flow" Description="Debit flow amount applying to an account." />
  <Value Id="322" Name="Closing balance payable" Description="Outstanding payable amount of the account at the end of the reporting period." />
  <Value Id="323" Name="Opening balance payable" Description="Outstanding payable amount of the account at the beginning of the reporting period." />
  <Value Id="324" Name="Opening balance receivable" Description="Outstanding receivable amount of the account at the beginning of the reporting period." />
  <Value Id="325" Name="Closing balance receivable" Description="Outstanding receivable payable amount of the account at the end of the reporting period." />
  <Value Id="326" Name="Net assets and liabilities" Description="Position amount of the assets and liabilities at reporting date." />
  <Value Id="327" Name="Adjustment to debit flow" Description="Adjustment to debit flow amount." />
  <Value Id="328" Name="Adjustment to credit flow" Description="Adjustment to a credit flow amount." />
  <Value Id="329" Name="Credit flow" Description="Credit flow amount applying to an account." />
  <Value Id="330" Name="Total prepaid other charges due carrier" Description="The total of prepaid other charges due to carrier." />
  <Value Id="331" Name="Total collect weight charge" Description="The total collect charge based on weight." />
  <Value Id="332" Name="Total prepaid weight charge" Description="The total prepaid charge based on weight." />
  <Value Id="333" Name="Total collect other charges due carrier" Description="The total of collect other charges due to carrier." />
  <Value Id="334" Name="Total prepaid other charges due agent" Description="The total of prepaid other charges due to agent." />
  <Value Id="335" Name="Total collect valuation charge" Description="The total collect valuation charge." />
  <Value Id="336" Name="Total prepaid valuation charge" Description="The total prepaid valuation charge." />
  <Value Id="337" Name="Authorized cleaning charges excluded from insurance" Description="Indicates the amount of cleaning charges authorized which are not covered by insurance." />
  <Value Id="338" Name="Escalated value" Description="Indicates the escalated value derived by application of an escalation factor to an original monetary value." />
  <Value Id="339" Name="Original invoice gross total value" Description="Indicates the gross total value of an original invoice." />
  <Value Id="340" Name="Original total net invoice value" Description="Indicates the net value of an original invoice after deduction or addition of all allowances or charges." />
  <Value Id="341" Name="Offset value" Description="Indicates the value of an offset." />
  <Value Id="342" Name="Non-taxable amount" Description="Monetary amount which is not subject to taxation." />
  <Value Id="343" Name="Closing balance" Description="The closing balance is the last balance for a reporting period." />
  <Value Id="344" Name="Value date balance" Description="This is the balance on value date." />
  <Value Id="345" Name="Cost information for providing the statement" Description="Cost information for providing the statement." />
  <Value Id="346" Name="Total credits" Description="The total of all credit items reported." />
  <Value Id="347" Name="Total debits" Description="The total of all debit items reported." />
  <Value Id="348" Name="Booked amount on the account" Description="Booked amount on the account." />
  <Value Id="349" Name="Pending amount to be booked on the account" Description="Pending amount to be booked on the account." />
  <Value Id="350" Name="Damage repair cost" Description="Cost incurred by repair of the damage." />
  <Value Id="351" Name="Labour rate per hour" Description="Amount of labour rate per hour." />
  <Value Id="352" Name="Total equipment labour costs for wear and tear" Description="The total amount of the labour costs of the repair of the equipment damage due to normal wear and tear." />
  <Value Id="353" Name="Total equipment repair material costs for wear and tear" Description="The total of the material costs of the repair of the equipment damage due to normal wear and tear." />
  <Value Id="354" Name="Add to make market value" Description="Addition to the base value of an item for customs duty computation purposes." />
  <Value Id="355" Name="Pro-ratable value" Description="The value is pro-ratable." />
  <Value Id="356" Name="Deduct to make market value" Description="Deduction from the base value of an item for customs duty computation purposes." />
  <Value Id="357" Name="Interim opening balance" Description="The opening balance of a consecutive statement." />
  <Value Id="358" Name="Interim closing balance" Description="The closing balance of a consecutive statement." />
  <Value Id="359" Name="Balance to be confirmed for audit reasons" Description="Balance to be confirmed for audit reasons." />
  <Value Id="360" Name="Accrued debit interest" Description="Accrued debit interest." />
  <Value Id="361" Name="Accrued credit interest" Description="Accrued credit interest." />
  <Value Id="362" Name="Part of booked amount" Description="The amount is contained within the booked amount." />
  <Value Id="363" Name="Increase of documentary credit amount" Description="Amount of increase of the documentary credit." />
  <Value Id="364" Name="Decrease of documentary credit amount" Description="Amount of decrease of the documentary credit." />
  <Value Id="365" Name="New documentary credit amount after amendment" Description="New amount of the documentary credit after an amendment." />
  <Value Id="366" Name="Rounding amount" Description="The amount by which an amount is being rounded." />
  <Value Id="367" Name="Labour sales tax" Description="Amount of sales tax applicable to the cost of labour." />
  <Value Id="368" Name="Material sales tax" Description="Amount of sales tax applicable to the cost of materials." />
  <Value Id="369" Name="Goods and services tax" Description="Amount charged as tax on goods and services." />
  <Value Id="370" Name="State or province sales tax" Description="Amount charged as state or province sales tax." />
  <Value Id="371" Name="Amount to be transferred" Description="The exact amount payable after any adjustments." />
  <Value Id="372" Name="Direct debit transfer amount" Description="The transfer amount of a direct debit." />
  <Value Id="373" Name="Total amount of negative credit entries" Description="Total amount of negative credit entries." />
  <Value Id="374" Name="Total amount of positive credit entries" Description="Total amount of positive credit entries." />
  <Value Id="375" Name="Total amount of positive debit entries" Description="Total amount of positive debit entries." />
  <Value Id="376" Name="Accounting entry amount" Description="Amount concerning an accounting entry." />
  <Value Id="377" Name="Entry's expected amount" Description="Expected amount of an entry." />
  <Value Id="378" Name="Closing date credit balance" Description="The credit balance to be carried forward at closing date." />
  <Value Id="379" Name="Closing date debit balance" Description="The debit balance to be carried forward at closing date." />
  <Value Id="380" Name="Total amount of negative debit entries" Description="Total amount of negative debit entries." />
  <Value Id="381" Name="Budget cost" Description="The amount specified is the budget cost." />
  <Value Id="382" Name="Actual cost" Description="The amount specified is the actual cost." />
  <Value Id="383" Name="Estimate cost" Description="Amount specified is the estimate cost." />
  <Value Id="384" Name="Earned value cost" Description="Amount specified is the earned value cost." />
  <Value Id="385" Name="Warranty repair coverage" Description="The amount of repair covered under warranty." />
  <Value Id="386" Name="Maximum amount including Value Added Tax (VAT)" Description="The maximum monetary amount which includes the Value Added Tax (VAT)." />
  <Value Id="387" Name="Minimum amount including Value Added Tax (VAT)" Description="The minimum monetary amount which includes the Value Added Tax (VAT)." />
  <Value Id="388" Name="Total amount including Value Added Tax (VAT)" Description="The total monetary amount which includes the Value Added Tax (VAT)." />
  <Value Id="389" Name="Amount excluding Value Added Tax (VAT)" Description="The monetary amount which excludes the Value Added Tax (VAT)." />
  <Value Id="390" Name="Minimum amount excluding Value Added Tax (VAT)" Description="The minimum monetary amount which excludes the Value Added Tax (VAT)." />
  <Value Id="391" Name="Indemnity amount" Description="The monetary amount which is used as an indemnity." />
  <Value Id="392" Name="Sub-contracted amount" Description="The monetary amount which will be sub-contracted." />
  <Value Id="393" Name="Amount due for work completed during a specified time period" Description="Monetary amount due for work completed during a specified time period." />
  <Value Id="394" Name="Minimum order or contract amount permitting a fixed sum advance" Description="The minimum monetary amount of an order or a contract which enables the payment of a fixed sum advance." />
  <Value Id="395" Name="Vending machine refund amount" Description="An amount refunded by a vending machine as change in a purchase." />
  <Value Id="396" Name="Total price subsidy value" Description="The total value of all price subsidies." />
  <Value Id="397" Name="Advertising amount" Description="Amount related to advertising." />
  <Value Id="398" Name="Fixed sum advance base amount" Description="The base amount on which a fixed sum advance is calculated." />
  <Value Id="399" Name="Optional advance amount" Description="The monetary amount which may be advanced on a payment." />
  <Value Id="400" Name="Rebate amount" Description="An amount returned by the supplier to the buyer (or credited to the buyer�s account) in consideration of some specified factor." />
  <Value Id="401" Name="Penalty basis amount" Description="Amount used as the basis to calculate a penalty." />
  <Value Id="402" Name="Total retail value" Description="The total retail value of all products." />
  <Value Id="403" Name="Exemption amount" Description="To specify an exempted amount." />
  <Value Id="404" Name="Budget amount" Description="To specify the amount of a budget." />
  <Value Id="405" Name="Value of services remaining to be carried out" Description="To specify the monetary amount for which services remain to be carried out." />
  <Value Id="406" Name="Maximum amount excluding value added tax" Description="The maximum amount without the addition of a value added tax." />
  <Value Id="407" Name="Annual revenue" Description="The amount of revenue received in a year." />
  <Value Id="408" Name="Co-insurance commission" Description="The commission paid to the lead insurer for co- insurance." />
  <Value Id="409" Name="Negotiated cost" Description="The current cost value to which all parties have negotiated and agreed." />
  <Value Id="410" Name="Estimated cost, authorized unpriced work" Description="The estimated cost for work for which written authorization has been received, but the work has not been priced." />
  <Value Id="411" Name="Contract target profit" Description="The profit that will be realised if a contract target is met." />
  <Value Id="412" Name="Contract target fee" Description="The incentive fee amount that will apply if the contract target is met." />
  <Value Id="413" Name="Contract target price" Description="The negotiated contract cost, plus profit or incentive fees paid for meeting contract target objectives." />
  <Value Id="414" Name="Final contract price, estimated" Description="The estimated final contract price based on the most likely estimate of cost at completion." />
  <Value Id="415" Name="Contract ceiling price" Description="The upper price limit on a contract." />
  <Value Id="416" Name="Contract ceiling price, estimated" Description="The estimated upper price limit on a contract." />
  <Value Id="417" Name="Contract cost to completion, estimated" Description="The estimated cost to complete the contract." />
  <Value Id="418" Name="Contract cost at contract completion, estimated" Description="The estimated cost of the contract when it is complete." />
  <Value Id="419" Name="Contract cost at completion, best case estimate" Description="The best case estimated cost of the contract when it is complete." />
  <Value Id="420" Name="Contract cost at completion, worst case estimate" Description="The worst case estimated cost of the contract when it is complete." />
  <Value Id="421" Name="Contract cost at completion, most likely estimate" Description="The most likely estimated cost of the contract when it is complete." />
  <Value Id="422" Name="Contract budget base" Description="The budget base cost for a contract." />
  <Value Id="423" Name="Contract cost of money" Description="The cost of money applicable to a contract." />
  <Value Id="424" Name="General and administrative costs" Description="Costs attributed to general and administrative activities." />
  <Value Id="425" Name="Contract undistributed budget cost" Description="Budget cost not assigned or distributed to contract activities." />
  <Value Id="426" Name="Contract management reserve" Description="Amount of the contract budget withheld for management purposes." />
  <Value Id="427" Name="Budget performance" Description="The budget baseline amount against which performance is measured." />
  <Value Id="428" Name="Budget cost, cumulative to date" Description="The cumulative to date cost of planned work." />
  <Value Id="429" Name="Actual cost, cumulative to date" Description="Cumulative to date amount of actual costs." />
  <Value Id="430" Name="Earned value cost, cumulative to date" Description="The cumulative to date value of costs earned as work is completed." />
  <Value Id="431" Name="Cost variance" Description="The difference between the actual cost incurred to complete work and the budget cost of the work completed (earned value) for a given reporting period." />
  <Value Id="432" Name="Cost variance, cumulative to date" Description="The cumulative to date difference between the actual cost incurred to complete work and the budget cost of the work completed (earned value) for a given reporting period." />
  <Value Id="433" Name="Contract replanning adjustment, cost variance" Description="The amount of adjustment made to cost variances when it is necessary to replan the remaining work on a contract." />
  <Value Id="434" Name="Contract replanning adjustment, budget" Description="The amount of adjustments made to a budget baseline when it is necessary to replan the remaining work on a contract." />
  <Value Id="435" Name="Budget cost at completion" Description="The cost of the budget at the completion of a contract or project." />
  <Value Id="436" Name="Contract negotiated cost, original" Description="The original cost value for a contract that all parties involved have negotiated and agreed to." />
  <Value Id="437" Name="Contract target price, initial" Description="The initial negotiated contract costs, plus profit or incentive fees, paid for meeting contract target objectives." />
  <Value Id="438" Name="Contract ceiling price, initial" Description="The initial upper price limit on a contract." />
  <Value Id="439" Name="Contract target price, adjusted" Description="The adjusted negotiated contract cost plus target or incentive fees paid for meeting contract target objectives." />
  <Value Id="440" Name="Contract ceiling price, adjusted" Description="The adjusted upper price limit on a contract." />
  <Value Id="441" Name="Open commitment amount" Description="Estimated obligations to vendors." />
  <Value Id="442" Name="Accrued expenditure" Description="Recorded or incurred expenditures." />
  <Value Id="443" Name="Contract funds authorized, to date" Description="Cost value of contract funds authorized from the beginning of the contract or from a specific fiscal year through the current reporting period." />
  <Value Id="444" Name="Contract billing, forecast" Description="The amount expected to be billed for a contract." />
  <Value Id="445" Name="Contract termination costs, estimated" Description="The estimate of the costs that would be incurred to liquidate all obligations if the contract were to be terminated." />
  <Value Id="446" Name="Contract funds forecast, unauthorized work" Description="A forecast of the funds required for unauthorized work on a contract." />
  <Value Id="447" Name="Contract funds forecast, additional work" Description="A forecast of the funds required for additional work on a contract." />
  <Value Id="448" Name="Contract total funds required, estimated" Description="Estimate of the total funds required for a contract." />
  <Value Id="449" Name="Contract funds carried forward" Description="Amount of contract funds carried forward." />
  <Value Id="450" Name="Contract net funds required, estimated" Description="Estimate of net funds required for a contract based on total funding requirements less any funds carried over from a previous year." />
  <Value Id="451" Name="Cost variance at completion" Description="The cost difference between budget at completion and estimate at completion." />
  <Value Id="452" Name="Harmonized tariff schedule mixture, composite or set value" Description="The value of a mixture, composite, or set as defined by the harmonized tariff schedule general rules of interpretation 3(b) or 3(c)." />
  <Value Id="453" Name="Agreed monetary amount debit line limit" Description="Limit of the agreed monetary amount debit line." />
  <Value Id="454" Name="Total debit charges, not included in debit amount" Description="Total debit related charges, not included in debit amount." />
  <Value Id="455" Name="Total debit allowances, not included in debit amount" Description="Total debit related allowances, not included in debit amount." />
  <Value Id="456" Name="Total debit charges, included in debit amount" Description="Total debit related charges, included in debit amount." />
  <Value Id="457" Name="Total debit allowances, included in debit amount" Description="Total debit related allowances, included in debit amount." />
  <Value Id="458" Name="Total debit charges, not included in debit amount, to be booked simultaneously with debit amount" Description="Total debit related charges, not included in debit amount, to be booked at the same time as the debit amount." />
  <Value Id="459" Name="Total debit allowances, not included in debit amount, to be booked simultaneously with debit amount" Description="Total debit related allowances, not included in debit amount, to be booked at the same time as the debit amount." />
  <Value Id="460" Name="Total debit charges, not included in debit amount, to be booked separately from debit amount" Description="Total debit related charges, not included in debit amount, not to be booked together with the debit amount." />
  <Value Id="461" Name="Total debit allowances, not included in debit amount, to be booked separately from debit amount" Description="Total debit related allowances, not included in debit amount, not to be booked together with the debit amount." />
  <Value Id="462" Name="Annual turnover" Description="The annual turnover." />
  <Value Id="463" Name="Dispensing fee" Description="Fee for dispensing." />
  <Value Id="464" Name="Gross premium" Description="The total premium including all commission and fees but excluding external taxes." />
  <Value Id="465" Name="Net premium" Description="The premium net of all additions." />
  <Value Id="466" Name="Engineering fee amount" Description="The amount of engineering fees." />
  <Value Id="467" Name="Insurer paid tax amount" Description="The amount of tax that is paid by the insurer and not included in the premium." />
  <Value Id="468" Name="Insurance fixed co-payment" Description="The fixed contribution required to be paid by the insured person." />
  <Value Id="469" Name="Insurance variable co-payment" Description="The variable contribution required to be paid by the insured person." />
  <Value Id="470" Name="Negotiated contract changes" Description="The cumulative cost, excluding any fee or profit, applicable to defined contract changes that have occurred since the beginning of the contract and have been negotiated and agreed to." />
  <Value Id="471" Name="Pre-invoiced amount" Description="Amount that is, or will be pre-invoiced." />
  <Value Id="472" Name="Amount accumulated to deductible" Description="Amount paid toward the deductible amount." />
  <Value Id="473" Name="Deductible amount remaining" Description="The amount of the deductible remaining." />
  <Value Id="474" Name="Postage" Description="The amount for postage." />
  <Value Id="475" Name="Earlier debit amount" Description="Amount which has been debited earlier." />
  <Value Id="476" Name="Opening value date balance" Description="Opening balance on the value date." />
  <Value Id="477" Name="Closing value date balance" Description="Closing balance on the value date." />
  <Value Id="478" Name="Schedule variance amount" Description="The difference between the amount of work scheduled or planned (the budget) and the work completed (earned value) in cost terms for a given reporting period." />
  <Value Id="479" Name="Schedule variance amount, cumulative to date" Description="The cumulative to date difference between the amount of work scheduled or planned (the budget) and the work completed (earned value) in cost terms." />
  <Value Id="480" Name="Total debit charges, not included in credit amount" Description="Total debit-related charges, not yet included in credit amount." />
  <Value Id="481" Name="Total credit allowances, not included in credit amount" Description="Total credit-related allowances, not yet included in credit amount." />
  <Value Id="482" Name="Total debit charges, included in credit amount" Description="Total debit-related charges, already included in credit amount." />
  <Value Id="483" Name="Total credit allowances, included in credit amount" Description="Total credit-related allowances, already included in credit amount." />
  <Value Id="484" Name="Total debit charges, not included in credit amount, to be booked simultaneously with credit amount" Description="Total debit-related charges, not yet inlcuded in credit amount, will be booked at the same time as the credit amount." />
  <Value Id="485" Name="Total credit allowances, not included in credit amount, to be booked simultaneously with credit amount" Description="Total credit-related allowances, not yet included in credit amount, will be booked at the same time as the credit amount." />
  <Value Id="486" Name="Total debit charges, not included in credit amount, to be booked separately from credit amount" Description="Total debit-related charges, not yet included in credit amount, will not be booked together with the credit amount." />
  <Value Id="487" Name="Total credit allowances, not included in credit amount, to be booked separately from credit amount" Description="Total credit-related allowances, not yet included in credit amount, will not be booked together with the credit amount." />
  <Value Id="488" Name="Total charges, not included in transaction amount" Description="Total charges which are not included in the transaction amount." />
  <Value Id="489" Name="Total allowances, not included in transaction amount" Description="Total allowances which are not included in the transaction amount." />
  <Value Id="490" Name="Late delivery penalty" Description="Amount to be paid in case of late delivery." />
  <Value Id="491" Name="Debt financing charge" Description="A charge amount related to the financing of a debt." />
  <Value Id="492" Name="Debt financing allowance" Description="An allowance amount related to the financing of a debt." />
  <Value Id="493" Name="Cancellation charge" Description="The amount charged because of a cancellation." />
  <Value Id="494" Name="Incurred cost" Description="The amount which has been incurred." />
  <Value Id="495" Name="Accrued overdraft interest" Description="Interest amount accrued through overdraft." />
  <Value Id="496" Name="Total returnable packaging deposit amount" Description="Total deposit amount for returnable packaging." />
  <Value Id="497" Name="Goods and services total amount excluding returnable goods deposits" Description="Total amount of goods and services excluding deposits for returnable goods." />
  <Value Id="498" Name="Waiting time indemnity amount" Description="The monetary amount which is used as an indemnity for waiting." />
  <Value Id="499" Name="Total net amount excluding Value Added Tax (VAT)" Description="The total net monetary amount excluding Value Added Tax (VAT)." />
  <Value Id="500" Name="Interest on late payment of solidarity fund contribution" Description="Interest to pay because payment date of contribution solidarity fund was exceeded." />
  <Value Id="501" Name="Interest on late payment of employee's additional contribution to solidarity fund" Description="Interest to pay because payment date of employee's additional contribution is exceeded." />
  <Value Id="502" Name="Taxable disbursement amount" Description="Amount of disbursement on which tax must be applied." />
  <Value Id="503" Name="Contract total amount" Description="[5060] Total value of a contract." />
  <Value Id="504" Name="Daily contribution" Description="Amount paid on a daily basis." />
  <Value Id="505" Name="Rental amount" Description="The amount to be paid for the right to use a place, product or service." />
  <Value Id="506" Name="Gross progress payment amount" Description="Gross monetary amount paid or to be paid at intervals." />
  <Value Id="507" Name="Net progress payment amount" Description="Net monetary amount paid or to be paid at intervals." />
  <Value Id="508" Name="Value of returned product" Description="Value of product returned by the customer." />
  <Value Id="509" Name="Unit allowance amount" Description="The monetary amount of an allowance for each unit." />
  <Value Id="510" Name="Remaining available overdraft" Description="The amount still available within the limit of the overdraft." />
  <Value Id="511" Name="Unit charge amount" Description="The monetary amount of a charge for each unit." />
  <Value Id="512" Name="Agreed monetary amount credit line limit" Description="Limit of the agreed monetary amount credit line." />
  <Value Id="513" Name="Dossier amount" Description="The amount of the dossier." />
  <Value Id="514" Name="Amount for pre-advising" Description="The amount is for pre-advising only." />
  <Value Id="515" Name="Supplement" Description="The monetary amount represents the price of extra cost to pay in addition to the normal price." />
  <Value Id="516" Name="Debit balance at closing date of accounting period under review" Description="The monetary amonunt is the debit balance at the closing date of the accounting period under review." />
  <Value Id="517" Name="Credit balance at closing date of accounting period under review" Description="The monetary amount is the credit balance at the closing date of the accounting period under review." />
  <Value Id="518" Name="Debit balance at starting date of accounting period under review" Description="The monetary amount is the debit balance at the starting date of the accounting period under review." />
  <Value Id="519" Name="Credit balance at starting date of accounting period under review" Description="The monetary amount is the credit balance at the starting date of the accounting period under review." />
  <Value Id="520" Name="Total of debit balances at closing date of accounting period under review" Description="The monetary amount is the total of debit balances at the closing date of the accounting period under review." />
  <Value Id="521" Name="Total of credit balances at closing date of accounting period under review" Description="The monetary amount is the total of credit balances at the closing date of the accounting period under review." />
  <Value Id="522" Name="Total of debit balances at starting date of accounting period under review" Description="The monetary amount is the total of debit balances at the starting date of the accounting period under review." />
  <Value Id="523" Name="Total of credit balances at starting date of accounting period under review" Description="The monetary amount is the total of credit balances at the starting date of the accounting period under review." />
  <Value Id="524" Name="Cost accounting entry amount" Description="Code identifying the amount of a cost accounting entry." />
  <Value Id="525" Name="Tariff" Description="The monetary amount represents the tariff." />
  <Value Id="526" Name="Volume discount" Description="A discount for reaching or exceeding an agreed volume." />
  <Value Id="527" Name="Product range discount" Description="Discount for the purchase of a whole range of products." />
  <Value Id="528" Name="Calculation basis excluding all taxes" Description="The amount used as the basis for calculation excludes all taxes." />
  <Value Id="529" Name="Calculation basis which includes all taxes except VAT" Description="The amount, used as the basis for calculation, which includes all taxes except Value Added Tax (VAT)." />
  <Value Id="530" Name="Refund" Description="The monetary amount being reimbursed." />
  <Value Id="531" Name="Total returnable packaging rental amount" Description="Total rental amount for returnable packaging." />
  <Value Id="532" Name="Total Marine Diesel Oil on board amount, on arrival" Description="Total amount of Marine Diesel Oil (MDO) on board when vessel arrives in port." />
  <Value Id="533" Name="Total Marine Diesel Oil amount, loaded" Description="Total amount of Marine Diesel Oil (MDO) taken on in the port." />
  <Value Id="534" Name="Total Intermediate Fuel Oil on board amount, on arrival" Description="Total amount of Intermediate Fuel Oil (IFO) on board when vessel arrives in port." />
  <Value Id="535" Name="Total Intermediate Fuel Oil amount, loaded" Description="Total amount of Intermediate Fuel Oil (IFO) taken on in the port." />
  <Value Id="536" Name="Total Bunker C oil on board amount, on arrival" Description="Total amount of Bunker C, or Number 6 fuel oil on board when vessel arrives in port." />
  <Value Id="537" Name="Total Bunker C oil amount, loaded" Description="Total amount of Bunker C or Number 6 fuel oil on board when vessel arrives in port." />
  <Value Id="538" Name="Government agency valuation commodity value" Description="The value of the commodity for the purposes of a government agency valuation." />
  <Value Id="539" Name="Valuation adjustment amount" Description="Amount of adjustments to the valuation, e.g. price influence, royalties, assists, proceeds and commissions." />
  <Value Id="540" Name="Damage allowance" Description="An allowance made in the value to the extent of the damage or defect." />
  <Value Id="541" Name="Air transport freight cost" Description="Charges relating to the air transport of the goods which represent the freight charges only (i.e. not including the handling charges, agency fees etc.)." />
  <Value Id="542" Name="Unloading and handling cost" Description="Cost incurred by unloading and handling." />
  <Value Id="543" Name="Commission and brokerage, except buying commission" Description="A monetary amount representing commissions and brokerage paid by or on behalf of the purchaser of goods excluding buying commission." />
  <Value Id="ZZZ" Name="Mutually defined" Description="Mutually defined monetary amount." />
</Root>