<?xml version="1.0" encoding="utf-8"?>
<Root xmlns:xsi="http://www.w3.org/2001/XMLSchema-instance" xmlns:xsd="http://www.w3.org/2001/XMLSchema" Id="5049" Name="Contribution type description code" Description="Code specifying a type of contribution scheme." Count="an..3">
  <Value Id="1" Name="Company" Description="Company payment." />
  <Value Id="2" Name="Company award" Description="Company payment as per an industry or similar industrial award agreement." />
  <Value Id="3" Name="Company over-award" Description="Company payment which is higher than an industry or similar award agreement." />
  <Value Id="4" Name="Lump sum" Description="Payment is in the form of a single payment." />
  <Value Id="5" Name="Company additional" Description="Additional company payment." />
  <Value Id="6" Name="Company voluntary" Description="A company payment which is paid on a voluntary basis." />
  <Value Id="7" Name="Member voluntary" Description="A member payment which is paid on a voluntary basis." />
  <Value Id="8" Name="Member additional" Description="Additional member payment." />
  <Value Id="9" Name="Member individual" Description="Single payment by an individual member." />
  <Value Id="10" Name="Group" Description="Payment as part of a group plan or scheme." />
  <Value Id="11" Name="Other" Description="Contribution type differs from any of the other coded values." />
  <Value Id="ZZZ" Name="Mutually defined" Description="Mutually defined contribution type." />
</Root>