<?xml version="1.0" encoding="utf-8"?>
<Root xmlns:xsi="http://www.w3.org/2001/XMLSchema-instance" xmlns:xsd="http://www.w3.org/2001/XMLSchema" Id="5125" Name="Price code qualifier" Description="Code qualifying a price." Count="an..3">
  <Value Id="AAA" Name="Calculation net" Description="The price stated is the net price including allowances/ charges. Allowances/charges may be stated for information only." />
  <Value Id="AAB" Name="Calculation gross" Description="The price stated is the gross price to which allowances/ charges must be applied." />
  <Value Id="AAC" Name="Allowances and charges not included, tax included" Description="The price does not include the allowances and charges, but includes the taxes." />
  <Value Id="AAD" Name="Average selling price" Description="Average selling price of a product." />
  <Value Id="AAE" Name="Information price, excluding allowances or charges, including taxes" Description="The price stated is for information purposes only and excludes all allowances and charges. Taxes however are included in the price." />
  <Value Id="AAF" Name="Information price, excluding allowances or charges, and taxes" Description="The price stated is for information purposes only and excludes all allowances, charges and taxes." />
  <Value Id="AAG" Name="Additive unit price component" Description="A code to indicate that the price described is an additive component of the total price." />
  <Value Id="CAL" Name="Calculation price" Description="The price stated is the price for the calculation of the line item amount." />
  <Value Id="INF" Name="Information" Description="The price is provided for information." />
  <Value Id="INV" Name="Invoice price" Description="Referenced price taken from an invoice." />
  <Value Id="ZZZ" Name="Mutually defined" Description="A code assigned within a code list to be used on an interim basis and as defined among trading partners until a precise code can be assigned to the code list." />
</Root>