<?xml version="1.0" encoding="utf-8"?>
<Root xmlns:xsi="http://www.w3.org/2001/XMLSchema-instance" xmlns:xsd="http://www.w3.org/2001/XMLSchema" Id="5153" Name="Duty or tax or fee type name code" Description="Code specifying a type of duty, tax or fee." Count="an..3">
  <Value Id="AAA" Name="Petroleum tax" Description="A tax levied on the volume of petroleum being transacted." />
  <Value Id="AAB" Name="Provisional countervailing duty cash" Description="Countervailing duty paid in cash prior to a formal finding of subsidization by Customs." />
  <Value Id="AAC" Name="Provisional countervailing duty bond" Description="Countervailing duty paid by posting a bond during an investigation period prior to a formal decision on subsidization by Customs." />
  <Value Id="AAD" Name="Tobacco tax" Description="A tax levied on tobacco products." />
  <Value Id="AAE" Name="Energy fee" Description="General fee or tax for the use of energy." />
  <Value Id="AAF" Name="Coffee tax" Description="A tax levied specifically on coffee products." />
  <Value Id="AAG" Name="Harmonised sales tax, Canadian" Description="A harmonized sales tax consisting of a goods and service tax, a Canadian provincial sales tax and, as applicable, a Quebec sales tax which is recoverable." />
  <Value Id="AAH" Name="Quebec sales tax" Description="A sales tax charged within the Canadian province of Quebec which is recoverable." />
  <Value Id="AAI" Name="Canadian provincial sales tax" Description="A sales tax charged within Canadian provinces which is non-recoverable." />
  <Value Id="AAJ" Name="Tax on replacement part" Description="A tax levied on a replacement part, where the original part is returned." />
  <Value Id="AAK" Name="Mineral oil tax" Description="Tax that is levied specifically on products containing mineral oil." />
  <Value Id="AAL" Name="Special tax" Description="To indicate a special type of tax." />
  <Value Id="ADD" Name="Anti-dumping duty" Description="Duty applied to goods ruled to have been dumped in an import market at a price lower than that in the exporter's domestic market." />
  <Value Id="BOL" Name="Stamp duty (Imposta di Bollo)" Description="Tax required in Italy, which may be fixed or graduated in various circumstances (e.g. VAT exempt documents or bank receipts)." />
  <Value Id="CAP" Name="Agricultural levy" Description="Levy imposed on agricultural products where there is a difference between the selling price between trading countries." />
  <Value Id="CAR" Name="Car tax" Description="A tax that is levied on the value of the automobile." />
  <Value Id="COC" Name="Paper consortium tax (Italy)" Description="Italian Paper consortium tax." />
  <Value Id="CST" Name="Commodity specific tax" Description="Tax related to a specified commodity, e.g. illuminants, salts." />
  <Value Id="CUD" Name="Customs duty" Description="Duties laid down in the Customs tariff, to which goods are liable on entering or leaving the Customs territory (CCC)." />
  <Value Id="CVD" Name="Countervailing duty" Description="A duty on imported goods applied for compensate for subsidies granted to those goods in the exporting country." />
  <Value Id="ENV" Name="Environmental tax" Description="Tax assessed for funding or assuring environmental protection or clean-up." />
  <Value Id="EXC" Name="Excise duty" Description="Customs or fiscal authorities code to identify a specific or ad valorem levy on a specific commodity, applied either domestically or at time of importation." />
  <Value Id="EXP" Name="Agricultural export rebate" Description="Monetary rebate given to the seller in certain circumstances when agricultural products are exported." />
  <Value Id="FET" Name="Federal excise tax" Description="Tax levied by the federal government on the manufacture of specific items." />
  <Value Id="FRE" Name="Free" Description="No tax levied." />
  <Value Id="GCN" Name="General construction tax" Description="General tax for construction." />
  <Value Id="GST" Name="Goods and services tax" Description="Tax levied on the final consumption of goods and services throughout the production and distribution chain." />
  <Value Id="ILL" Name="Illuminants tax" Description="Tax of illuminants." />
  <Value Id="IMP" Name="Import tax" Description="Tax assessed on imports." />
  <Value Id="IND" Name="Individual tax" Description="A tax levied based on an individual's ability to pay." />
  <Value Id="LAC" Name="Business license fee" Description="Government assessed charge for permit to do business." />
  <Value Id="LCN" Name="Local construction tax" Description="Local tax for construction." />
  <Value Id="LDP" Name="Light dues payable" Description="Fee levied on a vessel to pay for port navigation lights." />
  <Value Id="LOC" Name="Local sales tax" Description="Assessment charges on sale of goods or services by city, borough country or other taxing authorities below state or provincial level." />
  <Value Id="LST" Name="Lust tax" Description="Tax imposed for clean-up of leaky underground storage tanks." />
  <Value Id="MCA" Name="Monetary compensatory amount" Description="Levy on Common Agricultural Policy (European Union) goods used to compensate for fluctuating currencies between member states." />
  <Value Id="MCD" Name="Miscellaneous cash deposit" Description="Duty paid and held on deposit, by Customs, during an investigation period prior to a final decision being made on any aspect related to imported goods (except valuation) by Customs." />
  <Value Id="OTH" Name="Other taxes" Description="Unspecified, miscellaneous tax charges." />
  <Value Id="PDB" Name="Provisional duty bond" Description="Anti-dumping duty paid by posting a bond during an investigation period prior to a formal decision on dumping by Customs." />
  <Value Id="PDC" Name="Provisional duty cash" Description="Anti-dumping duty paid in cash prior to a formal finding of dumping by Customs." />
  <Value Id="PRF" Name="Preference duty" Description="Duties laid down in the Customs tariff, to which goods are liable on entering or leaving the Customs territory falling under a preferential regime such as Generalised System of Preferences (GSP)." />
  <Value Id="SCN" Name="Special construction tax" Description="Special tax for construction." />
  <Value Id="SSS" Name="Shifted social securities" Description="Social securities share of the invoice amount to be paid directly to the social securities collector." />
  <Value Id="STT" Name="State/provincial sales tax" Description="All applicable sale taxes by authorities at the state or provincial level, below national level." />
  <Value Id="SUP" Name="Suspended duty" Description="Duty suspended or deferred from payment." />
  <Value Id="SUR" Name="Surtax" Description="A tax or duty applied on and in addition to existing duties and taxes." />
  <Value Id="SWT" Name="Shifted wage tax" Description="Wage tax share of the invoice amount to be paid directly to the tax collector(s office)." />
  <Value Id="TAC" Name="Alcohol mark tax" Description="A tax levied based on the type of alcohol being obtained." />
  <Value Id="TOT" Name="Total" Description="The summary amount of all taxes." />
  <Value Id="TOX" Name="Turnover tax" Description="Tax levied on the total sales/turnover of a corporation." />
  <Value Id="TTA" Name="Tonnage taxes" Description="Tax levied based on the vessel's net tonnage." />
  <Value Id="VAD" Name="Valuation deposit" Description="Duty paid and held on deposit, by Customs, during an investigation period prior to a formal decision on valuation of the goods being made." />
  <Value Id="VAT" Name="Value added tax" Description="A tax on domestic or imported goods applied to the value added at each stage in the production/distribution cycle." />
</Root>