<?xml version="1.0" encoding="utf-8"?>
<Root xmlns:xsi="http://www.w3.org/2001/XMLSchema-instance" xmlns:xsd="http://www.w3.org/2001/XMLSchema" Id="5189" Name="Allowance or charge identification code" Description="Code specifying the identification of an allowance or charge." Count="an..3">
  <Value Id="1" Name="Handling commission" Description="Fee for the processing of documentary credit, collection and payment which are charged to the customer." />
  <Value Id="2" Name="Amendment commission" Description="Fee for amendments in documentary credit and collection business (not extensions and increases of documentary credits)." />
  <Value Id="3" Name="Acceptance commission" Description="Fee for the acceptance of draft in documentary credit and collection business which are drawn on us (also to be seen as a kind of 'guarantee commission')." />
  <Value Id="4" Name="Commission for obtaining acceptance" Description="Fee for obtaining an acceptance under collections on the basis of 'documents against acceptance'." />
  <Value Id="5" Name="Commission on delivery" Description="Fee for delivery of documents without corresponding payment." />
  <Value Id="6" Name="Advising commission" Description="Fee for advising documentary credits (charged also in case of confirmed credits)." />
  <Value Id="7" Name="Confirmation commission" Description="Fee for confirmation of credit." />
  <Value Id="8" Name="Deferred payment commission" Description="Fee for the deferred payment period under documentary credits confirmed by bank. This fee are charges for the period from presentation of the document until due date of payment." />
  <Value Id="9" Name="Commission for taking up documents" Description="Fee charged to the foreign bank for the processing of documentary credit." />
  <Value Id="10" Name="Opening commission" Description="Fee for opening revocable documentary credit." />
  <Value Id="11" Name="Fee for payment under reserve" Description="Fee charged to the customer for discrepancies in credit documents in the case of which the bank have to stipulate payment under reserve." />
  <Value Id="12" Name="Discrepancy fee" Description="Fee charged to the foreign bank for discrepancies in credit documents." />
  <Value Id="13" Name="Domicilation commission" Description="Fee for the domicilation of bills with the bank." />
  <Value Id="14" Name="Commission for release of goods" Description="Commission for the release of goods sent to the bank." />
  <Value Id="15" Name="Collection commission" Description="Fee for settling collections on the basis of 'documents against payments'." />
  <Value Id="16" Name="Negotiation commission" Description="Fee for the purchase of documents under sight credit for the first ten days." />
  <Value Id="17" Name="Return commission" Description="Fee for cheques, bills and collections returned unpaid and/or recalled." />
  <Value Id="18" Name="B/L splitting charges" Description="Fee for the splitting of bills of lading." />
  <Value Id="19" Name="Trust commission" Description="Fee for the handling on a fiduciary basis of imported goods that have been warehoused." />
  <Value Id="20" Name="Transfer commission" Description="Fee for the transfer of transferable documentary credits." />
  <Value Id="21" Name="Commission for opening irrevocable documentary credits" Description="Fee for opening irrevocable documentary credits. This fee is a kind of 'Guarantee commission' as compensation for the commitment into which the bank have entered on the customers behalf; similar to confirmation commission, acceptance commission." />
  <Value Id="22" Name="Pre-advice commission" Description="Fee for the pre-advice of a documentary credit." />
  <Value Id="23" Name="Supervisory commission" Description="Fee for the supervising unconfirmed documentary credits with a deferred payment period." />
  <Value Id="24" Name="Model charges" Description="Fee for decoding telex messages." />
  <Value Id="25" Name="Risk commission" Description="Commission in addition to the confirmation commission for documentary credits from sensitive countries." />
  <Value Id="26" Name="Guarantee commission" Description="Commission for drawing up guaranties." />
  <Value Id="27" Name="Reimbursement commission" Description="Fee for reimbursement of, for example, documentary credits." />
  <Value Id="28" Name="Stamp duty" Description="Tax payable on bills in accordance with national bill of exchange legislation." />
  <Value Id="29" Name="Brokerage" Description="Brokers commission arising, in trade with foreign currencies." />
  <Value Id="30" Name="Bank charges" Description="Charges deducted/claimed by other banks involved in the transaction." />
  <Value Id="31" Name="Bank charges information" Description="Charges not included in the total charge amount i.e. the charges are for information only." />
  <Value Id="32" Name="Courier fee" Description="Fee for use of courier service." />
  <Value Id="33" Name="Phone fee" Description="Fee for use of phone." />
  <Value Id="34" Name="Postage fee" Description="Fee for postage." />
  <Value Id="35" Name="S.W.I.F.T. fee" Description="Fee for use of S.W.I.F.T." />
  <Value Id="36" Name="Telex fee" Description="Fee for telex." />
  <Value Id="37" Name="Penalty for late delivery of documents" Description="Penalty imposed when documents are delivered late." />
  <Value Id="38" Name="Penalty for late delivery of valuation of works" Description="Penalty imposed when valuation of works is delivered late." />
  <Value Id="39" Name="Penalty for execution of works behind schedule" Description="Penalty imposed when the execution of works is behind schedule." />
  <Value Id="40" Name="Other penalties" Description="Penalty imposed for other reasons." />
  <Value Id="41" Name="Bonus for works ahead of schedule" Description="Bonus for completing work ahead of schedule." />
  <Value Id="42" Name="Other bonus" Description="Bonus earned for other reasons." />
  <Value Id="44" Name="Project management cost" Description="Cost for project management." />
  <Value Id="45" Name="Pro rata retention" Description="Proportional retention charge." />
  <Value Id="46" Name="Contractual retention" Description="Contractual retention charge." />
  <Value Id="47" Name="Other retentions" Description="Retention charge not otherwise specified." />
  <Value Id="48" Name="Interest on arrears" Description="Interest for late payment." />
  <Value Id="49" Name="Interest" Description="Cost of using money." />
  <Value Id="50" Name="Charge per credit cover" Description="Unit charge per credit cover established." />
  <Value Id="51" Name="Charge per unused credit cover" Description="Unit charge per unused credit cover." />
  <Value Id="52" Name="Minimum commission" Description="Minimum commission charge." />
  <Value Id="53" Name="Factoring commission" Description="Commission charged for factoring services." />
  <Value Id="54" Name="Chamber of commerce charge" Description="Identifies the charges from the chamber of commerce." />
  <Value Id="55" Name="Transfer charges" Description="Charges for transfer." />
  <Value Id="56" Name="Repatriation charges" Description="Charges for repatriation." />
  <Value Id="57" Name="Miscellaneous charges" Description="Not specifically defined charges." />
  <Value Id="58" Name="Foreign exchange charges" Description="Charges for foreign exchange." />
  <Value Id="59" Name="Agreed debit interest charge" Description="Charge for agreed debit interest" />
  <Value Id="60" Name="Manufacturer's consumer discount" Description="A discount given by the manufacturer which should be passed on to the consumer." />
  <Value Id="61" Name="Fax advice charge" Description="Charge for fax advice." />
  <Value Id="62" Name="Due to military status" Description="Allowance granted because of the military status." />
  <Value Id="63" Name="Due to work accident" Description="Allowance granted to a victim of a work accident." />
  <Value Id="64" Name="Special agreement" Description="An allowance or charge as specified in a special agreement." />
  <Value Id="65" Name="Production error discount" Description="A discount given for the purchase of a product with a production error." />
  <Value Id="66" Name="New outlet discount" Description="A discount given at the occasion of the opening of a new outlet." />
  <Value Id="67" Name="Sample discount" Description="A discount given for the purchase of a sample of a product." />
  <Value Id="68" Name="End-of-range discount" Description="A discount given for the purchase of an end-of-range product." />
  <Value Id="69" Name="Charge for a customer specific finish" Description="A charge for the addition of a customer specific finish to a product." />
  <Value Id="70" Name="Incoterm discount" Description="A discount given for a specified Incoterm." />
  <Value Id="71" Name="Point of sales threshold allowance" Description="Allowance for reaching or exceeding an agreed sales threshold at the point of sales." />
  <Value Id="72" Name="Technical modification costs" Description="Costs for technical modifications to a product." />
  <Value Id="73" Name="Job-order production costs" Description="Costs of job-order production." />
  <Value Id="74" Name="Off-premises costs" Description="Expenses for non-local activities." />
  <Value Id="75" Name="Additional processing costs" Description="Costs of additional processing." />
  <Value Id="76" Name="Attesting charge" Description="Costs of official attestation." />
  <Value Id="77" Name="Rush delivery surcharge" Description="Charge for increased delivery speed." />
  <Value Id="78" Name="Special construction costs" Description="Charge for costs incurred as result of special constructions." />
  <Value Id="79" Name="Freight charges" Description="Amount to be paid for moving goods, by whatever means, from one place to another." />
  <Value Id="80" Name="Packing charge" Description="Charge for packing." />
  <Value Id="81" Name="Repair charge" Description="Charge for repair." />
  <Value Id="82" Name="Loading charge" Description="Charge for loading." />
  <Value Id="83" Name="Setup charge" Description="Charge for setup." />
  <Value Id="84" Name="Testing charge" Description="Charge for testing." />
  <Value Id="85" Name="Warehousing charge" Description="Charge for storage and handling." />
  <Value Id="86" Name="Gold surcharge" Description="Difference between current price and basic value contained in product price in relation to gold content." />
  <Value Id="87" Name="Copper surcharge" Description="Difference between current price and basic value contained in product price in relation to copper content." />
  <Value Id="88" Name="Material surcharge/deduction" Description="Surcharge/deduction, calculated for higher/ lower material's consumption." />
  <Value Id="89" Name="Lead surcharge" Description="Difference between current price and basic value contained in product price in relation to lead content." />
  <Value Id="90" Name="Price index surcharge" Description="Higher/lower price, resulting from change in costs between the times of making offer and delivery." />
  <Value Id="91" Name="Platinum surcharge" Description="Difference between current price and basic value contained in product price in relation to platinum content." />
  <Value Id="92" Name="Silver surcharge" Description="Difference between current price and basic value contained in product price in relation to silver content." />
  <Value Id="93" Name="Wolfram surcharge" Description="Difference between current price and basic value contained in product price in relation to wolfram content." />
  <Value Id="94" Name="Aluminum surcharge" Description="Difference between current price and basic value contained in product price in relation to aluminum content." />
  <Value Id="95" Name="Discount" Description="A reduction from a usual or list price." />
  <Value Id="96" Name="Insurance" Description="Charge for insurance." />
  <Value Id="97" Name="Minimum order / minimum billing charge" Description="Charge for minimum order or minimum billing." />
  <Value Id="98" Name="Material surcharge (special materials)" Description="Surcharge for (special) materials." />
  <Value Id="99" Name="Surcharge" Description="An additional amount added to the usual charge." />
  <Value Id="100" Name="Special rebate" Description="A return of part of an amount paid for goods or services, serving as a reduction or discount." />
  <Value Id="101" Name="Carbon footprint charge" Description="A monetary amount charged for carbon footprint related to a regulatory requirement." />
</Root>