<?xml version="1.0" encoding="utf-8"?>
<Root xmlns:xsi="http://www.w3.org/2001/XMLSchema-instance" xmlns:xsd="http://www.w3.org/2001/XMLSchema" Id="5237" Name="Charge category code" Description="Code specifying the category of charges." Count="an..3">
  <Value Id="1" Name="All charges" Description="All amounts calculated by the carrier in accordance with tariffs or in case of special events during the voyage (e.g. Rail - freights costs - additional costs)." />
  <Value Id="2" Name="Additional charges" Description="Charges calculated by the carrier for specific events like re-weighting, re-loading, unexpected operations, services required during the voyage, etc." />
  <Value Id="3" Name="Transport charges + additional charges" Description="Transport charges plus Additional charges (e.g. for re- loading, re-weighting or unexpected operations) that must be precised in the payment conditions by the consignor (other charges must be taken in account by the consignee)." />
  <Value Id="4" Name="Basic freight" Description="The basic freight payable on the cargo as per tariff." />
  <Value Id="5" Name="Destination haulage charges" Description="Haulage charges for transporting goods to the destination." />
  <Value Id="6" Name="Disbursement" Description="Sums paid out by ship's agent at a port and recovered from the carrier." />
  <Value Id="7" Name="Destination port charges" Description="Charges payable at the port of destination." />
  <Value Id="8" Name="Miscellaneous charges" Description="Miscellaneous charges not otherwise categorized." />
  <Value Id="9" Name="Transport charges up to a specified location" Description="Transport charges to be paid by a specified party for a part of a voyage, i.e. up to a specified location." />
  <Value Id="10" Name="Origin port charges" Description="Charges payable at the port of origin." />
  <Value Id="11" Name="Origin haulage charges" Description="Haulage charges for the pickup of goods at origin." />
  <Value Id="12" Name="Other charges" Description="Unspecified charges." />
  <Value Id="13" Name="Specific amount payable" Description="Amount that the consignor agrees to be invoiced or to pay. This amount is part of the total charges applied to the consignment." />
  <Value Id="14" Name="Transport costs (carriage charges)" Description="Monetary amount calculated on the basis of the transport tariffs or contract eventually including charges or other costs." />
  <Value Id="15" Name="All costs up to a specified location" Description="All amounts to be paid by the consignor for a part of the voyage, i.e. up to a location that must be precised. (The remaining part of the voyage to be paid by the consignee) The amounts are calculated by the carrier in accordance with tariffs or in case of special events during the voyage (e.g. rail - freight costs - additional costs)." />
  <Value Id="16" Name="Weight/valuation charge" Description="Code to indicate weight/valuation charges to be either wholly prepaid or wholly collect." />
  <Value Id="17" Name="All costs" Description="All cost elements." />
  <Value Id="19" Name="Supply of certificate of shipment" Description="Charges payable for the supply of a certificate of shipment." />
  <Value Id="20" Name="Supply of consular formalities or certificate of origin" Description="Charges payable for the supply of consular formalities or certificate of origin." />
  <Value Id="21" Name="Supply of non-categorised documentation in paper form" Description="Charges payable for the supply of one or more documents in paper form that are not otherwise categorised." />
  <Value Id="22" Name="Supply of customs formalities, export" Description="Charges payable for the supply of export customs formalities." />
  <Value Id="23" Name="Supply of customs formalities, transit" Description="Charges payable for the supply of transit customs formalities." />
  <Value Id="24" Name="Supply of customs formalities, import" Description="Charges payable for the supply of import customs formalities." />
</Root>