<?xml version="1.0" encoding="utf-8"?>
<Root xmlns:xsi="http://www.w3.org/2001/XMLSchema-instance" xmlns:xsd="http://www.w3.org/2001/XMLSchema" Id="5243" Name="Rate or tariff class description code" Description="Code specifying an applicable rate or tariff class." Count="an..9">
  <Value Id="A" Name="Senior person rate" Description="Rate class applies to senior persons." />
  <Value Id="B" Name="Basic" Description="Code specifying that the rate or tariff is a basic one." />
  <Value Id="C" Name="Specific commodity rate" Description="Code specifying the specific commodity rate." />
  <Value Id="D" Name="Teenager rate" Description="Rate class applies to teenagers." />
  <Value Id="E" Name="Child rate" Description="Rate class applies to children." />
  <Value Id="F" Name="Adult rate" Description="Rate class applies to adults." />
  <Value Id="K" Name="Rate per kilogram" Description="Code specifying the rate per kilogram." />
  <Value Id="M" Name="Minimum charge rate" Description="Code specifying the minimum charge rate." />
  <Value Id="N" Name="Normal rate" Description="Code specifying the normal rate." />
  <Value Id="Q" Name="Quantity rate" Description="Code specifying the quantity rate." />
  <Value Id="R" Name="Class rate (Reduction on normal rate)" Description="Code specifying the reduction on normal rate." />
  <Value Id="S" Name="Class rate (Surcharge on normal rate)" Description="Code specifying the surcharge on normal rate." />
</Root>