<?xml version="1.0" encoding="utf-8"?>
<Root xmlns:xsi="http://www.w3.org/2001/XMLSchema-instance" xmlns:xsd="http://www.w3.org/2001/XMLSchema" Id="5249" Name="Percentage basis identification code" Description="Code specifying the basis on which a percentage is calculated." Count="an..3">
  <Value Id="1" Name="Per unit" Description="Referenced percentage applies on a single unit basis." />
  <Value Id="2" Name="Per ton" Description="Reduction percentage is applied per transported ton." />
  <Value Id="3" Name="Per equipment unit" Description="Reduction percentage is applied per main equipment unit (for rail purpose, only rail wagons)." />
  <Value Id="4" Name="Per unit price" Description="Reduction percentage is applied on the unit price, which is the basis of the charge calculation." />
  <Value Id="5" Name="Per quantity" Description="Reduction percentage applied on the unit price and conceded to a consignor after he reached a specified tonnage of transport." />
  <Value Id="6" Name="Basic charge" Description="Code to indicate that the IATA experimental special charge within Europe is the basis for the percentage reduction or surcharge." />
  <Value Id="7" Name="Rate per kilogram" Description="Code to indicate that the IATA experimental special rate within in Europe is the basis for the percentage reduction or surcharge." />
  <Value Id="8" Name="Minimum charge" Description="Code to indicate that the IATA minimum charge is the basis for the percentage reduction or surcharge." />
  <Value Id="9" Name="Normal rate" Description="Code to indicate that the IATA normal rate is the basis for the percentage reduction or surcharge." />
  <Value Id="10" Name="Quantity rate" Description="Code to indicate that the IATA quantity rate is the basis for the percentage reduction or surcharge." />
  <Value Id="11" Name="Amount of drawing" Description="Referenced percentage applies on the amount of drawing under the documentary credit." />
  <Value Id="12" Name="Documentary credit amount" Description="Referenced percentage applies on documentary credit amount." />
  <Value Id="13" Name="Invoice value" Description="Referenced percentage applies on the invoice value." />
  <Value Id="14" Name="CIF value" Description="Referenced percentage applies on CIF value." />
  <Value Id="15" Name="Contract cost" Description="The percentage applied to the contract cost." />
  <Value Id="16" Name="Labour hours" Description="The percentage applied to the labour hours." />
  <Value Id="17" Name="LIBOR (London Inter-Bank Offered Rate)" Description="The percentage basis is London Inter-Bank Offered Rate (LIBOR)." />
  <Value Id="18" Name="FIBOR (Frankfurt Inter-Bank Offered Rate)" Description="The percentage basis is Frankfurt Inter-Bank Offered Rate (FIBOR)." />
  <Value Id="19" Name="PIBOR (Paris Inter-Bank Offered Rate)" Description="The percentage basis is Paris Inter-Bank Offered Rate (PIBOR)." />
  <Value Id="20" Name="Nationally based percentage basis" Description="The percentage basis is nationally based." />
</Root>