<?xml version="1.0" encoding="utf-8"?>
<Root xmlns:xsi="http://www.w3.org/2001/XMLSchema-instance" xmlns:xsd="http://www.w3.org/2001/XMLSchema" Id="5245" Name="Percentage type code qualifier" Description="Code qualifying the type of percentage." Count="an..3">
  <Value Id="1" Name="Allowance" Description="(5044) Allowance expressed as a percentage." />
  <Value Id="2" Name="Charge" Description="(5044) Charge expressed as a percentage." />
  <Value Id="3" Name="Monetary amount adjustment percentage" Description="[5044] Specification of any additional charges, dues or deductions, expressed as a percentage." />
  <Value Id="4" Name="Reinsurer's share" Description="To indicate the share of the reinsurer in a treaty." />
  <Value Id="5" Name="Entry percentage" Description="To indicate the percentage used for the specified entry (e.g. commission %, deposits % ...)." />
  <Value Id="6" Name="Quality/yield" Description="(5482) The percentage of specified material in the total product." />
  <Value Id="7" Name="Percentage of invoice" Description="Code specifying the percentage of invoice." />
  <Value Id="8" Name="Reduction/surcharge percentage" Description="Percentage to calculate a reduction/surcharge." />
  <Value Id="9" Name="Adjustment" Description="Code specifying the adjustment expressed as a percentage." />
  <Value Id="10" Name="Bureau share" Description="London insurance market bureau (bureau share in reinsurance treaty)." />
  <Value Id="11" Name="Buffer stock requirement" Description="Anticipated additional consumption to safeguard against unforeseen shortages or demands." />
  <Value Id="12" Name="Discount" Description="Discount expressed as a percentage." />
  <Value Id="13" Name="Amount tolerance" Description="Tolerance of amount in percentage." />
  <Value Id="14" Name="Percentage of note" Description="Percentage of debit or credit note." />
  <Value Id="15" Name="Penalty percentage" Description="Code specifying the penalty percentage." />
  <Value Id="16" Name="Interest percentage" Description="Code specifying the interest percentage." />
  <Value Id="17" Name="Part of documentary credit amount" Description="Part of documentary credit amount in percentage subject to sight payment, deferred payment or acceptance when the documentary credit is available by mixed payment." />
  <Value Id="18" Name="Percentage credit note" Description="Percentage of a credit note." />
  <Value Id="19" Name="Percentage debit note" Description="Percentage of a debit note." />
  <Value Id="20" Name="Percentage of insurance" Description="Code specifying the percentage of insurance." />
  <Value Id="21" Name="Own risk percentage" Description="Percentage of total amount which is not covered by credit cover." />
  <Value Id="22" Name="Transferred VAT percentage" Description="VAT percentage rate for which accountability is being transferred from one party to another. VAT means: Value added tax." />
  <Value Id="23" Name="Part time employment" Description="The time a person is employed expressed as a percentage of the equivalent full time employment." />
  <Value Id="24" Name="Voluntary contribution" Description="Contribution to a superannuation scheme which is not compulsory, expressed as a percentage of salary." />
  <Value Id="25" Name="Attribute factor" Description="To indicate a mathematical factor, expressed as a percentage , used to multiply a specified attribute item." />
  <Value Id="26" Name="Additional contribution" Description="Contribution to a scheme in addition to the normal contribution, expressed as a percentage (in superannuation usually expressed as a percentage of salary)." />
  <Value Id="27" Name="Benefits allocation" Description="Percentage of total benefits allocated to a person." />
  <Value Id="28" Name="Attribute classification" Description="To indicate the percentage of a specified attribute classification (e.g. percentage contributed before a defined year for superannuation purposes)." />
  <Value Id="29" Name="Renegotiation trigger upper limit" Description="The percentage rise in a currency rate of exchange which would result in renegotiation of prices." />
  <Value Id="30" Name="Renegotiation trigger lower limit" Description="The percentage fall in a currency rate of exchange which would result in renegotiation of prices." />
  <Value Id="31" Name="Material reduction factor" Description="The percentage reduction in constituent material which occurs in the production process." />
  <Value Id="32" Name="Acceptable price difference" Description="The maximum percentage increase or decrease resulting from price recalculation which will not result in price renegotiation." />
  <Value Id="33" Name="Share of buyer's total requirement" Description="The percentage of the buyer's total acquisition requirement for the referenced or similar item which will be ordered from the named supplier." />
  <Value Id="34" Name="Price increase" Description="The percentage increase in price of the referenced item since the last notification." />
  <Value Id="35" Name="Share of tool cost paid by buyer" Description="The percentage of the cost of tooling which will be paid by the buyer." />
  <Value Id="36" Name="Volume capacity usage" Description="Percentage of the volume capacity used." />
  <Value Id="37" Name="Weight capacity usage" Description="Percentage of the weight capacity used." />
  <Value Id="38" Name="Loading length capacity usage" Description="Percentage of the loading length capacity used." />
  <Value Id="39" Name="Share of packaging cost paid by vendor" Description="The percentage of the cost of packaging which will be paid by the vendor." />
  <Value Id="40" Name="Reduction percentage" Description="Reduction from an amount/price expressed in a percentage." />
  <Value Id="41" Name="Surcharge percentage" Description="Additional amount expressed in a percentage." />
  <Value Id="42" Name="Local content" Description="To indicate the percentage of a products local (i.e. domestic) content." />
  <Value Id="43" Name="Chargeback" Description="Percentage amount charged back." />
  <Value Id="44" Name="Gross turnover commission" Description="Percentage of gross turnover used to calculate commission." />
  <Value Id="45" Name="Progress payment percentage" Description="Indicates the rate applying for a progress payment." />
  <Value Id="46" Name="Offset" Description="Indicates the figure agreed between parties to calculate an offset." />
  <Value Id="47" Name="Prepaid payment percentage" Description="A code to indicate the percentage of the prepayment." />
  <Value Id="48" Name="Percentage of work completed" Description="A code to indicate the percentage of work completed." />
  <Value Id="49" Name="Underwriting rating" Description="Table used for mortality or morbidity rating." />
  <Value Id="50" Name="Mortgage interest rate" Description="Rate of interest used in amortization of a mortgage." />
  <Value Id="51" Name="Maximum cost of living adjustment rate" Description="Maximum rate of the cost of living adjustment." />
  <Value Id="52" Name="Humidity" Description="The amount of moisture in the air." />
  <Value Id="53" Name="Minimum cost of living adjustment rate" Description="Minimum rate of a cost of living adjustment." />
  <Value Id="54" Name="Contractor cost share" Description="The cost share borne by the contractor." />
  <Value Id="55" Name="Government cost share" Description="The cost share borne by the Government." />
  <Value Id="56" Name="Progress payment liquidation percentage" Description="The percentage applied to the liquidation of progress payments." />
  <Value Id="57" Name="Fee percentage" Description="The percentage applied to determine the fee." />
  <Value Id="58" Name="Resource availability" Description="Percentage of resource availability." />
  <Value Id="59" Name="Resource efficiency" Description="Percentage of resource efficiency." />
  <Value Id="60" Name="Rework yield" Description="Percentage yield from rework effort." />
  <Value Id="61" Name="Gross profit margin" Description="Percentage calculated by dividing gross profit by net sales." />
  <Value Id="62" Name="Remaining work" Description="Percentage of remaining work." />
  <Value Id="63" Name="Actual work percent completed" Description="Percentage of actual work completed." />
  <Value Id="64" Name="Earned value" Description="Percentage representing earned value." />
  <Value Id="65" Name="Cost escalation" Description="Percentage of cost escalation." />
  <Value Id="66" Name="Loss" Description="To identify the percentage of the loss." />
  <Value Id="67" Name="Cost of living adjustment rate" Description="To specify a cost of living adjustment rate." />
  <Value Id="68" Name="Percentage of due amount" Description="The percentage of an amount due." />
  <Value Id="69" Name="Asset ownership" Description="Percent owned of an asset." />
  <Value Id="70" Name="Common stock reported" Description="Percentage of common stock reported." />
  <Value Id="71" Name="Preferred stock reported" Description="Percentage of preferred stock reported." />
  <Value Id="72" Name="Ordinary profit to sales" Description="The ratio of ordinary profit to sales expressed as a percentage." />
  <Value Id="73" Name="Invested capital ratio" Description="Ratio of invested capital to total capital." />
  <Value Id="74" Name="Equity to loan ratio" Description="Ratio of equity to outstanding loans expressed as a percentage." />
  <Value Id="75" Name="Equity to deposit ratio" Description="Ratio of equity to deposits expressed as a percentage." />
  <Value Id="76" Name="Loan to deposit ratio" Description="Ratio of outstanding loans to deposits expressed as a percentage." />
  <Value Id="77" Name="Percent of total" Description="Percentage of the total value." />
  <Value Id="78" Name="Participation" Description="Participation expressed as a percentage." />
  <Value Id="79" Name="Indebtedness" Description="Indebtedness expressed as a percentage." />
  <Value Id="80" Name="Liquid ratio" Description="Ratio of liquid assets to current liabilities." />
  <Value Id="81" Name="Net worth to total assets" Description="Ratio of net worth to total assets expressed as a percentage." />
  <Value Id="82" Name="Subcontracted" Description="Percentage of work that is subcontracted." />
  <Value Id="83" Name="Sales per employee" Description="Ratio of sales per employee expressed as a percentage." />
  <Value Id="84" Name="Sales to net working capital" Description="Ratio of sales to net working capital expressed as a percentage." />
  <Value Id="85" Name="Total liability to net worth" Description="Ratio of total liability to net worth expressed as a percentage." />
  <Value Id="86" Name="Assets to sales" Description="Ratio of assets to sales expressed as a percentage." />
  <Value Id="87" Name="Capital per employee" Description="Ratio of capital per employee expressed as a percentage." />
  <Value Id="88" Name="Costs per employee" Description="Ratio of costs per employee expressed as a percentage." />
  <Value Id="89" Name="Accounts payable to sales" Description="Ratio of accounts payable to sales expressed as a percentage." />
  <Value Id="90" Name="Current liabilities to net worth" Description="Ratio of current liabilities to net worth expressed as a percentage." />
  <Value Id="91" Name="Current liabilities to inventory" Description="Ratio of current liabilities to inventory value expressed as a percentage." />
  <Value Id="92" Name="Current ratio" Description="Ratio of current assets to current liabilities expressed as a percentage." />
  <Value Id="93" Name="Fixed assets to net worth" Description="Ratio of fixed assets to net worth expressed as a percentage." />
  <Value Id="94" Name="Inventory turnover" Description="Net annual sales divided by inventory." />
  <Value Id="95" Name="Quick ratio" Description="Ratio of cash and accounts receivable to current liabilities." />
  <Value Id="96" Name="Resources retained for project" Description="The percentage of resources that must be retained for a project." />
  <Value Id="97" Name="Return on assets" Description="Net profit after taxes divided by total assets." />
  <Value Id="98" Name="Return on sales ratio" Description="Net profit after taxes divided by net annual sales." />
  <Value Id="99" Name="Return on capital ratio" Description="Net profit after taxes divided by capital." />
  <Value Id="100" Name="Shareholders' return ratio" Description="Net profit after taxes divided by net worth." />
  <Value Id="101" Name="Contracts obtained by bid" Description="Percentage of contracts obtained by bid." />
  <Value Id="102" Name="Contracts obtained by negotiation" Description="Percentage of contracts obtained by negotiation." />
  <Value Id="103" Name="Cost plus basis" Description="Percentage of business conducted on a cost plus basis." />
  <Value Id="104" Name="Lump sum payments" Description="Percentage of lump sum payments to total payments." />
  <Value Id="105" Name="Purchases on letter of credit" Description="Percentage of purchases on letter of credit to total purchases." />
  <Value Id="106" Name="Purchases on floor plan" Description="Percentage of purchases on floor plan basis to total purchases." />
  <Value Id="107" Name="Change in sales" Description="Percentage change in sales." />
  <Value Id="108" Name="Change in profit" Description="Percentage change in profit." />
  <Value Id="109" Name="Damage" Description="Damage expressed as a percentage." />
  <Value Id="110" Name="Interest on liabilities" Description="Paid finance cost divided by total liabilities." />
  <Value Id="111" Name="Risk margin" Description="Total assets divided by interest on liabilities." />
  <Value Id="112" Name="Liability ratio" Description="Ratio of liability to net worth expressed as a percentage." />
  <Value Id="113" Name="Interest cover" Description="Paid finance cost divided by total income." />
  <Value Id="114" Name="Change" Description="Change expressed as a percentage." />
  <Value Id="115" Name="Expense" Description="Expenses expressed as a percentage." />
  <Value Id="116" Name="Market share" Description="Share of the market business held by an entity." />
  <Value Id="117" Name="Owned by small shareholders" Description="Percentage of an entity that is owned by small shareholders." />
  <Value Id="118" Name="Paid in capital" Description="Percentage of capital paid in by shareholders." />
  <Value Id="119" Name="Previous participation" Description="Previous participation expressed as a percentage." />
  <Value Id="120" Name="Fixed fee" Description="Fixed fee expressed as a percentage." />
  <Value Id="121" Name="Asset turnover" Description="Net annual sales divided by total assets." />
  <Value Id="122" Name="Percentage of total payment" Description="A percentage based on a total payment." />
  <Value Id="123" Name="Territorial trade percent" Description="Territorial trade expressed as a percentage." />
  <Value Id="124" Name="Change in taxable income" Description="Change in the taxable income from one period to another." />
  <Value Id="125" Name="Sales by type of customer" Description="Percentage of sales by type of customer." />
  <Value Id="126" Name="Previous period percent of total" Description="The percent of the total from a preceding period." />
  <Value Id="127" Name="Minority interest return on equity" Description="The return on equity achieved by a minority interest in an entity." />
  <Value Id="128" Name="Change in ordinary income" Description="Change in ordinary income from one period to another." />
  <Value Id="129" Name="Net sales to fixed assets" Description="The ratio of net sales to fixed assets expressed as a percentage." />
  <Value Id="130" Name="Total liabilities to total assets" Description="The ratio of total liabilities to total assets expressed as a percentage." />
  <Value Id="131" Name="Profit percentage" Description="The percentage applied to determine the profit." />
  <Value Id="132" Name="Contractor above cost share" Description="The percentage of the cost over-run incurred by the contractor." />
  <Value Id="133" Name="Contractor below cost share" Description="The percentage of the cost under-run allocated to the contractor." />
  <Value Id="134" Name="Current liabilities to total liabilities" Description="Ratio calculated by dividing current liabilities by total liabilities expressed as a percentage." />
  <Value Id="135" Name="Current assets to total liabilities" Description="Ratio calculated by dividing current assets by total liabilities expressed as a percentage." />
  <Value Id="136" Name="Vessel experience factor" Description="The compilation of the total calculated volume vessel measurements, adjusted for on-board quantity or remaining on-board quantity, compared with the total calculated volume shore measurements expressed as a percentage." />
  <Value Id="137" Name="Vessel load ratio" Description="The total calculated volume by vessel measurement upon sailing, less on-board quantity, divided by the total calculated volume by shore measurement at loading expressed as a percentage." />
  <Value Id="138" Name="Vessel discharge ratio" Description="The total calculated volume by vessel measurement on arrival, less remaining on board, divided by the total calculated volume by shore measurement discharge expressed as a percentage." />
  <Value Id="139" Name="National average percentile" Description="Relative ranking for a corresponding class to the national average." />
  <Value Id="140" Name="Industry average percentile" Description="Relative ranking for a corresponding class to the industry average." />
  <Value Id="141" Name="Non-current assets to net worth" Description="The ratio of non-current assets to net worth expressed as a percentage." />
  <Value Id="142" Name="Non-current assets to total assets" Description="The ratio of non-current assets to total assets expressed as a percentage." />
  <Value Id="143" Name="Sales to current assets" Description="The ratio of sales to current assets expressed as a percentage." />
  <Value Id="144" Name="Working capital to sales" Description="The ratio of working capital to sales expressed as a percentage." />
  <Value Id="145" Name="Creditors to sales costs" Description="The ratio of creditors to sales costs expressed as a percentage." />
  <Value Id="146" Name="Concentration" Description="Concentration expressed as a percentage value." />
  <Value Id="147" Name="Percentage of months before an instalment" Description="The number of months before an instalment is made expressed as a percentage." />
  <Value Id="148" Name="Accounts receivable turnover" Description="Net annual sales divided by accounts receivable." />
  <Value Id="149" Name="Employee costs to value added ratio" Description="Ratio of employee costs to total income minus raw materials and sales costs expressed as a percentage." />
  <Value Id="150" Name="Interest payable to net sales ratio" Description="Ratio of interest payable divided by net sales expressed as a percentage." />
  <Value Id="151" Name="Inventory to cost of goods sold ratio" Description="Ratio of inventory divided by cost of goods sold expressed as a percentage." />
  <Value Id="152" Name="Liquid assets to sales ratio" Description="Ratio of liquid assets divided by net sales expressed as a percentage." />
  <Value Id="153" Name="Return on value added ratio" Description="Ratio of total income minus raw materials and services to net sales expressed as a percentage." />
  <Value Id="154" Name="Daily working capital need" Description="The value of working capital divided by net sales multiplied by 360." />
  <Value Id="155" Name="Financial expenses to net sales ratio" Description="The ratio of financial expenses to net sales expressed as a percentage." />
  <Value Id="156" Name="Inflation" Description="Percentage representing a general increase in prices and fall in the purchasing value of money." />
  <Value Id="157" Name="Probability of financial distress" Description="The probability of financial distress expressed as a percentage." />
  <Value Id="158" Name="Gearing" Description="Ratio of the total short and long term loans divided by shareholder equity expressed as a percentage." />
  <Value Id="159" Name="Nestable percentage" Description="Extent expressed as a percentage to which an item can be nested within an identical item." />
  <Value Id="160" Name="Data reliability percentage" Description="To identify the degree of the reliability of the data." />
  <Value Id="ZZZ" Name="Mutually defined" Description="As agreed by the trading partners." />
</Root>