<?xml version="1.0" encoding="utf-8"?>
<Root xmlns:xsi="http://www.w3.org/2001/XMLSchema-instance" xmlns:xsd="http://www.w3.org/2001/XMLSchema" Id="5261" Name="Charge unit code" Description="Code specifying a charge unit." Count="an..3">
  <Value Id="1" Name="Drop charge" Description="Fee charged when a rental is terminated in a city or location other than where the rental originated." />
  <Value Id="2" Name="Extra day" Description="The associated charge is for each day beyond the indicated base period." />
  <Value Id="3" Name="Extra week" Description="The associated charge is for each week beyond the indicated base period." />
  <Value Id="4" Name="Extra hour" Description="The associated charge is for each hour beyond the indicated base period." />
  <Value Id="5" Name="Extra month" Description="The associated charge is for each month beyond the indicated base period." />
  <Value Id="6" Name="Per mile" Description="The associated charge is for each mile the service is in use." />
  <Value Id="7" Name="Per kilometer" Description="The associated charge is for each kilometer the service is in use." />
  <Value Id="8" Name="Free miles" Description="To indicate there is no charge for the specified number of free miles." />
  <Value Id="9" Name="Free kilometers" Description="To indicate there is no charge for the specified number of free kilometers." />
  <Value Id="10" Name="Adult" Description="The associated charge is per adult." />
  <Value Id="11" Name="Child" Description="The associated charge is per child." />
  <Value Id="12" Name="Employee" Description="The associated charge is per employee." />
  <Value Id="13" Name="Passenger in wheelchair" Description="The associated tariff is to accommodate a passenger in a wheelchair." />
  <Value Id="14" Name="Companion of a handicapped person" Description="The associated tariff is per companion of a handicapped person such as a blind passenger or a passenger in a wheelchair." />
  <Value Id="15" Name="Small contained animal" Description="The associated tariff is per animal up to the size of a domestic cat, stalled in suitable containers such as a cage, box or basket." />
  <Value Id="16" Name="Dog" Description="The associated tariff is per dog." />
  <Value Id="17" Name="Bicycle" Description="The associated tariff is per bicycle." />
  <Value Id="18" Name="Youth" Description="The associated tariff is for a person between childhood and adult age." />
  <Value Id="19" Name="Senior" Description="The associated tariff is for an elderly person such as an old age pensioner." />
  <Value Id="20" Name="Infant" Description="The associated tariff is per very young child or baby." />
  <Value Id="21" Name="Accompanied child" Description="The associated tariff is per child accompanied by an adult." />
  <Value Id="22" Name="Child as separate passenger" Description="The associated tariff is per child occuping their own seat, couchette or sleeping berth." />
  <Value Id="23" Name="Blind person" Description="The associated tariff is per blind person." />
  <Value Id="24" Name="Infant as separate passenger" Description="The associated tariff is per infant occupying their own seat, couchette or sleeping berth." />
  <Value Id="25" Name="Person aged between 4 and 11 years" Description="The associated charge is per person between 4 and 11 years." />
  <Value Id="26" Name="Child accompanied by ancestor" Description="The associated charge is per child accompanied by an ancestor." />
  <Value Id="27" Name="Person aged between 4 and 12 years" Description="The associated charge is per person between 4 and 12 years." />
  <Value Id="28" Name="Person aged between 4 and 13 years" Description="The associated charge is per person between 4 and 13 years." />
  <Value Id="29" Name="Person aged between 4 and 16 years" Description="The associated charge is per person between 4 and 16 years." />
  <Value Id="30" Name="Person aged between 5 and 12 years" Description="The associated charge is per person between 5 and 12 years." />
  <Value Id="31" Name="Person aged between 5 and 16 years" Description="The associated charge is per person between 5 and 16 years." />
  <Value Id="32" Name="Person aged between 6 and 12 years" Description="The associated charge is per person between 6 and 12 years." />
  <Value Id="33" Name="Person aged between 6 and 14 years" Description="The associated charge is per person between 6 and 14 years." />
  <Value Id="34" Name="Person aged between 6 and 15 years" Description="The associated charge is per person between 6 and 15 years." />
  <Value Id="35" Name="Person aged between 6 and 16 years" Description="The associated charge is per person between 6 and 16 years." />
  <Value Id="36" Name="Person aged between 6 and 17 years" Description="The associated charge is per person between 6 and 17 years." />
  <Value Id="37" Name="Person aged between 7 and 12 years" Description="The associated charge is per person between 7 and 12 years." />
  <Value Id="38" Name="Person aged between 7 and 15 years" Description="The associated charge is per person between 7 and 15 years." />
  <Value Id="39" Name="Person aged between 11 and 99 years" Description="The associated charge is per person between 11 and 99 years." />
  <Value Id="40" Name="Person aged between 12 and 99 years" Description="The associated charge is per person between 12 and 99 years." />
  <Value Id="41" Name="Person aged between 13 and 99 years" Description="The associated charge is per person between 13 and 99 years." />
  <Value Id="42" Name="Person aged between 14 and 99 years" Description="The associated charge is per person between 14 and 99 years." />
  <Value Id="43" Name="Person aged between 15 and 99 years" Description="The associated charge is per person between 15 and 99 years." />
  <Value Id="44" Name="Person aged between 16 and 99 years" Description="The associated charge is per person between 16 and 99 years." />
  <Value Id="45" Name="Person aged between 17 and 99 years" Description="The associated charge is per person between 17 and 99 years." />
  <Value Id="46" Name="Person aged between 26 and 99 years" Description="The associated charge is per person between 26 and 99 years." />
</Root>