<?xml version="1.0" encoding="utf-8"?>
<Root xmlns:xsi="http://www.w3.org/2001/XMLSchema-instance" xmlns:xsd="http://www.w3.org/2001/XMLSchema" Id="5283" Name="Duty or tax or fee function code qualifier" Description="Code qualifying the function of a duty or tax or fee." Count="an..3">
  <Value Id="1" Name="Individual duty, tax or fee (Customs item)" Description="Individual duty, tax or fee charged on a single Customs item line of the goods declaration (CCC)." />
  <Value Id="2" Name="Total of all duties, taxes and fees (Customs item)" Description="Total of all duties, taxes and fees charged on a single Customs item line of the goods declaration (CCC)." />
  <Value Id="3" Name="Total of each duty, tax or fee type (Customs declaration)" Description="Total of each duty, tax or fee charged on the goods declaration (CCC)." />
  <Value Id="4" Name="Total of all duties, taxes and fee types (Customs declaration)" Description="Total of all duties, taxes and fees charged on the goods declaration (CCC)." />
  <Value Id="5" Name="Customs duty" Description="Duties laid down in the Customs tariff to which goods are liable on entering or leaving the Customs territory (CCC)." />
  <Value Id="6" Name="Fee" Description="Charge for services rendered." />
  <Value Id="7" Name="Tax" Description="Contribution levied by an authority." />
  <Value Id="9" Name="Tax related information" Description="Code specifying information related to tax." />
</Root>