<?xml version="1.0" encoding="utf-8"?>
<Root xmlns:xsi="http://www.w3.org/2001/XMLSchema-instance" xmlns:xsd="http://www.w3.org/2001/XMLSchema" Id="5305" Name="Duty or tax or fee category code" Description="Code specifying a duty or tax or fee category." Count="an..3">
  <Value Id="A" Name="Mixed tax rate" Description="Code specifying that the rate is based on mixed tax." />
  <Value Id="AA" Name="Lower rate" Description="Tax rate is lower than standard rate." />
  <Value Id="AB" Name="Exempt for resale" Description="A tax category code indicating the item is tax exempt when the item is bought for future resale." />
  <Value Id="AC" Name="Value Added Tax (VAT) not now due for payment" Description="A code to indicate that the Value Added Tax (VAT) amount which is due on the current invoice is to be paid on receipt of a separate VAT payment request." />
  <Value Id="AD" Name="Value Added Tax (VAT) due from a previous invoice" Description="A code to indicate that the Value Added Tax (VAT) amount of a previous invoice is to be paid." />
  <Value Id="AE" Name="VAT Reverse Charge" Description="Code specifying that the standard VAT rate is levied from the invoicee." />
  <Value Id="B" Name="Transferred (VAT)" Description="VAT not to be paid to the issuer of the invoice but directly to relevant tax authority." />
  <Value Id="C" Name="Duty paid by supplier" Description="Duty associated with shipment of goods is paid by the supplier; customer receives goods with duty paid." />
  <Value Id="E" Name="Exempt from tax" Description="Code specifying that taxes are not applicable." />
  <Value Id="G" Name="Free export item, tax not charged" Description="Code specifying that the item is free export and taxes are not charged." />
  <Value Id="H" Name="Higher rate" Description="Code specifying a higher rate of duty or tax or fee." />
  <Value Id="O" Name="Services outside scope of tax" Description="Code specifying that taxes are not applicable to the services." />
  <Value Id="S" Name="Standard rate" Description="Code specifying the standard rate." />
  <Value Id="Z" Name="Zero rated goods" Description="Code specifying that the goods are at a zero rate." />
</Root>