<?xml version="1.0" encoding="utf-8"?>
<Root xmlns:xsi="http://www.w3.org/2001/XMLSchema-instance" xmlns:xsd="http://www.w3.org/2001/XMLSchema" Id="5375" Name="Price type code" Description="Code specifying the type of price." Count="an..3">
  <Value Id="AA" Name="Cancellation price" Description="Price authorized to be charged in the event of an order being cancelled." />
  <Value Id="AB" Name="Per ton" Description="To indicate that the price applies per ton." />
  <Value Id="AC" Name="Minimum order price" Description="A code to identify the price when the minimum number is purchased." />
  <Value Id="AD" Name="Export price" Description="A code to identify a price for the export market." />
  <Value Id="AE" Name="Range dependent price" Description="A code identifying the price for a specific range of purchase quantities." />
  <Value Id="AI" Name="Active ingredient" Description="The price is referring to the active ingredient." />
  <Value Id="AQ" Name="As is quantity" Description="The price is referring to the measured quantity." />
  <Value Id="CA" Name="Catalogue" Description="Code specifying the catalogue price." />
  <Value Id="CT" Name="Contract" Description="Code specifying the contract price." />
  <Value Id="CU" Name="Consumer unit" Description="The price is referring to the consumer unit." />
  <Value Id="DI" Name="Distributor" Description="Code specifying the distributor price." />
  <Value Id="EC" Name="ECSC price" Description="Price registered at European Commission Steel and Carbon office (DG III)." />
  <Value Id="NW" Name="Net weight" Description="Code specifying the net weight price." />
  <Value Id="PC" Name="Price catalogue" Description="Code specifying the catalogue price." />
  <Value Id="PE" Name="Per each" Description="Code specifying the price per item." />
  <Value Id="PK" Name="Per kilogram" Description="Code specifying the price per kilogram." />
  <Value Id="PL" Name="Per litre" Description="Code specifying the price per litre." />
  <Value Id="PT" Name="Per tonne" Description="Code specifying the price per tonne." />
  <Value Id="PU" Name="Specified unit" Description="Code specifying the price per specified unit." />
  <Value Id="PV" Name="Provisional price" Description="Code specifying a provisional price." />
  <Value Id="PW" Name="Gross weight" Description="Code specifying the gross weight price." />
  <Value Id="QT" Name="Quoted" Description="Code specifying the quoted price." />
  <Value Id="SR" Name="Suggested retail" Description="Code specifying the suggested retail price." />
  <Value Id="TB" Name="To be negotiated" Description="Code specifying that the price has to be negotiated." />
  <Value Id="TU" Name="Traded unit" Description="The price is referring to the traded unit." />
  <Value Id="TW" Name="Theoretical weight" Description="Weight calculated on ordered dimension (length, width, thickness) not on final dimension (e.g. steel products)." />
  <Value Id="WH" Name="Wholesale" Description="Code specifying the wholesale price." />
  <Value Id="WI" Name="Gross volume" Description="The price is calculated based on gross volume." />
</Root>