<?xml version="1.0" encoding="utf-8"?>
<Root xmlns:xsi="http://www.w3.org/2001/XMLSchema-instance" xmlns:xsd="http://www.w3.org/2001/XMLSchema" Id="5379" Name="Product group type code" Description="Code specifying the type of product group." Count="an..3">
  <Value Id="1" Name="Base x coefficient" Description="The product is grouped based on price multiplied with a coefficient." />
  <Value Id="2" Name="No price group used" Description="Code specifying that the product is not subject to price group." />
  <Value Id="3" Name="Catalogue" Description="Code specifying that the product is indexed in a catalogue." />
  <Value Id="4" Name="Group of products with same price" Description="Code specifying that all the products of the group have the same price." />
  <Value Id="5" Name="Itemized" Description="Code specifying that the product group is itemized." />
  <Value Id="7" Name="Current discount group" Description="Items in this discount group are available to the buyer at a common discount percentage." />
  <Value Id="8" Name="Previous discount group" Description="The common discount percentage group to which an item previously belonged." />
  <Value Id="9" Name="No group used" Description="No grouping is being used." />
  <Value Id="10" Name="Price group" Description="Products grouped together on the basis of price." />
  <Value Id="11" Name="Product group" Description="A code indicating a product group." />
  <Value Id="12" Name="Promotional group" Description="Grouping of products for promotional reasons." />
  <Value Id="13" Name="Legal" Description="A product group governed by a common set of legal rules." />
  <Value Id="14" Name="Geographical target market division/subdivision code" Description="The target market is a geographical region based upon geographical boundaries sanctioned by the United Nations." />
</Root>