<?xml version="1.0" encoding="utf-8"?>
<Root xmlns:xsi="http://www.w3.org/2001/XMLSchema-instance" xmlns:xsd="http://www.w3.org/2001/XMLSchema" Id="5387" Name="Price specification code" Description="Code identifying pricing specification." Count="an..3">
  <Value Id="AAA" Name="Reference price" Description="Code identifying a reference price." />
  <Value Id="AAB" Name="Price includes tax" Description="Code specifying that the price is inclusive of tax." />
  <Value Id="AAC" Name="Buyer suggested retail price" Description="The suggested retail price as suggested or determined by the party purchasing the goods." />
  <Value Id="AAD" Name="Ocean charges rate" Description="The charges imposed by the ocean transportation industry above and beyond the basic freight." />
  <Value Id="AAE" Name="Not subject to fluctuation" Description="Not subject to escalation or adjustment." />
  <Value Id="AAF" Name="Subject to escalation" Description="Subject to increase or development by successive stages." />
  <Value Id="AAG" Name="Subject to price adjustment" Description="Code specifying that the price is subject to adjustment." />
  <Value Id="AAH" Name="Subject to escalation and price adjustment" Description="Subject to increase or development by successive stages and price adjustment." />
  <Value Id="AAI" Name="Fluctuation conditions not specified" Description="Code specifying that the fluctuation conditions are not identified." />
  <Value Id="AAJ" Name="All in price" Description="Firm price for specified work." />
  <Value Id="AAK" Name="New price" Description="A price valid from an effective date/time/period." />
  <Value Id="AAL" Name="Old price" Description="A price valid prior to an effective date/time/period of a new price." />
  <Value Id="AAM" Name="Per week" Description="To indicate that the given price applies per week." />
  <Value Id="AAN" Name="Price on application" Description="Price can be obtained on request from seller." />
  <Value Id="AAO" Name="Unpacked price" Description="The price given is the price of the item without packaging." />
  <Value Id="AAP" Name="Trade price" Description="Discount price available to all customers except the retail customer." />
  <Value Id="AAQ" Name="Firm price" Description="Price which will remain unchanged for a given time period." />
  <Value Id="AAR" Name="Material share of item price" Description="The per unit cost of referenced material based on a given quotation for that material." />
  <Value Id="AAS" Name="Labour share of item price" Description="The labour component of the per-unit item price." />
  <Value Id="AAT" Name="Transport share of item price" Description="The transport component of the per-unit item price." />
  <Value Id="AAU" Name="Packing share of item price" Description="The packing component of the per-unit item price." />
  <Value Id="AAV" Name="Tooling share of item price" Description="The tooling component of the per-unit item price." />
  <Value Id="AAW" Name="Temporary vehicle charge" Description="The component of a price charged for providing a temporary vehicle." />
  <Value Id="AAX" Name="Price component due to interest" Description="This is the component of the price which is charged due to interest." />
  <Value Id="AAY" Name="Price component due to management services" Description="This is the component of the price which is charged due to management services rendered." />
  <Value Id="AAZ" Name="Price component due to maintenance" Description="This is the component of the price which is charged due to maintenance." />
  <Value Id="ABA" Name="Individual buyer price" Description="A price which is available to an individual buyer as opposed to an institutional buyer." />
  <Value Id="ABB" Name="Group buying price" Description="A price which is available to a buying group." />
  <Value Id="ABC" Name="Group member buying price" Description="A special price given to a member of a buying group." />
  <Value Id="ABD" Name="Pre-payment price" Description="A special price if pre-payment is made for the article ordered." />
  <Value Id="ABE" Name="Retail price - excluding taxes" Description="Retail price not including any applicable taxes." />
  <Value Id="ABF" Name="Suggested retail price - excluding taxes" Description="Suggested retail price not including any applicable taxes." />
  <Value Id="ABG" Name="Agreed minimum price" Description="The minimum price agreed between trading partners." />
  <Value Id="ABH" Name="Statutory minimum retail price" Description="The legal minimum retail price." />
  <Value Id="ABI" Name="Cost reimbursement price" Description="A code to indicate that the price represents the reimbursement of the actual costs incurred." />
  <Value Id="ABJ" Name="Market price" Description="A code to indicate that the given price is applicable under normal competitive conditions." />
  <Value Id="ABK" Name="Open tender price" Description="A code to indicate that the price mentioned has been submitted in the context of an open tender." />
  <Value Id="ABL" Name="Base price" Description="The base price of a product or service." />
  <Value Id="ABM" Name="Base price difference" Description="The difference in price against a base price." />
  <Value Id="ABN" Name="Adjustable price prior to acceptance" Description="A price which can be adjusted due to economic conditions between the date of offer and the date of acceptance." />
  <Value Id="ABO" Name="Revisable price after acceptance" Description="A price which can be revised due to economic conditions between the date of acceptance of the order and the date of delivery." />
  <Value Id="ABP" Name="Provisional ceiling price" Description="A provisional price which cannot be exceeded." />
  <Value Id="ABQ" Name="Adjustable provisional ceiling price" Description="A provisional price which cannot be exceeded but which can be adjusted due to economic conditions between the date of offer and the date of acceptance." />
  <Value Id="ABR" Name="Revisable provisional ceiling price" Description="A provisional price which cannot be exceeded but is revisable due to economic conditions between the date of acceptance of the order through to the date of delivery." />
  <Value Id="ABS" Name="Revisable provisional price" Description="A provisional price which is revisable due to economic conditions between the date of acceptance of the order and the date of delivery." />
  <Value Id="ABT" Name="Adjustable provisional price" Description="A provisional price which is adjustable due to economic conditions between the date of offer and the date of acceptance." />
  <Value Id="ABU" Name="Area price" Description="Price connected to a geographical area." />
  <Value Id="ABV" Name="Area system price" Description="A basis price applied to a geographic area." />
  <Value Id="ABW" Name="Special balance regulation price" Description="The price applicable to the power generated as a result of a special balance regulation." />
  <Value Id="ABX" Name="Balance regulation price" Description="The price applicable to the power generated as a result of a balance regulation." />
  <Value Id="ABY" Name="Upward balance regulation price" Description="The price applicable to the power generated as a result of an upward balance regulation." />
  <Value Id="ABZ" Name="Downward balance regulation price" Description="The price applicable to the power generated as a result of a downward balance regulation." />
  <Value Id="AI" Name="Active ingredient" Description="Code specifying that price is based on the active ingredient." />
  <Value Id="ALT" Name="Alternate price" Description="A substitute cost." />
  <Value Id="AP" Name="Advice price" Description="Code specifying an advice price." />
  <Value Id="BR" Name="Broker price" Description="Code specifying a broker price." />
  <Value Id="CAT" Name="Catalogue price" Description="Price per unit of quantity of a product as specified in a catalogue." />
  <Value Id="CDV" Name="Current domestic value" Description="The present worth of a thing which comes from one's homeland, in terms of money or goods." />
  <Value Id="CON" Name="Contract price" Description="Price per unit of quantity of a product/service as agreed in a contract between parties." />
  <Value Id="CP" Name="Current price" Description="Price at time of transaction, but subject to future change." />
  <Value Id="CU" Name="Consumer unit" Description="Code specifying that the price is based on consumer unit." />
  <Value Id="CUP" Name="Confirmed unit price" Description="The value of a single item that proves to be correct." />
  <Value Id="CUS" Name="Declared customs unit value" Description="A clearly known duty on a single item which is imposed by law." />
  <Value Id="DAP" Name="Dealer adjusted price" Description="The necessary or desirable changes that the sales agency makes with respect to the value of the product." />
  <Value Id="DIS" Name="Distributor price" Description="The cost associated with the agency that markets goods." />
  <Value Id="DPR" Name="Discount price" Description="A reduction from the usual list value." />
  <Value Id="DR" Name="Dealer price" Description="Code specifying a dealer price." />
  <Value Id="DSC" Name="Discount amount allowed" Description="A certain price up to which one is able to make reductions from the usual list value." />
  <Value Id="EC" Name="ECSC price" Description="Price registered at European Commission Steel and Carbon office (DG III)." />
  <Value Id="ES" Name="Estimated price" Description="Code specifying an estimated price." />
  <Value Id="EUP" Name="Expected unit price" Description="The anticipated value of a single item." />
  <Value Id="FCR" Name="Freight/charge rate" Description="The price that is either a freight rate or a rate on which freight charges are calculated." />
  <Value Id="GRP" Name="Gross unit price" Description="Unit price to which allowances and charges apply." />
  <Value Id="INV" Name="Invoice price" Description="Price per unit of quantity of a product as specified on an invoice." />
  <Value Id="LBL" Name="Labelling price" Description="Retail price of the buyer that should be printed by the producer on the article's label. The labelling price is not necessary the effective retail price." />
  <Value Id="MAX" Name="Maximum order quantity price" Description="The greatest amount of goods or services which one can buy to receive a certain value." />
  <Value Id="MIN" Name="Minimum order quantity price" Description="The least amount of goods or services that one can buy to receive a certain value." />
  <Value Id="MNR" Name="Minimum release quantity price" Description="The least amount of an order one can place in order to receive a certain value." />
  <Value Id="MSR" Name="Manufacturer's suggested retail" Description="Price that reflects &quot;Sales to other manufacturers&quot; or &quot;Sales for resale&quot;." />
  <Value Id="MXR" Name="Maximum release quantity price" Description="The greatest amount of an order that one can place in order to receive a certain value." />
  <Value Id="NE" Name="Not-to-exceed price" Description="Code specifying a price that cannot be increased." />
  <Value Id="NQT" Name="No quote" Description="No price available." />
  <Value Id="NTP" Name="Net unit price" Description="Unit price to which no allowances and charges apply." />
  <Value Id="NW" Name="Net weight" Description="Code specifying a net weight price." />
  <Value Id="OFR" Name="Ocean freight rate" Description="The price per pricing unit of ocean transportation services for moving cargo from one location to another." />
  <Value Id="PAQ" Name="Price break quantity(s)" Description="Numerical amounts of goods or services which are associated with different sums of money. As the amount goes up, the price per individual item decreases." />
  <Value Id="PBQ" Name="Unit price beginning quantity" Description="The starting amount at which you can place a value on a single item." />
  <Value Id="PPD" Name="Prepaid freight charges" Description="The cost of shipping is paid before the goods are shipped." />
  <Value Id="PPR" Name="Provisional price" Description="Price per unit of quantity of a product as provisionally agreed." />
  <Value Id="PRO" Name="Producer's price" Description="The value that the maker of a good places on an item." />
  <Value Id="PRP" Name="Promotional price" Description="The value that is placed on an item that is being developed. The idea is to sell this product for less than one normally would, and make up for it by selling a larger quantity." />
  <Value Id="PW" Name="Gross weight" Description="Code specifying a gross weight price." />
  <Value Id="QTE" Name="Quote price" Description="Price per unit of quantity of a product as specified in a quote." />
  <Value Id="RES" Name="Resale price" Description="Price per unit of quantity of a product to be used for resale." />
  <Value Id="RTP" Name="Retail price" Description="Price per unit of quantity of a product to be used for retail." />
  <Value Id="SHD" Name="Ship and debit" Description="To transport goods and be owed money by the customer for the services performed." />
  <Value Id="SRP" Name="Suggested retail price" Description="Price per unit of quantity of a product suggested for retail." />
  <Value Id="SW" Name="Gross weight without wooden pallets" Description="Used in steel industry." />
  <Value Id="TB" Name="To be negotiated" Description="Code specifying that the price has to be negotiated." />
  <Value Id="TRF" Name="Transfer" Description="To carry or remove from one place, situation, or person to another." />
  <Value Id="TU" Name="Traded unit" Description="Code specifying a traded unit price." />
  <Value Id="TW" Name="Theoretical weight" Description="Code specifying a price based on a theoretical weight." />
  <Value Id="WH" Name="Wholesale price" Description="Code specifying a wholesale price." />
</Root>