<?xml version="1.0" encoding="utf-8"?>
<Root xmlns:xsi="http://www.w3.org/2001/XMLSchema-instance" xmlns:xsd="http://www.w3.org/2001/XMLSchema" Id="5419" Name="Rate type code qualifier" Description="Code qualifying the type of rate." Count="an..3">
  <Value Id="1" Name="Allowance rate" Description="Code specifying the allowance rate." />
  <Value Id="2" Name="Charge rate" Description="Code specifying the charge rate." />
  <Value Id="3" Name="Actual versus calculated price difference rate" Description="Difference rate of actual price and calculated price." />
  <Value Id="4" Name="Standard labour rate" Description="Labour rate for a normal working day. Synonym: Straight time." />
  <Value Id="5" Name="Overtime labour rate" Description="Labour rate for overtime." />
  <Value Id="6" Name="Premium labour rate" Description="Labour rate for premium time." />
  <Value Id="7" Name="Calculation rate" Description="To identify a rate which is to be applied in a calculation." />
  <Value Id="8" Name="Coefficient" Description="The coefficient which is to be used as a multiplier." />
  <Value Id="9" Name="Indemnity rate" Description="To specify the rate of an indemnity." />
  <Value Id="10" Name="Guarantee reserved calculation rate" Description="To specify the rate that has been used to calculate the monetary amount reserved as a guarantee." />
  <Value Id="11" Name="Waiting time indemnity rate" Description="To specify the rate of an indemnity for waiting." />
  <Value Id="ZZZ" Name="Mutually defined" Description="The rate type is mutually agreed by the interchanging parties." />
</Root>