<?xml version="1.0" encoding="utf-8"?>
<Root xmlns:xsi="http://www.w3.org/2001/XMLSchema-instance" xmlns:xsd="http://www.w3.org/2001/XMLSchema" Id="5463" Name="Allowance or charge code qualifier" Description="Code qualifying an allowance or charge." Count="an..3">
  <Value Id="A" Name="Allowance" Description="Code specifying an allowance." />
  <Value Id="B" Name="Total other" Description="The total for items other than those primarily reported upon in the message." />
  <Value Id="C" Name="Charge" Description="Code specifying a charge." />
  <Value Id="D" Name="Allowance per call off" Description="Code specifying a call off allowance." />
  <Value Id="E" Name="Charge per call off" Description="Code specifying a charge per call off." />
  <Value Id="F" Name="Allowance message" Description="Allowance is related to the entire message." />
  <Value Id="G" Name="Allowance line items" Description="Allowance is related to all line items in a message as a default allowance. It may be overridden per line item." />
  <Value Id="H" Name="Line item allowance" Description="Allowance is related to a line item. It can override a default allowance." />
  <Value Id="J" Name="Adjustment" Description="Code specifying that the allowance or charge is due to an adjustment." />
  <Value Id="K" Name="Charge message" Description="Charge is related to the entire message." />
  <Value Id="L" Name="Charge line items" Description="Charge is related to all line items in a message as a default charge. It may be overridden per line item." />
  <Value Id="M" Name="Line item charge" Description="Charge is related to a line item. It can override a default charge." />
  <Value Id="N" Name="No allowance or charge" Description="No increases or reduction in price (list or stated) are included." />
  <Value Id="O" Name="About" Description="To be construed as allowing a difference not exceeding 10 % more or 10 % less than the amount which it refers." />
  <Value Id="P" Name="Minus (percentage)" Description="The lesser value expressed in percentage." />
  <Value Id="Q" Name="Minus (amount)" Description="The lesser value expressed in amount." />
  <Value Id="R" Name="Plus (percentage)" Description="The greater value expressed in percentage." />
  <Value Id="S" Name="Plus (amount)" Description="The greater value expressed in amount." />
  <Value Id="T" Name="Plus/minus (percentage)" Description="The greater/lesser value expressed in percentage." />
  <Value Id="U" Name="Plus/minus (amount)" Description="The greater/lesser value expressed in amount." />
  <Value Id="V" Name="No allowance" Description="Code specifying that there is no allowance." />
  <Value Id="W" Name="No charge" Description="Code specifying that there is no charge." />
  <Value Id="X" Name="Maximum" Description="Highest possible value; maximum; not exceeding; up to." />
  <Value Id="Y" Name="Exact" Description="Indicates that this is the exact amount." />
</Root>