<?xml version="1.0" encoding="utf-8"?>
<Root xmlns:xsi="http://www.w3.org/2001/XMLSchema-instance" xmlns:xsd="http://www.w3.org/2001/XMLSchema" Id="6069" Name="Control total type code qualifier" Description="Code qualifying the type of control of hash total." Count="an..3">
  <Value Id="1" Name="Total of line item quantities" Description="Algebraic total of the quantity values in line items in a message." />
  <Value Id="2" Name="Number of line items in message" Description="Total number of line items in the message." />
  <Value Id="3" Name="Number of line and sub items in message" Description="Total number of line and sub items in the message." />
  <Value Id="4" Name="Number of invoice lines" Description="Number of lines on an invoice." />
  <Value Id="5" Name="Number of Customs item detail lines" Description="Total number of occurrences of the Customs item detail section within a single Customs declaration message." />
  <Value Id="6" Name="Number of Customs entries" Description="Number of entries which are subject to the same Customs procedures, and have the same tariff or statistical heading, country and duty regime." />
  <Value Id="7" Name="Total gross weight" Description="Code to indicate total gross weight of a consignment." />
  <Value Id="8" Name="Total pieces" Description="Total number of pieces." />
  <Value Id="9" Name="Total number of ULD (Unit Load Device)" Description="The total number of Unit Load Devices mentioned in the message." />
  <Value Id="10" Name="Total number of consignments" Description="The total number of consignments." />
  <Value Id="11" Name="Consignment package quantity" Description="[7370] Count of total number of packages referred to as one consignment." />
  <Value Id="12" Name="Invoice total amount" Description="[5214] Amount, debited by the seller and being the total of related article item amounts in a commercial invoice." />
  <Value Id="13" Name="Loading list document quantity" Description="[1166] The number of loading lists, manifests or similar documents." />
  <Value Id="14" Name="Number of Customs commercial detail lines" Description="Commercial detail section within a single Customs declaration message." />
  <Value Id="15" Name="Total consignment, cube" Description="The total cube of consignment." />
  <Value Id="16" Name="Total number of equipment" Description="(8046) Total number of equipment mentioned in the message." />
  <Value Id="17" Name="Consignment for customs total amount" Description="[5070] Total value declared for Customs purposes of all goods in a consignment, whether or not they are subject to the same Customs procedure, or have the same tariff/statistical heading, country information, and duty regime." />
  <Value Id="18" Name="Total reported quantity in net weight" Description="Total reported quantity in net weight." />
  <Value Id="19" Name="Total reported quantity in supplementary units" Description="Total reported quantity in supplementary units." />
  <Value Id="20" Name="Total reported invoice(s) value" Description="Hash total of the total monetary amounts reported on the invoices." />
  <Value Id="21" Name="Total reported ancillary costs" Description="Hash total of the reported total extra costs (e.g. carriage, freight, insurance) of all invoices." />
  <Value Id="22" Name="Total reported statistical value" Description="The total reported statistical value." />
  <Value Id="23" Name="Total ordered quantity" Description="Total quantity ordered in this message." />
  <Value Id="24" Name="Number of orders referenced in this message" Description="Total number of order messages or documents referenced in this message." />
  <Value Id="25" Name="Number of rejected order lines" Description="Total number of rejected order lines in this message." />
  <Value Id="26" Name="Total gross measurement/cube" Description="Total gross cubic measurement of the goods, including packing but excluding transport equipment." />
  <Value Id="27" Name="Total number of credit items given for control purposes" Description="Total number of credit items given for control purposes." />
  <Value Id="28" Name="Total number of debit items given for control purposes" Description="Total number of debit items given for control purposes." />
  <Value Id="29" Name="Total net weight of consignment" Description="A code to indicate the total net weight of a consignment." />
  <Value Id="30" Name="Total number of empty containers" Description="The total number of empty containers mentioned in the message." />
  <Value Id="31" Name="Number of messages" Description="Control count of the number of messages referenced." />
  <Value Id="32" Name="Total gross weight of the goods within the means of transport" Description="Weight (mass) of the goods within the means of transport, including packing and excluding the carrier's equipment." />
  <Value Id="33" Name="Total number of original Bills of Lading" Description="Total number of the original Bills of Lading required for the consignment." />
  <Value Id="34" Name="Total number of copy Bills of Lading" Description="Total number of copy Bills of Lading required for the consignment." />
  <Value Id="35" Name="Number of containers to be discharged" Description="Number of containers to be discharged from the means of transport." />
  <Value Id="36" Name="Number of containers to be loaded" Description="Number of containers to be loaded in or on the means of transport." />
  <Value Id="37" Name="Number of containers to be restowed" Description="Number of containers to be restowed from one cell position to another." />
  <Value Id="38" Name="Number of containers to be shifted" Description="Number of containers to be shifted from one cell position to another." />
  <Value Id="39" Name="Total number of individual transactions" Description="The total number of individual transactions." />
  <Value Id="40" Name="Total number of sequence details in message" Description="The total number of sequence details in the message." />
  <Value Id="41" Name="Total number of crew" Description="The total number of crew." />
  <Value Id="42" Name="Total number of passengers" Description="The total number of passengers aboard the conveyance." />
  <Value Id="43" Name="Total number of work tasks" Description="Total number of work tasks in the message." />
  <Value Id="44" Name="Total number of milestones" Description="Total number of milestones in the message." />
  <Value Id="45" Name="Total number of available resources" Description="Total number of available resources in the message." />
  <Value Id="46" Name="Total number of constraints" Description="Total number of constraints in the message." />
  <Value Id="47" Name="Total wholesaler unsold quantity" Description="Total quantity of unsold goods held by the wholesaler." />
  <Value Id="48" Name="Total quantity held by delivery vehicles" Description="Total quantity held by the delivery vehicles." />
  <Value Id="49" Name="Total quantity held by retail outlets" Description="Total quantity held by the retail outlets." />
  <Value Id="50" Name="Total rejected return quantity" Description="The total quantity for return which have been rejected." />
  <Value Id="51" Name="Number of goods items in the message" Description="The total number of goods items in a message." />
  <Value Id="52" Name="Number of patients" Description="The number of patients reported in a message." />
  <Value Id="53" Name="Hash total of reported debit items" Description="Hash total of the values of all the debit item amounts reported in the message." />
  <Value Id="54" Name="Hash total of reported credit items" Description="Hash total of the values of all the credit item amounts reported in the message." />
  <Value Id="55" Name="Total number of errors reported" Description="Total number of errors reported." />
  <Value Id="56" Name="Total number of transport units" Description="Number of separate units of cargo handled during transportation of a consignment." />
  <Value Id="57" Name="Total loading metres" Description="The total number of loading metres." />
  <Value Id="58" Name="Days under customs transit control" Description="The total number of days a consignment is under Customs transit control." />
  <Value Id="59" Name="Total gross weight of consignment, shipper measured" Description="Code to indicate the total gross weight of a consignment as measured by the shipper." />
  <Value Id="60" Name="Total pallet gross weight" Description="Code to indicate the total weight of the goods and pallet." />
  <Value Id="61" Name="Number of affixed seals" Description="To specify the number of seals affixed." />
</Root>