<?xml version="1.0" encoding="utf-8"?>
<Root xmlns:xsi="http://www.w3.org/2001/XMLSchema-instance" xmlns:xsd="http://www.w3.org/2001/XMLSchema" Id="6063" Name="Quantity type code qualifier" Description="Code qualifying the type of quantity." Count="an..3">
  <Value Id="1" Name="Discrete quantity" Description="Individually separated and distinct quantity." />
  <Value Id="2" Name="Charge" Description="Quantity relevant for charge." />
  <Value Id="3" Name="Cumulative quantity" Description="Quantity accumulated." />
  <Value Id="4" Name="Interest for overdrawn account" Description="Interest for overdrawing the account." />
  <Value Id="5" Name="Active ingredient dose per unit" Description="The dosage of active ingredient per unit." />
  <Value Id="6" Name="Auditor" Description="The number of entities that audit accounts." />
  <Value Id="7" Name="Branch locations, leased" Description="The number of branch locations being leased by an entity." />
  <Value Id="8" Name="Inventory quantity at supplier's subject to inspection by customer" Description="Quantity of goods which the customer requires the supplier to have in inventory and which may be inspected by the customer if desired." />
  <Value Id="9" Name="Branch locations, owned" Description="The number of branch locations owned by an entity." />
  <Value Id="10" Name="Judgements registered" Description="The number of judgements registered against an entity." />
  <Value Id="11" Name="Split quantity" Description="Part of the whole quantity." />
  <Value Id="12" Name="Despatch quantity" Description="Quantity despatched by the seller." />
  <Value Id="13" Name="Liens registered" Description="The number of liens registered against an entity." />
  <Value Id="14" Name="Livestock" Description="The number of animals kept for use or profit." />
  <Value Id="15" Name="Insufficient funds returned cheques" Description="The number of cheques returned due to insufficient funds." />
  <Value Id="16" Name="Stolen cheques" Description="The number of stolen cheques." />
  <Value Id="17" Name="Quantity on hand" Description="The total quantity of a product on hand at a location. This includes as well units awaiting return to manufacturer, units unavailable due to inspection procedures and undamaged stock available for despatch, resale or use." />
  <Value Id="18" Name="Previous quantity" Description="Quantity previously referenced." />
  <Value Id="19" Name="Paid-in security shares" Description="The number of security shares issued and for which full payment has been made." />
  <Value Id="20" Name="Unusable quantity" Description="Quantity not usable." />
  <Value Id="21" Name="Ordered quantity" Description="[6024] The quantity which has been ordered." />
  <Value Id="22" Name="Quantity at 100%" Description="Equivalent quantity at 100% purity." />
  <Value Id="23" Name="Active ingredient" Description="Quantity at 100% active agent content." />
  <Value Id="24" Name="Inventory quantity at supplier's not subject to inspection by customer" Description="Quantity of goods which the customer requires the supplier to have in inventory but which will not be checked by the customer." />
  <Value Id="25" Name="Retail sales" Description="Quantity of retail point of sale activity." />
  <Value Id="26" Name="Promotion quantity" Description="A quantity associated with a promotional event." />
  <Value Id="27" Name="On hold for shipment" Description="Article received which cannot be shipped in its present form." />
  <Value Id="28" Name="Military sales quantity" Description="Quantity of goods or services sold to a military organization." />
  <Value Id="29" Name="On premises sales" Description="Sale of product in restaurants or bars." />
  <Value Id="30" Name="Off premises sales" Description="Sale of product directly to a store." />
  <Value Id="31" Name="Estimated annual volume" Description="Volume estimated for a year." />
  <Value Id="32" Name="Minimum delivery batch" Description="Minimum quantity of goods delivered at one time." />
  <Value Id="33" Name="Maximum delivery batch" Description="Maximum quantity of goods delivered at one time." />
  <Value Id="34" Name="Pipes" Description="The number of tubes used to convey a substance." />
  <Value Id="35" Name="Price break from" Description="The minimum quantity of a quantity range for a specified (unit) price." />
  <Value Id="36" Name="Price break to" Description="Maximum quantity to which the price break applies." />
  <Value Id="37" Name="Poultry" Description="The number of domestic fowl." />
  <Value Id="38" Name="Secured charges registered" Description="The number of secured charges registered against an entity." />
  <Value Id="39" Name="Total properties owned" Description="The total number of properties owned by an entity." />
  <Value Id="40" Name="Normal delivery" Description="Quantity normally delivered by the seller." />
  <Value Id="41" Name="Sales quantity not included in the replenishment calculation" Description="Sales which will not be included in the calculation of replenishment requirements." />
  <Value Id="42" Name="Maximum supply quantity, supplier endorsed" Description="Maximum supply quantity endorsed by a supplier." />
  <Value Id="43" Name="Buyer" Description="The number of buyers." />
  <Value Id="44" Name="Debenture bond" Description="The number of fixed-interest bonds of an entity backed by general credit rather than specified assets." />
  <Value Id="45" Name="Debentures filed against directors" Description="The number of notices of indebtedness filed against an entity's directors." />
  <Value Id="46" Name="Pieces delivered" Description="Number of pieces actually received at the final destination." />
  <Value Id="47" Name="Invoiced quantity" Description="The quantity as per invoice." />
  <Value Id="48" Name="Received quantity" Description="The quantity which has been received." />
  <Value Id="49" Name="Chargeable distance" Description="[6110] The distance between two points for which a specific tariff applies." />
  <Value Id="50" Name="Disposition undetermined quantity" Description="Product quantity that has not yet had its disposition determined." />
  <Value Id="51" Name="Inventory category transfer" Description="Inventory that has been moved from one inventory category to another." />
  <Value Id="52" Name="Quantity per pack" Description="Quantity for each pack." />
  <Value Id="53" Name="Minimum order quantity" Description="Minimum quantity of goods for an order." />
  <Value Id="54" Name="Maximum order quantity" Description="Maximum quantity of goods for an order." />
  <Value Id="55" Name="Total sales" Description="The summation of total quantity sales." />
  <Value Id="56" Name="Wholesaler to wholesaler sales" Description="Sale of product to other wholesalers by a wholesaler." />
  <Value Id="57" Name="In transit quantity" Description="A quantity that is en route." />
  <Value Id="58" Name="Quantity withdrawn" Description="Quantity withdrawn from a location." />
  <Value Id="59" Name="Numbers of consumer units in the traded unit" Description="Number of units for consumer sales in a unit for trading." />
  <Value Id="60" Name="Current inventory quantity available for shipment" Description="Current inventory quantity available for shipment." />
  <Value Id="61" Name="Return quantity" Description="Quantity of goods returned." />
  <Value Id="62" Name="Sorted quantity" Description="The quantity that is sorted." />
  <Value Id="63" Name="Sorted quantity rejected" Description="The sorted quantity that is rejected." />
  <Value Id="64" Name="Scrap quantity" Description="Remainder of the total quantity after split deliveries." />
  <Value Id="65" Name="Destroyed quantity" Description="Quantity of goods destroyed." />
  <Value Id="66" Name="Committed quantity" Description="Quantity a party is committed to." />
  <Value Id="67" Name="Estimated reading quantity" Description="The value that is estimated to be the reading of a measuring device (e.g. meter)." />
  <Value Id="68" Name="End quantity" Description="The quantity recorded at the end of an agreement or period." />
  <Value Id="69" Name="Start quantity" Description="The quantity recorded at the start of an agreement or period." />
  <Value Id="70" Name="Cumulative quantity received" Description="Cumulative quantity of all deliveries of this article received by the buyer." />
  <Value Id="71" Name="Cumulative quantity ordered" Description="Cumulative quantity of all deliveries, outstanding and scheduled orders." />
  <Value Id="72" Name="Cumulative quantity received end of prior year" Description="Cumulative quantity of all deliveries of the product received by the buyer till end of prior year." />
  <Value Id="73" Name="Outstanding quantity" Description="Difference between quantity ordered and quantity received." />
  <Value Id="74" Name="Latest cumulative quantity" Description="Cumulative quantity after complete delivery of all scheduled quantities of the product." />
  <Value Id="75" Name="Previous highest cumulative quantity" Description="Cumulative quantity after complete delivery of all scheduled quantities of the product from a prior schedule period." />
  <Value Id="76" Name="Adjusted corrector reading" Description="A corrector reading after it has been adjusted." />
  <Value Id="77" Name="Work days" Description="Number of work days, e.g. per respective period." />
  <Value Id="78" Name="Cumulative quantity scheduled" Description="Adding the quantity actually scheduled to previous cumulative quantity." />
  <Value Id="79" Name="Previous cumulative quantity" Description="Cumulative quantity prior the actual order." />
  <Value Id="80" Name="Unadjusted corrector reading" Description="A corrector reading before it has been adjusted." />
  <Value Id="81" Name="Extra unplanned delivery" Description="Non scheduled additional quantity." />
  <Value Id="82" Name="Quantity requirement for sample inspection" Description="Required quantity for sample inspection." />
  <Value Id="83" Name="Backorder quantity" Description="The quantity of goods that is on back-order." />
  <Value Id="84" Name="Urgent delivery quantity" Description="Quantity for urgent delivery." />
  <Value Id="85" Name="Previous order quantity to be cancelled" Description="Quantity ordered previously to be cancelled." />
  <Value Id="86" Name="Normal reading quantity" Description="The value recorded or read from a measuring device (e.g. meter) in the normal conditions." />
  <Value Id="87" Name="Customer reading quantity" Description="The value recorded or read from a measuring device (e.g. meter) by the customer." />
  <Value Id="88" Name="Information reading quantity" Description="The value recorded or read from a measuring device (e.g. meter) for information purposes." />
  <Value Id="89" Name="Quality control held" Description="Quantity of goods held pending completion of a quality control assessment." />
  <Value Id="90" Name="As is quantity" Description="Quantity as it is in the existing circumstances." />
  <Value Id="91" Name="Open quantity" Description="Quantity remaining after partial delivery." />
  <Value Id="92" Name="Final delivery quantity" Description="Quantity of final delivery to a respective order." />
  <Value Id="93" Name="Subsequent delivery quantity" Description="Quantity delivered to a respective order after it's final delivery." />
  <Value Id="94" Name="Substitutional quantity" Description="Quantity delivered replacing previous deliveries." />
  <Value Id="95" Name="Redelivery after post processing" Description="Quantity redelivered after post processing." />
  <Value Id="96" Name="Quality control failed" Description="Quantity of goods which have failed quality control." />
  <Value Id="97" Name="Minimum inventory" Description="Minimum stock quantity on which replenishment is based." />
  <Value Id="98" Name="Maximum inventory" Description="Maximum stock quantity on which replenishment is based." />
  <Value Id="99" Name="Estimated quantity" Description="Quantity estimated." />
  <Value Id="100" Name="Chargeable weight" Description="The weight on which charges are based." />
  <Value Id="101" Name="Chargeable gross weight" Description="The gross weight on which charges are based." />
  <Value Id="102" Name="Chargeable tare weight" Description="The tare weight on which charges are based." />
  <Value Id="103" Name="Chargeable number of axles" Description="The number of axles on which charges are based." />
  <Value Id="104" Name="Chargeable number of containers" Description="The number of containers on which charges are based." />
  <Value Id="105" Name="Chargeable number of rail wagons" Description="The number of rail wagons on which charges are based." />
  <Value Id="106" Name="Chargeable number of packages" Description="The number of packages on which charges are based." />
  <Value Id="107" Name="Chargeable number of units" Description="The number of units on which charges are based." />
  <Value Id="108" Name="Chargeable period" Description="The period of time on which charges are based." />
  <Value Id="109" Name="Chargeable volume" Description="The volume on which charges are based." />
  <Value Id="110" Name="Chargeable cubic measurements" Description="The cubic measurements on which charges are based." />
  <Value Id="111" Name="Chargeable surface" Description="The surface area on which charges are based." />
  <Value Id="112" Name="Chargeable length" Description="The length on which charges are based." />
  <Value Id="113" Name="Quantity to be delivered" Description="The quantity to be delivered." />
  <Value Id="114" Name="Number of passengers" Description="Total number of passengers on the conveyance." />
  <Value Id="115" Name="Number of crew" Description="Total number of crew members on the conveyance." />
  <Value Id="116" Name="Number of transport documents" Description="Total number of air waybills, bills of lading, etc. being reported for a specific conveyance." />
  <Value Id="117" Name="Quantity landed" Description="Quantity of goods actually arrived." />
  <Value Id="118" Name="Quantity manifested" Description="Quantity of goods contracted for delivery by the carrier." />
  <Value Id="119" Name="Short shipped" Description="Indication that part of the consignment was not shipped." />
  <Value Id="120" Name="Split shipment" Description="Indication that the consignment has been split into two or more shipments." />
  <Value Id="121" Name="Over shipped" Description="The quantity of goods shipped that exceeds the quantity contracted." />
  <Value Id="122" Name="Short-landed goods" Description="If quantity of goods actually landed is less than the quantity which appears in the documentation. This quantity is the difference between these quantities." />
  <Value Id="123" Name="Surplus goods" Description="If quantity of goods actually landed is more than the quantity which appears in the documentation. This quantity is the difference between these quantities." />
  <Value Id="124" Name="Damaged goods" Description="Quantity of goods which have deteriorated in transport such that they cannot be used for the purpose for which they were originally intended." />
  <Value Id="125" Name="Pilferage goods" Description="Quantity of goods stolen during transport." />
  <Value Id="126" Name="Lost goods" Description="Quantity of goods that disappeared in transport." />
  <Value Id="127" Name="Report difference" Description="The quantity concerning the same transaction differs between two documents/messages and the source of this difference is a typing error." />
  <Value Id="128" Name="Quantity loaded" Description="Quantity of goods loaded onto a means of transport." />
  <Value Id="129" Name="Units per unit price" Description="Number of units per unit price." />
  <Value Id="130" Name="Allowance" Description="Quantity relevant for allowance." />
  <Value Id="131" Name="Delivery quantity" Description="Quantity required by buyer to be delivered." />
  <Value Id="132" Name="Cumulative quantity, preceding period, planned" Description="Cumulative quantity originally planned for the preceding period." />
  <Value Id="133" Name="Cumulative quantity, preceding period, reached" Description="Cumulative quantity reached in the preceding period." />
  <Value Id="134" Name="Cumulative quantity, actual planned" Description="Cumulative quantity planned for now." />
  <Value Id="135" Name="Period quantity, planned" Description="Quantity planned for this period." />
  <Value Id="136" Name="Period quantity, reached" Description="Quantity reached during this period." />
  <Value Id="137" Name="Cumulative quantity, preceding period, estimated" Description="Estimated cumulative quantity reached in the preceding period." />
  <Value Id="138" Name="Cumulative quantity, actual estimated" Description="Estimated cumulative quantity reached now." />
  <Value Id="139" Name="Cumulative quantity, preceding period, measured" Description="Surveyed cumulative quantity reached in the preceding period." />
  <Value Id="140" Name="Cumulative quantity, actual measured" Description="Surveyed cumulative quantity reached now." />
  <Value Id="141" Name="Period quantity, measured" Description="Surveyed quantity reached during this period." />
  <Value Id="142" Name="Total quantity, planned" Description="Total quantity planned." />
  <Value Id="143" Name="Quantity, remaining" Description="Quantity remaining." />
  <Value Id="144" Name="Tolerance" Description="Plus or minus tolerance expressed as a monetary amount." />
  <Value Id="145" Name="Actual stock" Description="The stock on hand, undamaged, and available for despatch, sale or use." />
  <Value Id="146" Name="Model or target stock" Description="The stock quantity required or planned to have on hand, undamaged and available for use." />
  <Value Id="147" Name="Direct shipment quantity" Description="Quantity to be shipped directly to a customer from a manufacturing site." />
  <Value Id="148" Name="Amortization total quantity" Description="Indication of final quantity for amortization." />
  <Value Id="149" Name="Amortization order quantity" Description="Indication of actual share of the order quantity for amortization." />
  <Value Id="150" Name="Amortization cumulated quantity" Description="Indication of actual cumulated quantity of previous and actual amortization order quantity." />
  <Value Id="151" Name="Quantity advised" Description="Quantity advised by supplier or shipper, in contrast to quantity actually received." />
  <Value Id="152" Name="Consignment stock" Description="Quantity of goods with an external customer which is still the property of the supplier. Payment for these goods is only made to the supplier when the ownership has been transferred between the trading partners." />
  <Value Id="153" Name="Statistical sales quantity" Description="Quantity of goods sold in a specified period." />
  <Value Id="154" Name="Sales quantity planned" Description="Quantity of goods required to meet future demands. - Market intelligence quantity." />
  <Value Id="155" Name="Replenishment quantity" Description="Quantity required to maintain the requisite on-hand stock of goods." />
  <Value Id="156" Name="Inventory movement quantity" Description="To specify the quantity of an inventory movement." />
  <Value Id="157" Name="Opening stock balance quantity" Description="To specify the quantity of an opening stock balance." />
  <Value Id="158" Name="Closing stock balance quantity" Description="To specify the quantity of a closing stock balance." />
  <Value Id="159" Name="Number of stops" Description="Number of times a means of transport stops before arriving at destination." />
  <Value Id="160" Name="Minimum production batch" Description="The quantity specified is the minimum output from a single production run." />
  <Value Id="161" Name="Dimensional sample quantity" Description="The quantity defined is a sample for the purpose of validating dimensions." />
  <Value Id="162" Name="Functional sample quantity" Description="The quantity defined is a sample for the purpose of validating function and performance." />
  <Value Id="163" Name="Pre-production quantity" Description="Quantity of the referenced item required prior to full production." />
  <Value Id="164" Name="Delivery batch" Description="Quantity of the referenced item which constitutes a standard batch for deliver purposes." />
  <Value Id="165" Name="Delivery batch multiple" Description="The multiples in which delivery batches can be supplied." />
  <Value Id="166" Name="All time buy" Description="The total quantity of the referenced covering all future needs. Further orders of the referenced item are not expected." />
  <Value Id="167" Name="Total delivery quantity" Description="The total quantity required by the buyer to be delivered." />
  <Value Id="168" Name="Single delivery quantity" Description="The quantity required by the buyer to be delivered in a single shipment." />
  <Value Id="169" Name="Supplied quantity" Description="Quantity of the referenced item actually shipped." />
  <Value Id="170" Name="Allocated quantity" Description="Quantity of the referenced item allocated from available stock for delivery." />
  <Value Id="171" Name="Maximum stackability" Description="The number of pallets/handling units which can be safely stacked one on top of another." />
  <Value Id="172" Name="Amortisation quantity" Description="The quantity of the referenced item which has a cost for tooling amortisation included in the item price." />
  <Value Id="173" Name="Previously amortised quantity" Description="The cumulative quantity of the referenced item which had a cost for tooling amortisation included in the item price." />
  <Value Id="174" Name="Total amortisation quantity" Description="The total quantity of the referenced item which has a cost for tooling amortisation included in the item price." />
  <Value Id="175" Name="Number of moulds" Description="The number of pressing moulds contained within a single piece of the referenced tooling." />
  <Value Id="176" Name="Concurrent item output of tooling" Description="The number of related items which can be produced simultaneously with a single piece of the referenced tooling." />
  <Value Id="177" Name="Periodic capacity of tooling" Description="Maximum production output of the referenced tool over a period of time." />
  <Value Id="178" Name="Lifetime capacity of tooling" Description="Maximum production output of the referenced tool over its productive lifetime." />
  <Value Id="179" Name="Number of deliveries per despatch period" Description="The number of deliveries normally expected to be despatched within each despatch period." />
  <Value Id="180" Name="Provided quantity" Description="The quantity of a referenced component supplied by the buyer for manufacturing of an ordered item." />
  <Value Id="181" Name="Maximum production batch" Description="The quantity specified is the maximum output from a single production run." />
  <Value Id="182" Name="Cancelled quantity" Description="Quantity of the referenced item which has previously been ordered and is now cancelled." />
  <Value Id="183" Name="No delivery requirement in this instruction" Description="This delivery instruction does not contain any delivery requirements." />
  <Value Id="184" Name="Quantity of material in ordered time" Description="Quantity of the referenced material within the ordered time." />
  <Value Id="185" Name="Rejected quantity" Description="The quantity of received goods rejected for quantity reasons." />
  <Value Id="186" Name="Cumulative quantity scheduled up to accumulation start date" Description="The cumulative quantity scheduled up to the accumulation start date." />
  <Value Id="187" Name="Quantity scheduled" Description="The quantity scheduled for delivery." />
  <Value Id="188" Name="Number of identical handling units" Description="Number of identical handling units in terms of type and contents." />
  <Value Id="189" Name="Number of packages in handling unit" Description="The number of packages contained in one handling unit." />
  <Value Id="190" Name="Despatch note quantity" Description="The item quantity specified on the despatch note." />
  <Value Id="191" Name="Adjustment to inventory quantity" Description="An adjustment to inventory quantity." />
  <Value Id="192" Name="Free goods quantity" Description="Quantity of goods which are free of charge." />
  <Value Id="193" Name="Free quantity included" Description="Quantity included to which no charge is applicable." />
  <Value Id="194" Name="Received and accepted" Description="Quantity which has been received and accepted at a given location." />
  <Value Id="195" Name="Received, not accepted, to be returned" Description="Quantity which has been received but not accepted at a given location and which will consequently be returned to the relevant party." />
  <Value Id="196" Name="Received, not accepted, to be destroyed" Description="Quantity which has been received but not accepted at a given location and which will consequently be destroyed." />
  <Value Id="197" Name="Reordering level" Description="Quantity at which an order may be triggered to replenish." />
  <Value Id="199" Name="Inventory withdrawal quantity" Description="Quantity which has been withdrawn from inventory since the last inventory report." />
  <Value Id="200" Name="Free quantity not included" Description="Free quantity not included in ordered quantity." />
  <Value Id="201" Name="Recommended overhaul and repair quantity" Description="To indicate the recommended quantity of an article required to support overhaul and repair activities." />
  <Value Id="202" Name="Quantity per next higher assembly" Description="To indicate the quantity required for the next higher assembly." />
  <Value Id="203" Name="Quantity per unit of issue" Description="Provides the standard quantity of an article in which one unit can be issued." />
  <Value Id="204" Name="Cumulative scrap quantity" Description="Provides the cumulative quantity of an item which has been identified as scrapped." />
  <Value Id="205" Name="Publication turn size" Description="The quantity of magazines or newspapers grouped together with the spine facing alternate directions in a bundle." />
  <Value Id="206" Name="Recommended maintenance quantity" Description="Recommended quantity of an article which is required to meet an agreed level of maintenance." />
  <Value Id="207" Name="Labour hours" Description="Number of labour hours." />
  <Value Id="208" Name="Quantity requirement for maintenance and repair of equipment" Description="Quantity of the material needed to maintain and repair equipment." />
  <Value Id="209" Name="Additional replenishment demand quantity" Description="Incremental needs over and above normal replenishment calculations, but not intended to permanently change the model parameters." />
  <Value Id="210" Name="Returned by consumer quantity" Description="Quantity returned by a consumer." />
  <Value Id="211" Name="Replenishment override quantity" Description="Quantity to override the normal replenishment model calculations, but not intended to permanently change the model parameters." />
  <Value Id="212" Name="Quantity sold, net" Description="Net quantity sold which includes returns of saleable inventory and other adjustments." />
  <Value Id="213" Name="Transferred out quantity" Description="Quantity which was transferred out of this location." />
  <Value Id="214" Name="Transferred in quantity" Description="Quantity which was transferred into this location." />
  <Value Id="215" Name="Unsaleable quantity" Description="Quantity of inventory received which cannot be sold in its present condition." />
  <Value Id="216" Name="Consumer reserved quantity" Description="Quantity reserved for consumer delivery or pickup and not yet withdrawn from inventory." />
  <Value Id="217" Name="Out of inventory quantity" Description="Quantity of inventory which was requested but was not available." />
  <Value Id="218" Name="Quantity returned, defective or damaged" Description="Quantity returned in a damaged or defective condition." />
  <Value Id="219" Name="Taxable quantity" Description="Quantity subject to taxation." />
  <Value Id="220" Name="Meter reading" Description="The numeric value of measure units counted by a meter." />
  <Value Id="221" Name="Maximum requestable quantity" Description="The maximum quantity which may be requested." />
  <Value Id="222" Name="Minimum requestable quantity" Description="The minimum quantity which may be requested." />
  <Value Id="223" Name="Daily average quantity" Description="The quantity for a defined period divided by the number of days of the period." />
  <Value Id="224" Name="Budgeted hours" Description="The number of budgeted hours." />
  <Value Id="225" Name="Actual hours" Description="The number of actual hours." />
  <Value Id="226" Name="Earned value hours" Description="The number of earned value hours." />
  <Value Id="227" Name="Estimated hours" Description="The number of estimated hours." />
  <Value Id="228" Name="Level resource task quantity" Description="Quantity of a resource that is level for the duration of the task." />
  <Value Id="229" Name="Available resource task quantity" Description="Quantity of a resource available to complete a task." />
  <Value Id="230" Name="Work time units" Description="Quantity of work units of time." />
  <Value Id="231" Name="Daily work shifts" Description="Quantity of work shifts per day." />
  <Value Id="232" Name="Work time units per shift" Description="Work units of time per work shift." />
  <Value Id="233" Name="Work calendar units" Description="Work calendar units of time." />
  <Value Id="234" Name="Elapsed duration" Description="Quantity representing the elapsed duration." />
  <Value Id="235" Name="Remaining duration" Description="Quantity representing the remaining duration." />
  <Value Id="236" Name="Original duration" Description="Quantity representing the original duration." />
  <Value Id="237" Name="Current duration" Description="Quantity representing the current duration." />
  <Value Id="238" Name="Total float time" Description="Quantity representing the total float time." />
  <Value Id="239" Name="Free float time" Description="Quantity representing the free float time." />
  <Value Id="240" Name="Lag time" Description="Quantity representing lag time." />
  <Value Id="241" Name="Lead time" Description="Quantity representing lead time." />
  <Value Id="242" Name="Number of months" Description="The number of months." />
  <Value Id="243" Name="Reserved quantity customer direct delivery sales" Description="Quantity of products reserved for sales delivered direct to the customer." />
  <Value Id="244" Name="Reserved quantity retail sales" Description="Quantity of products reserved for retail sales." />
  <Value Id="245" Name="Consolidated discount inventory" Description="A quantity of inventory supplied at consolidated discount terms." />
  <Value Id="246" Name="Returns replacement quantity" Description="A quantity of goods issued as a replacement for a returned quantity." />
  <Value Id="247" Name="Additional promotion sales forecast quantity" Description="A forecast of additional quantity which will be sold during a period of promotional activity." />
  <Value Id="248" Name="Reserved quantity" Description="Quantity reserved for specific purposes." />
  <Value Id="249" Name="Quantity displayed not available for sale" Description="Quantity displayed within a retail outlet but not available for sale." />
  <Value Id="250" Name="Inventory discrepancy" Description="The difference recorded between theoretical and physical inventory." />
  <Value Id="251" Name="Incremental order quantity" Description="The incremental quantity by which ordering is carried out." />
  <Value Id="252" Name="Quantity requiring manipulation before despatch" Description="A quantity of goods which needs manipulation before despatch." />
  <Value Id="253" Name="Quantity in quarantine" Description="A quantity of goods which are held in a restricted area for quarantine purposes." />
  <Value Id="254" Name="Quantity withheld by owner of goods" Description="A quantity of goods which has been withheld by the owner of the goods." />
  <Value Id="255" Name="Quantity not available for despatch" Description="A quantity of goods not available for despatch." />
  <Value Id="256" Name="Quantity awaiting delivery" Description="Quantity of goods which are awaiting delivery." />
  <Value Id="257" Name="Quantity in physical inventory" Description="A quantity of goods held in physical inventory." />
  <Value Id="258" Name="Quantity held by logistic service provider" Description="Quantity of goods under the control of a logistic service provider." />
  <Value Id="259" Name="Optimal quantity" Description="The optimal quantity for a given purpose." />
  <Value Id="260" Name="Delivery quantity balance" Description="The difference between the scheduled quantity and the quantity delivered to the consignee at a given date." />
  <Value Id="261" Name="Cumulative quantity shipped" Description="Cumulative quantity of all shipments." />
  <Value Id="262" Name="Quantity suspended" Description="The quantity of something which is suspended." />
  <Value Id="263" Name="Control quantity" Description="The quantity designated for control purposes." />
  <Value Id="264" Name="Equipment quantity" Description="A count of a quantity of equipment." />
  <Value Id="265" Name="Factor" Description="Number by which the measured unit has to be multiplied to calculate the units used." />
  <Value Id="266" Name="Unsold quantity held by wholesaler" Description="Unsold quantity held by the wholesaler." />
  <Value Id="267" Name="Quantity held by delivery vehicle" Description="Quantity of goods held by the delivery vehicle." />
  <Value Id="268" Name="Quantity held by retail outlet" Description="Quantity held by the retail outlet." />
  <Value Id="269" Name="Rejected return quantity" Description="A quantity for return which has been rejected." />
  <Value Id="270" Name="Accounts" Description="The number of accounts." />
  <Value Id="271" Name="Accounts placed for collection" Description="The number of accounts placed for collection." />
  <Value Id="272" Name="Activity codes" Description="The number of activity codes." />
  <Value Id="273" Name="Agents" Description="The number of agents." />
  <Value Id="274" Name="Airline attendants" Description="The number of airline attendants." />
  <Value Id="275" Name="Authorised shares" Description="The number of shares authorised for issue." />
  <Value Id="276" Name="Employee average" Description="The average number of employees." />
  <Value Id="277" Name="Branch locations" Description="The number of branch locations." />
  <Value Id="278" Name="Capital changes" Description="The number of capital changes made." />
  <Value Id="279" Name="Clerks" Description="The number of clerks." />
  <Value Id="280" Name="Companies in same activity" Description="The number of companies doing business in the same activity category." />
  <Value Id="281" Name="Companies included in consolidated financial statement" Description="The number of companies included in a consolidated financial statement." />
  <Value Id="282" Name="Cooperative shares" Description="The number of cooperative shares." />
  <Value Id="283" Name="Creditors" Description="The number of creditors." />
  <Value Id="284" Name="Departments" Description="The number of departments." />
  <Value Id="285" Name="Design employees" Description="The number of employees involved in the design process." />
  <Value Id="286" Name="Physicians" Description="The number of medical doctors." />
  <Value Id="287" Name="Domestic affiliated companies" Description="The number of affiliated companies located within the country." />
  <Value Id="288" Name="Drivers" Description="The number of drivers." />
  <Value Id="289" Name="Employed at location" Description="The number of employees at the specified location." />
  <Value Id="290" Name="Employed by this company" Description="The number of employees at the specified company." />
  <Value Id="291" Name="Total employees" Description="The total number of employees." />
  <Value Id="292" Name="Employees shared" Description="The number of employees shared among entities." />
  <Value Id="293" Name="Engineers" Description="The number of engineers." />
  <Value Id="294" Name="Estimated accounts" Description="The estimated number of accounts." />
  <Value Id="295" Name="Estimated employees at location" Description="The estimated number of employees at the specified location." />
  <Value Id="296" Name="Estimated total employees" Description="The total estimated number of employees." />
  <Value Id="297" Name="Executives" Description="The number of executives." />
  <Value Id="298" Name="Agricultural workers" Description="The number of agricultural workers." />
  <Value Id="299" Name="Financial institutions" Description="The number of financial institutions." />
  <Value Id="300" Name="Floors occupied" Description="The number of floors occupied." />
  <Value Id="301" Name="Foreign related entities" Description="The number of related entities located outside the country." />
  <Value Id="302" Name="Group employees" Description="The number of employees within the group." />
  <Value Id="303" Name="Indirect employees" Description="The number of employees not associated with direct production." />
  <Value Id="304" Name="Installers" Description="The number of employees involved with the installation process." />
  <Value Id="305" Name="Invoices" Description="The number of invoices." />
  <Value Id="306" Name="Issued shares" Description="The number of shares actually issued." />
  <Value Id="307" Name="Labourers" Description="The number of labourers." />
  <Value Id="308" Name="Manufactured units" Description="The number of units manufactured." />
  <Value Id="309" Name="Maximum number of employees" Description="The maximum number of people employed." />
  <Value Id="310" Name="Maximum number of employees at location" Description="The maximum number of people employed at a location." />
  <Value Id="311" Name="Members in group" Description="The number of members within a group." />
  <Value Id="312" Name="Minimum number of employees at location" Description="The minimum number of people employed at a location." />
  <Value Id="313" Name="Minimum number of employees" Description="The minimum number of people employed." />
  <Value Id="314" Name="Non-union employees" Description="The number of employees not belonging to a labour union." />
  <Value Id="315" Name="Floors" Description="The number of floors in a building." />
  <Value Id="316" Name="Nurses" Description="The number of nurses." />
  <Value Id="317" Name="Office workers" Description="The number of workers in an office." />
  <Value Id="318" Name="Other employees" Description="The number of employees otherwise categorised." />
  <Value Id="319" Name="Part time employees" Description="The number of employees working on a part time basis." />
  <Value Id="320" Name="Accounts payable average overdue days" Description="The average number of days accounts payable are overdue." />
  <Value Id="321" Name="Pilots" Description="The number of pilots." />
  <Value Id="322" Name="Plant workers" Description="The number of workers within a plant." />
  <Value Id="323" Name="Previous number of accounts" Description="The number of accounts which preceded the current count." />
  <Value Id="324" Name="Previous number of branch locations" Description="The number of branch locations which preceded the current count." />
  <Value Id="325" Name="Principals included as employees" Description="The number of principals which are included in the count of employees." />
  <Value Id="326" Name="Protested bills" Description="The number of bills which are protested." />
  <Value Id="327" Name="Registered brands distributed" Description="The number of registered brands which are being distributed." />
  <Value Id="328" Name="Registered brands manufactured" Description="The number of registered brands which are being manufactured." />
  <Value Id="329" Name="Related business entities" Description="The number of related business entities." />
  <Value Id="330" Name="Relatives employed" Description="The number of relatives which are counted as employees." />
  <Value Id="331" Name="Rooms" Description="The number of rooms." />
  <Value Id="332" Name="Salespersons" Description="The number of salespersons." />
  <Value Id="333" Name="Seats" Description="The number of seats." />
  <Value Id="334" Name="Shareholders" Description="The number of shareholders." />
  <Value Id="335" Name="Shares of common stock" Description="The number of shares of common stock." />
  <Value Id="336" Name="Shares of preferred stock" Description="The number of shares of preferred stock." />
  <Value Id="337" Name="Silent partners" Description="The number of silent partners." />
  <Value Id="338" Name="Subcontractors" Description="The number of subcontractors." />
  <Value Id="339" Name="Subsidiaries" Description="The number of subsidiaries." />
  <Value Id="340" Name="Law suits" Description="The number of law suits." />
  <Value Id="341" Name="Suppliers" Description="The number of suppliers." />
  <Value Id="342" Name="Teachers" Description="The number of teachers." />
  <Value Id="343" Name="Technicians" Description="The number of technicians." />
  <Value Id="344" Name="Trainees" Description="The number of trainees." />
  <Value Id="345" Name="Union employees" Description="The number of employees who are members of a labour union." />
  <Value Id="346" Name="Number of units" Description="The quantity of units." />
  <Value Id="347" Name="Warehouse employees" Description="The number of employees who work in a warehouse setting." />
  <Value Id="348" Name="Shareholders holding remainder of shares" Description="Number of shareholders owning the remainder of shares." />
  <Value Id="349" Name="Payment orders filed" Description="Number of payment orders filed." />
  <Value Id="350" Name="Uncovered cheques" Description="Number of uncovered cheques." />
  <Value Id="351" Name="Auctions" Description="Number of auctions." />
  <Value Id="352" Name="Units produced" Description="The number of units produced." />
  <Value Id="353" Name="Added employees" Description="Number of employees that were added to the workforce." />
  <Value Id="354" Name="Number of added locations" Description="Number of locations that were added." />
  <Value Id="355" Name="Total number of foreign subsidiaries not included in financial statement" Description="The total number of foreign subsidiaries not included in the financial statement." />
  <Value Id="356" Name="Number of closed locations" Description="Number of locations that were closed." />
  <Value Id="357" Name="Counter clerks" Description="The number of clerks that work behind a flat-topped fitment." />
  <Value Id="358" Name="Payment experiences in the last 3 months" Description="The number of payment experiences received for an entity over the last 3 months." />
  <Value Id="359" Name="Payment experiences in the last 12 months" Description="The number of payment experiences received for an entity over the last 12 months." />
  <Value Id="360" Name="Total number of subsidiaries not included in the financial statement" Description="The total number of subsidiaries not included in the financial statement." />
  <Value Id="361" Name="Paid-in common shares" Description="The number of paid-in common shares." />
  <Value Id="362" Name="Total number of domestic subsidiaries not included in financial statement" Description="The total number of domestic subsidiaries not included in the financial statement." />
  <Value Id="363" Name="Total number of foreign subsidiaries included in financial statement" Description="The total number of foreign subsidiaries included in the financial statement." />
  <Value Id="364" Name="Total number of domestic subsidiaries included in financial statement" Description="The total number of domestic subsidiaries included in the financial statement." />
  <Value Id="365" Name="Total transactions" Description="The total number of transactions." />
  <Value Id="366" Name="Paid-in preferred shares" Description="The number of paid-in preferred shares." />
  <Value Id="367" Name="Employees" Description="Code specifying the quantity of persons working for a company, whose services are used for pay." />
  <Value Id="368" Name="Active ingredient dose per unit, dispensed" Description="The dosage of active ingredient per dispensed unit." />
  <Value Id="369" Name="Budget" Description="Budget quantity." />
  <Value Id="370" Name="Budget, cumulative to date" Description="Budget quantity, cumulative to date." />
  <Value Id="371" Name="Actual units" Description="The number of actual units." />
  <Value Id="372" Name="Actual units, cumulative to date" Description="The number of cumulative to date actual units." />
  <Value Id="373" Name="Earned value" Description="Earned value quantity." />
  <Value Id="374" Name="Earned value, cumulative to date" Description="Earned value quantity accumulated to date." />
  <Value Id="375" Name="At completion quantity, estimated" Description="The estimated quantity when a project is complete." />
  <Value Id="376" Name="To complete quantity, estimated" Description="The estimated quantity required to complete a project." />
  <Value Id="377" Name="Adjusted units" Description="The number of adjusted units." />
  <Value Id="378" Name="Number of limited partnership shares" Description="Number of shares held in a limited partnership." />
  <Value Id="379" Name="National business failure incidences" Description="Number of firms in a country that discontinued with a loss to creditors." />
  <Value Id="380" Name="Industry business failure incidences" Description="Number of firms in a specific industry that discontinued with a loss to creditors." />
  <Value Id="381" Name="Business class failure incidences" Description="Number of firms in a specific class that discontinued with a loss to creditors." />
  <Value Id="382" Name="Mechanics" Description="Number of mechanics." />
  <Value Id="383" Name="Messengers" Description="Number of messengers." />
  <Value Id="384" Name="Primary managers" Description="Number of primary managers." />
  <Value Id="385" Name="Secretaries" Description="Number of secretaries." />
  <Value Id="386" Name="Detrimental legal filings" Description="Number of detrimental legal filings." />
  <Value Id="387" Name="Branch office locations, estimated" Description="Estimated number of branch office locations." />
  <Value Id="388" Name="Previous number of employees" Description="The number of employees for a previous period." />
  <Value Id="389" Name="Asset seizers" Description="Number of entities that seize assets of another entity." />
  <Value Id="390" Name="Out-turned quantity" Description="The quantity discharged." />
  <Value Id="391" Name="Material on-board quantity, prior to loading" Description="The material in vessel tanks, void spaces, and pipelines prior to loading." />
  <Value Id="392" Name="Supplier estimated previous meter reading" Description="Previous meter reading estimated by the supplier." />
  <Value Id="393" Name="Supplier estimated latest meter reading" Description="Latest meter reading estimated by the supplier." />
  <Value Id="394" Name="Customer estimated previous meter reading" Description="Previous meter reading estimated by the customer." />
  <Value Id="395" Name="Customer estimated latest meter reading" Description="Latest meter reading estimated by the customer." />
  <Value Id="396" Name="Supplier previous meter reading" Description="Previous meter reading done by the supplier." />
  <Value Id="397" Name="Supplier latest meter reading" Description="Latest meter reading recorded by the supplier." />
  <Value Id="398" Name="Maximum number of purchase orders allowed" Description="Maximum number of purchase orders that are allowed." />
  <Value Id="399" Name="File size before compression" Description="The size of a file before compression." />
  <Value Id="400" Name="File size after compression" Description="The size of a file after compression." />
  <Value Id="401" Name="Securities shares" Description="Number of shares of securities." />
  <Value Id="402" Name="Patients" Description="Number of patients." />
  <Value Id="403" Name="Completed projects" Description="Number of completed projects." />
  <Value Id="404" Name="Promoters" Description="Number of entities who finance or organize an event or a production." />
  <Value Id="405" Name="Administrators" Description="Number of administrators." />
  <Value Id="406" Name="Supervisors" Description="Number of supervisors." />
  <Value Id="407" Name="Professionals" Description="Number of professionals." />
  <Value Id="408" Name="Debt collectors" Description="Number of debt collectors." />
  <Value Id="409" Name="Inspectors" Description="Number of individuals who perform inspections." />
  <Value Id="410" Name="Operators" Description="Number of operators." />
  <Value Id="411" Name="Trainers" Description="Number of trainers." />
  <Value Id="412" Name="Active accounts" Description="Number of accounts in a current or active status." />
  <Value Id="413" Name="Trademarks used" Description="Number of trademarks used." />
  <Value Id="414" Name="Machines" Description="Number of machines." />
  <Value Id="415" Name="Fuel pumps" Description="Number of fuel pumps." />
  <Value Id="416" Name="Tables available" Description="Number of tables available for use." />
  <Value Id="417" Name="Directors" Description="Number of directors." />
  <Value Id="418" Name="Freelance debt collectors" Description="Number of debt collectors who work on a freelance basis." />
  <Value Id="419" Name="Freelance salespersons" Description="Number of salespersons who work on a freelance basis." />
  <Value Id="420" Name="Travelling employees" Description="Number of travelling employees." />
  <Value Id="421" Name="Foremen" Description="Number of workers with limited supervisory responsibilities." />
  <Value Id="422" Name="Production workers" Description="Number of employees engaged in production." />
  <Value Id="423" Name="Employees not including owners" Description="Number of employees excluding business owners." />
  <Value Id="424" Name="Beds" Description="Number of beds." />
  <Value Id="425" Name="Resting quantity" Description="A quantity of product that is at rest before it can be used." />
  <Value Id="426" Name="Production requirements" Description="Quantity needed to meet production requirements." />
  <Value Id="427" Name="Corrected quantity" Description="The quantity has been corrected." />
  <Value Id="428" Name="Operating divisions" Description="Number of divisions operating." />
  <Value Id="429" Name="Quantitative incentive scheme base" Description="Quantity constituting the base for the quantitative incentive scheme." />
  <Value Id="430" Name="Petitions filed" Description="Number of petitions that have been filed." />
  <Value Id="431" Name="Bankruptcy petitions filed" Description="Number of bankruptcy petitions that have been filed." />
  <Value Id="432" Name="Projects in process" Description="Number of projects in process." />
  <Value Id="433" Name="Changes in capital structure" Description="Number of modifications made to the capital structure of an entity." />
  <Value Id="434" Name="Detrimental legal filings against directors" Description="The number of legal filings that are of a detrimental nature that have been filed against the directors." />
  <Value Id="435" Name="Number of failed businesses of directors" Description="The number of failed businesses with which the directors have been associated." />
  <Value Id="436" Name="Professor" Description="The number of professors." />
  <Value Id="437" Name="Seller" Description="The number of sellers." />
  <Value Id="438" Name="Skilled worker" Description="The number of skilled workers." />
  <Value Id="439" Name="Trademark represented" Description="The number of trademarks represented." />
  <Value Id="440" Name="Number of quantitative incentive scheme units" Description="Number of units allocated to a quantitative incentive scheme." />
  <Value Id="441" Name="Quantity in manufacturing process" Description="Quantity currently in the manufacturing process." />
  <Value Id="442" Name="Number of units in the width of a layer" Description="Number of units which make up the width of a layer." />
  <Value Id="443" Name="Number of units in the depth of a layer" Description="Number of units which make up the depth of a layer." />
  <Value Id="444" Name="Return to warehouse" Description="A quantity of products sent back to the warehouse." />
  <Value Id="445" Name="Return to the manufacturer" Description="A quantity of products sent back from the manufacturer." />
  <Value Id="446" Name="Delta quantity" Description="An increment or decrement to a quantity." />
  <Value Id="447" Name="Quantity moved between outlets" Description="A quantity of products moved between outlets." />
  <Value Id="448" Name="Pre-paid invoice annual consumption, estimated" Description="The estimated annual consumption used for a prepayment invoice." />
  <Value Id="449" Name="Total quoted quantity" Description="The sum of quoted quantities." />
  <Value Id="450" Name="Requests pertaining to entity in last 12 months" Description="Number of requests received in last 12 months pertaining to the entity." />
  <Value Id="451" Name="Total inquiry matches" Description="Number of instances which correspond with the inquiry." />
  <Value Id="452" Name="En route to warehouse quantity" Description="A quantity of products that is en route to a warehouse." />
  <Value Id="453" Name="En route from warehouse quantity" Description="A quantity of products that is en route from a warehouse." />
  <Value Id="454" Name="Quantity ordered but not yet allocated from stock" Description="A quantity of products which has been ordered but which has not yet been allocated from stock." />
  <Value Id="455" Name="Not yet ordered quantity" Description="The quantity which has not yet been ordered." />
  <Value Id="456" Name="Net reserve power" Description="The reserve power available for the net." />
  <Value Id="457" Name="Maximum number of units per shelf" Description="Maximum number of units of a product that can be placed on a shelf." />
  <Value Id="458" Name="Stowaway" Description="Number of stowaway(s) on a conveyance." />
  <Value Id="459" Name="Tug" Description="The number of tugboat(s)." />
  <Value Id="460" Name="Maximum quantity capability of the package" Description="Maximum quantity of a product that can be contained in a package." />
  <Value Id="461" Name="Calculated" Description="The calculated quantity." />
  <Value Id="462" Name="Monthly volume, estimated" Description="Volume estimated for a month." />
  <Value Id="463" Name="Total number of persons" Description="Quantity representing the total number of persons." />
  <Value Id="464" Name="Tariff Quantity" Description="Quantity of the goods in the unit as required by Customs for duty/tax/fee assessment. These quantities may also be used for other fiscal or statistical purposes." />
  <Value Id="465" Name="Deducted tariff quantity" Description="Quantity deducted from tariff quantity to reckon duty/tax/fee assessment bases." />
  <Value Id="466" Name="Advised but not arrived" Description="Goods are advised by the consignor or supplier, but have not yet arrived at the destination." />
  <Value Id="467" Name="Received but not available" Description="Goods have been received in the arrival area but are not yet available." />
  <Value Id="468" Name="Goods blocked for transshipment process" Description="Goods are physically present, but can not be ordered because they are scheduled for a transshipment process." />
  <Value Id="469" Name="Goods blocked for cross docking process" Description="Goods are physically present, but can not be ordered because they are scheduled for a cross docking process." />
  <Value Id="470" Name="Chargeable number of trailers" Description="The number of trailers on which charges are based." />
  <Value Id="471" Name="Number of packages for a set" Description="Number of packages used to pack the individual items in a grouping of merchandise that is sold together as a single trade item." />
  <Value Id="472" Name="Number of items in a set" Description="The number of individual items in a grouping of merchandise that is sold together as a single trade item." />
  <Value Id="473" Name="Order sizing factor" Description="A trade item specification other than gross, net weight, or volume for a trade item or a transaction, used for order sizing and pricing purposes." />
  <Value Id="474" Name="Number of different next lower level trade items" Description="Value indicates the number of differrent next lower level trade items contained in a complex trade item." />
  <Value Id="475" Name="Agreed maximum buying quantity" Description="The agreed maximum quantity of the trade item that may be purchased." />
  <Value Id="476" Name="Agreed minimum buying quantity" Description="The agreed minimum quantity of the trade item that may be purchased." />
  <Value Id="477" Name="Free quantity of next lower level trade item" Description="The numeric quantity of free items in a combination pack. The unit of measure used for the free quantity of the next lower level must be the same as the unit of measure of the Net Content of the Child Trade Item." />
  <Value Id="478" Name="Marine Diesel Oil bunkers on board, on arrival" Description="Number of Marine diesel oil (MDO) bunkers on board when the vessel arrives in the port." />
  <Value Id="479" Name="Marine Diesel Oil bunkers, loaded" Description="Number of Marine Diesel Oil (MDO) bunkers taken on in the port." />
  <Value Id="480" Name="Intermediate Fuel Oil bunkers on board, on arrival" Description="Number of Intermediate Fuel Oil (IFO) bunkers on board when the vessel arrives in the port." />
  <Value Id="481" Name="Intermediate Fuel Oil bunkers, loaded" Description="Number of Intermediate Fuel Oil (IFO) bunkers taken on in the port." />
  <Value Id="482" Name="Bunker C bunkers on board, on arrival" Description="Number of Bunker C, or Number 6 fuel oil bunkers on board when the vessel arrives in the port." />
  <Value Id="483" Name="Bunker C bunkers, loaded" Description="Number of Bunker C, or Number 6 fuel oil bunkers, taken on in the port." />
  <Value Id="484" Name="Number of individual units within the smallest packaging unit" Description="Total number of individual units contained within the smallest unit of packaging." />
  <Value Id="485" Name="Percentage of constituent element" Description="The part of a product or material that is composed of the constituent element, as a percentage." />
  <Value Id="486" Name="Quantity to be decremented (LPCO)" Description="Quantity to be decremented from the allowable quantity on a License, Permit, Certificate, or Other document (LPCO)." />
  <Value Id="487" Name="Regulated commodity count" Description="The number of regulated items." />
  <Value Id="488" Name="Number of passengers, embarking" Description="The number of passengers going aboard a conveyance." />
  <Value Id="489" Name="Number of passengers, disembarking" Description="The number of passengers disembarking the conveyance." />
  <Value Id="490" Name="Constituent element or component quantity" Description="The specific quantity of the identified constituent element." />
  <Value Id="491" Name="Number of containers discharged for restow" Description="Number of containers discharged for restow from the vessel." />
  <Value Id="492" Name="Number of containers loaded for restow" Description="Number of containers loaded for restow on the vessel." />
  <Value Id="493" Name="Number of hatch cover moves" Description="The number of times that hatch covers are moved." />
  <Value Id="494" Name="Total number of equipment moves, load and discharge" Description="Total number of equipment moves for load and discharge operations." />
  <Value Id="495" Name="Number of container moves, load and discharge" Description="Number of container moves for loading and discharging operations." />
  <Value Id="496" Name="Number of containers to be shifted" Description="Number of containers to be shifted from one position to another." />
  <Value Id="497" Name="Number of Ro/Ro container moves, load and discharge" Description="Number of container moves for load and discharge onto/from Ro/Ro vessel." />
  <Value Id="498" Name="Number of Ro/Ro units, load and discharge" Description="Number of moves of units for load and discharge onto/from Ro/Ro vessel." />
  <Value Id="499" Name="Number of breakbulk cargo items, load and discharge" Description="Number of breakbulk cargo items for loading and discharging operations." />
  <Value Id="500" Name="Number of moves of stacking frames, load and discharge" Description="A number of moves of stacking frames for loading and discharging operations." />
  <Value Id="ZZZ" Name="Mutually defined" Description="As agreed by the trading partners." />
</Root>