<?xml version="1.0" encoding="utf-8"?>
<Root xmlns:xsi="http://www.w3.org/2001/XMLSchema-instance" xmlns:xsd="http://www.w3.org/2001/XMLSchema" Id="6087" Name="Result value type code qualifier" Description="Code qualifying the type of a result value." Count="an..3">
  <Value Id="1" Name="Measurement result" Description="Measurement result." />
  <Value Id="2" Name="Bank accounts history assessment" Description="The conclusion resulting from an assessment of bank accounts over time." />
  <Value Id="3" Name="Credit level" Description="The resultant assignment of a credit level based on an assessment of credit worthiness." />
  <Value Id="4" Name="Credit rating assessment" Description="The resultant assignment of a credit rating based on an assessment of credit worthiness." />
  <Value Id="5" Name="Credit worthiness assessment" Description="The resulting assessment of credit worthiness." />
  <Value Id="6" Name="Liquidity assessment" Description="The resulting assessment of liquidity." />
  <Value Id="7" Name="Loan payment history" Description="The resulting assessment of loan payment history." />
  <Value Id="8" Name="Overall evaluation" Description="The summarization of the overall assessment." />
  <Value Id="9" Name="Financial conditions" Description="The resulting assessment of financial conditions." />
  <Value Id="10" Name="Trade payments" Description="The resulting assessment of trade payments." />
  <Value Id="11" Name="Failure risk score ranking" Description="The resulting ranking based on one entity's failure risk score as compared to other entities." />
  <Value Id="12" Name="Failure risk score" Description="Score representing the risk of an entity failing." />
  <Value Id="13" Name="Business financing resources assessment" Description="The resulting assessment of resources used for financing a business." />
  <Value Id="14" Name="Payment delinquency risk score" Description="The resulting assessment of the risk of an entity having delinquent payments." />
  <Value Id="15" Name="Payment delinquency performance score" Description="The resulting assessment of the entity's actual delinquent payments." />
  <Value Id="16" Name="Payment delinquency score ranking" Description="The resulting ranking of one entity's payment delinquency score as compared to other entities." />
  <Value Id="17" Name="Payment delinquency assessment" Description="The resulting assessment of delinquencies as they relate to all entities." />
  <Value Id="18" Name="Average trade payment for all entities" Description="The assessment of average trade payments for all entities." />
  <Value Id="19" Name="Revenue ranking" Description="The resulting ranking based on revenue." />
  <Value Id="20" Name="Sales growth ranking" Description="The resulting ranking based on sales growth." />
  <Value Id="21" Name="Asset ranking" Description="The resulting ranking based on assets." />
  <Value Id="22" Name="Profit margin ranking" Description="The resulting ranking based on profit margin." />
  <Value Id="23" Name="Post tax profit ranking" Description="The resulting ranking based on after taxes profit." />
  <Value Id="24" Name="Import and export ranking" Description="The resulting ranking based on imports and exports." />
  <Value Id="25" Name="Projected trade payments" Description="The resulting assessment of projected trade payments." />
  <Value Id="26" Name="Invoice collection" Description="The resulting assessment based on the collection of invoices." />
</Root>