<?xml version="1.0" encoding="utf-8"?>
<Root xmlns:xsi="http://www.w3.org/2001/XMLSchema-instance" xmlns:xsd="http://www.w3.org/2001/XMLSchema" Id="6145" Name="Dimension type code qualifier" Description="Code qualifying the type of the dimension." Count="an..3">
  <Value Id="1" Name="Gross dimensions" Description="The dimension expressed in a gross value." />
  <Value Id="2" Name="Package dimensions (including goods)" Description="The dimension of the goods including the packaging." />
  <Value Id="3" Name="Pallet dimensions (excluding goods)" Description="The dimension of a pallet excluding the goods." />
  <Value Id="4" Name="Pallet dimensions (including goods)" Description="The dimension of a pallet including the goods." />
  <Value Id="5" Name="Off-standard dimension front" Description="The dimension in the length that the cargo exceeds the standard length at the front of an equipment." />
  <Value Id="6" Name="Off-standard dimension back" Description="The dimension in the length that the cargo exceeds the standard length at the back of an equipment." />
  <Value Id="7" Name="Off-standard dimension right" Description="The dimension in the width that the cargo exceeds the standard width at the right side of an equipment." />
  <Value Id="8" Name="Off-standard dimension left" Description="The dimension in the width that the cargo exceeds the standard width at the left side of an equipment." />
  <Value Id="9" Name="Off-standard dimension general" Description="The dimensions that the cargo exceeds the standard dimensions." />
  <Value Id="10" Name="External equipment dimension" Description="The external dimensions of transport equipment." />
  <Value Id="11" Name="Internal equipment dimensions" Description="The internal dimensions of equipment." />
  <Value Id="12" Name="Damage dimensions" Description="Dimensions of the damaged area." />
  <Value Id="13" Name="Off-standard dimensions height" Description="The dimension in the height that the cargo exceeds the standard height at the top of a piece of equipment." />
  <Value Id="14" Name="Equipment door dimensions" Description="Dimensions (width and height) of the equipment door." />
  <Value Id="15" Name="Off-standard dimension width" Description="The dimension of the width that the cargo exceeds the standard width of a piece of equipment." />
  <Value Id="16" Name="Off-standard dimension length" Description="The dimension of the length that the cargo exceeds the standard length of a piece of equipment." />
</Root>