<?xml version="1.0" encoding="utf-8"?>
<Root xmlns:xsi="http://www.w3.org/2001/XMLSchema-instance" xmlns:xsd="http://www.w3.org/2001/XMLSchema" Id="6155" Name="Non-discrete measurement name code" Description="Code specifying the name of a non-discrete measurement." Count="an..17">
  <Value Id="1" Name="Clear" Description="The measurement has returned a clear result." />
  <Value Id="2" Name="Hazy" Description="The measurement has returned a hazy result." />
  <Value Id="3" Name="Excess" Description="The measurement has returned a result which is in excess of that expected." />
  <Value Id="4" Name="Some" Description="Some amount of the attribute being measured was found." />
  <Value Id="5" Name="Undetectable" Description="The attribute being measured was undetectable." />
  <Value Id="6" Name="Trace" Description="A trace of the attribute being measured was found." />
  <Value Id="7" Name="Yes" Description="The measurement returned a yes result." />
  <Value Id="8" Name="Closed" Description="The measurement returned a closed result." />
  <Value Id="9" Name="Passed" Description="The measurement passed the required criteria." />
  <Value Id="10" Name="Present" Description="The attribute being measured was present." />
  <Value Id="11" Name="Gel" Description="Indicates that the item measured is semi-solid colloidal." />
  <Value Id="12" Name="OK" Description="The measurement returned an OK result." />
  <Value Id="13" Name="Slight" Description="A slight amount of the attribute being measured was found." />
  <Value Id="14" Name="No Good" Description="The result of the measurement was no good." />
  <Value Id="15" Name="Marginal" Description="The result of the measurement was marginal." />
  <Value Id="16" Name="Nil" Description="No amount of the attribute being measured was found." />
  <Value Id="17" Name="Positive" Description="A non-discrete value is positive." />
  <Value Id="18" Name="Open" Description="The result of the measurement was open." />
  <Value Id="19" Name="Free" Description="Indicates that the item measured unrestricted." />
  <Value Id="20" Name="No" Description="The measurement returned a no result." />
  <Value Id="21" Name="Checked" Description="The measurement returned a checked result." />
  <Value Id="22" Name="Fail" Description="The measurement returned a fail result." />
  <Value Id="23" Name="Absent" Description="The attribute being measured was absent." />
  <Value Id="24" Name="Good" Description="The measurement returned a good result." />
  <Value Id="25" Name="Fair" Description="The measurement returned a fair result." />
  <Value Id="26" Name="Poor" Description="The measurement returned a poor result." />
  <Value Id="27" Name="Excellent" Description="The measurement returned an excellent result." />
  <Value Id="28" Name="Bright" Description="The result was intense and/or vivid." />
  <Value Id="29" Name="To be determined" Description="The measurement is to be determined." />
  <Value Id="30" Name="High" Description="The result of the measurement is high." />
  <Value Id="31" Name="Ambient temperature" Description="The temperature of the surrounding area or environment." />
  <Value Id="32" Name="Conditional, free" Description="Indicates that the item measured is conditionally unrestricted." />
  <Value Id="33" Name="Balance" Description="The measurement is balanced." />
  <Value Id="34" Name="Complete" Description="The measurement is complete." />
  <Value Id="35" Name="Low" Description="The attribute being measured had a low measurement." />
  <Value Id="36" Name="Not applicable" Description="The measurement is not applicable." />
  <Value Id="37" Name="Not determined" Description="The measurement has not been determined." />
  <Value Id="38" Name="Negligible" Description="A negligible amount of the attribute being measured was found." />
  <Value Id="39" Name="Moderate" Description="A moderate amount of the attribute being measured was found." />
  <Value Id="40" Name="Appreciable" Description="An appreciable amount of the attribute being measured was found." />
  <Value Id="41" Name="Not available" Description="The measurement was not available." />
  <Value Id="42" Name="Uncontrolled temperature" Description="Uncontrolled temperature conditions." />
  <Value Id="43" Name="Chilled" Description="Kept at a low temperature without freezing." />
  <Value Id="44" Name="Frozen" Description="Kept at a temperature below the freezing point." />
  <Value Id="45" Name="Temperature controlled" Description="Required temperature value." />
  <Value Id="46" Name="Negative" Description="A non-discrete value is negative." />
  <Value Id="47" Name="Variable" Description="A non-discrete value is variable." />
  <Value Id="48" Name="Partial" Description="A measurement that is partial." />
  <Value Id="49" Name="Dry ice" Description="The temperature of the goods being cooled by dry ice or solid carbon dioxide." />
  <Value Id="ZZZ" Name="Mutually defined" Description="A code assigned within a code list to be used on an interim basis and as defined among trading partners until a precise code can be assigned to the code list." />
</Root>