<?xml version="1.0" encoding="utf-8"?>
<Root xmlns:xsi="http://www.w3.org/2001/XMLSchema-instance" xmlns:xsd="http://www.w3.org/2001/XMLSchema" Id="6167" Name="Range type code qualifier" Description="Code qualifying a type of range." Count="an..3">
  <Value Id="1" Name="Allowance range" Description="Identifies the range for an allowance." />
  <Value Id="2" Name="Charge range" Description="Identifies the range for a charge." />
  <Value Id="3" Name="Monetary range" Description="Identifies the range related to money." />
  <Value Id="4" Name="Quantity range" Description="Identifies the range for quantity." />
  <Value Id="5" Name="Temperature range" Description="The range of a temperature." />
  <Value Id="6" Name="Order quantity range" Description="The minimum to maximum order quantity." />
  <Value Id="7" Name="Delivery quantity range" Description="The minimum to maximum delivery quantity." />
  <Value Id="8" Name="Production batch range" Description="The minimum to maximum quantity in a single production run." />
  <Value Id="9" Name="Monthly quantity range" Description="The minimum to maximum monthly quantity." />
  <Value Id="10" Name="Annual quantity range" Description="The minimum to maximum yearly quantity." />
  <Value Id="11" Name="Package stacking range" Description="Range in which packages can be stacked." />
  <Value Id="12" Name="Transport temperature range" Description="The temperature range at which cargo is to be kept while it is under transport." />
  <Value Id="13" Name="Equipment pre-tripping temperature range" Description="The temperature range at which the equipment is to be brought to in preparation for the loading of cargo." />
  <Value Id="14" Name="Terms discount range" Description="Identifies the range for a terms discount." />
  <Value Id="15" Name="Order quantity range, cumulative" Description="The minimum to maximum cumulative order quantity." />
  <Value Id="16" Name="Equipment number range" Description="Range of equipment numbers." />
</Root>