<?xml version="1.0" encoding="utf-8"?>
<Root xmlns:xsi="http://www.w3.org/2001/XMLSchema-instance" xmlns:xsd="http://www.w3.org/2001/XMLSchema" Id="6313" Name="Measured attribute code" Description="Code specifying the attribute measured." Count="an..3">
  <Value Id="A" Name="Consolidated weight" Description="The measured consolidated weight." />
  <Value Id="AAA" Name="Net weight" Description="[6160] Weight of goods including any packaging that normally going with the goods." />
  <Value Id="AAB" Name="Goods item gross weight" Description="[6292] Weight (mass) of goods including packing but excluding the carrier's equipment." />
  <Value Id="AAC" Name="Total net weight" Description="Total weight of goods excluding packaging." />
  <Value Id="AAD" Name="Consignment gross weight" Description="[6012] Total gross weight (mass) of all goods items referred to as one consignment including packaging but excluding any transport equipment." />
  <Value Id="AAF" Name="Net net weight" Description="[6048] Weight (mass) if goods without any packaging." />
  <Value Id="AAG" Name="Stern thrust" Description="Force exerted by a thruster installed at the stern of a vessel." />
  <Value Id="AAH" Name="Bow thrust" Description="Force exerted by a thruster installed at the bow of a vessel." />
  <Value Id="AAI" Name="Hydrate content of an alcoholic product at bottling" Description="The hydrate content of an alcoholic product at the moment of bottling." />
  <Value Id="AAJ" Name="Number of units per pallet" Description="The number of units contained on a pallet." />
  <Value Id="AAK" Name="Fat content" Description="An indication of the fat content of a product." />
  <Value Id="AAM" Name="Transport means gross weight" Description="[6300] The measure of the overall size of a ship determined in accordance with the provisions of the International Convention on Tonnage Measurement of Ships, 1969." />
  <Value Id="AAN" Name="Net tonnage of the vessel" Description="[6302] The measure of the useful capacity of a ship determined in accordance with the provisions of the International Convention on Tonnage Measurement of Ships, 1969." />
  <Value Id="AAO" Name="Humidity" Description="Degree of moisture." />
  <Value Id="AAP" Name="Voltage" Description="Electromotive force, or difference of electronic potential between two points." />
  <Value Id="AAQ" Name="Power consumption" Description="Value of energy consumption." />
  <Value Id="AAR" Name="Heat dissipation" Description="Measurement of the rate of dispersal of heat." />
  <Value Id="AAS" Name="Air flow" Description="Measurement of the flow of air." />
  <Value Id="AAT" Name="Shock impact" Description="Measurement of the impact of a shock." />
  <Value Id="AAU" Name="Operative temperature" Description="Temperature identified system or process works according to specifications." />
  <Value Id="AAV" Name="Non operative temperature" Description="Temperature identified system or process does not work according to specifications." />
  <Value Id="AAW" Name="Gross volume" Description="The volume unadjusted for factors such as temperature or gravity." />
  <Value Id="AAX" Name="Net volume" Description="The volume after adjustment for factors such as temperature or gravity." />
  <Value Id="AAY" Name="Water content" Description="Water content in product." />
  <Value Id="AAZ" Name="Tensile stress" Description="The measured tensile stress." />
  <Value Id="ABA" Name="Fibrosity" Description="The measured fibrosity." />
  <Value Id="ABB" Name="Gauge length" Description="The measured gauge length." />
  <Value Id="ABC" Name="Radius" Description="The measured radius." />
  <Value Id="ABD" Name="Straightness" Description="Straightness of the item." />
  <Value Id="ABE" Name="Strain" Description="The measured strain." />
  <Value Id="ABF" Name="Item width when unrolled" Description="The width of an item when unrolled." />
  <Value Id="ABG" Name="Item length when unrolled" Description="The length of an item when unrolled." />
  <Value Id="ABH" Name="Item area when unrolled" Description="The area occupied by an item when unrolled." />
  <Value Id="ABI" Name="Original wort" Description="Measure of the malt and hops content of beer, before fermentation has taken place." />
  <Value Id="ABJ" Name="Volume" Description="The amount of air space taken up by the entity identified in the 6311 qualifier." />
  <Value Id="ABK" Name="Angle" Description="The angle of an object." />
  <Value Id="ABL" Name="Peg hole horizontal distance from package leftmost edge" Description="Horizontal distance from the left most edge of the package to the center of the hole into which the peg is inserted." />
  <Value Id="ABM" Name="Peg hole vertical distance from package top" Description="Vertical distance from the top of the package to the top of the hole into which the peg is inserted." />
  <Value Id="ABN" Name="Number of layers per pallet" Description="The number of layers per pallet." />
  <Value Id="ABO" Name="Product strengh, chemical" Description="The amount of the single active chemical ingredient within a product." />
  <Value Id="ABP" Name="Product strength basis, chemical" Description="Amount of product used as the basis for the specification of the chemical product strenght." />
  <Value Id="ABS" Name="Item weight" Description="Weight at line item level." />
  <Value Id="ABT" Name="Payload weight, maximum" Description="The maximum weight of a payload." />
  <Value Id="ABX" Name="Weight of conveyance" Description="Tonnage of conveyance." />
  <Value Id="ABY" Name="Conveyance summer dead weight" Description="Registered summer dead weight total tonnage of the vessel." />
  <Value Id="ABZ" Name="Containerized cargo on vessel's weight" Description="Total weight of containerized cargo on vessel." />
  <Value Id="ACA" Name="Non-containerized cargo on vessel's weight" Description="Total weight of non-containerized cargo on vessel." />
  <Value Id="ACE" Name="Ascertained weight" Description="[4240] Endorsement of the true weight (mass) as ascertained or verified." />
  <Value Id="ACG" Name="Chargeable weight" Description="The weight on which charges are based." />
  <Value Id="ACN" Name="Estimated gross weight" Description="Estimated weight (mass) of goods, including packing and excluding carrier's." />
  <Value Id="ACP" Name="Estimated volume" Description="Estimated size or measure of anything in three dimensions." />
  <Value Id="ACS" Name="Vessel overall length" Description="Total overall length of the vessel." />
  <Value Id="ACV" Name="Loading meters" Description="The length in a vehicle, whereby the complete width and height over that length is needed for the goods." />
  <Value Id="ACW" Name="Number of axles" Description="Number of axles of movable equipment or means of transport on wheels." />
  <Value Id="ACX" Name="Payload" Description="The revenue-producing load carried by a means of transport." />
  <Value Id="ADR" Name="Start position in the length" Description="The starting position from the beginning of an item located in the length direction." />
  <Value Id="ADS" Name="End position in the length" Description="The end position from the beginning of an item located in the length direction." />
  <Value Id="ADT" Name="Start position in the width" Description="The start position from the beginning of an item located in the width direction." />
  <Value Id="ADU" Name="End position in the width" Description="The end position from the beginning of an item located in the width direction." />
  <Value Id="ADV" Name="Start position in the thickness" Description="The start position from the beginning of an item located in the thickness direction." />
  <Value Id="ADW" Name="End position in the thickness" Description="The end position from the beginning of an item located in the thickness direction." />
  <Value Id="ADX" Name="Transport container actual filling weight" Description="Actual filling weight of a transport container." />
  <Value Id="ADY" Name="Transport container maximum capacity" Description="Maximum capacity of a transport container." />
  <Value Id="ADZ" Name="Declared net weight" Description="The declared net weight of a product or products used for invoicing, customs or transport purposes." />
  <Value Id="AEA" Name="Loading height" Description="Maximum height of products or packages loaded onto a given transportation device or equipment such as a pallet." />
  <Value Id="AEB" Name="Stacking height" Description="Maximum height up to which the same product or package may be placed one upon the other for storage purposes." />
  <Value Id="AEC" Name="Calculated weight" Description="The calculated weight of the item based on the ordered dimensions." />
  <Value Id="AED" Name="Ferrite" Description="The chemical composition ferrite." />
  <Value Id="AEE" Name="Impurity" Description="The impurity of the product i.e. the measurement of other chemical elements not normally appearing in a product." />
  <Value Id="AEF" Name="Grain size" Description="The grain size." />
  <Value Id="AEG" Name="Lanthanides" Description="The chemical element Lanthanides." />
  <Value Id="AEH" Name="Elasticity" Description="The value of the elasticity." />
  <Value Id="AEI" Name="Drained weight" Description="The weight of a product when all liquids used in the packaging of the product have been removed." />
  <Value Id="AEJ" Name="Gallium" Description="Measurement of the gallium component." />
  <Value Id="AEK" Name="Strontium" Description="Measurement of the strontium component." />
  <Value Id="AEL" Name="Area" Description="Extent or measure of a surface." />
  <Value Id="AEM" Name="Equipment storage limitation" Description="Maximum storage limit of the equipment." />
  <Value Id="AEN" Name="Radioactive index of transport" Description="The index of transport determines the maximum radiation level at a distance of 1m from the external surface." />
  <Value Id="AEO" Name="Radioactivity" Description="Activity of radioactive material." />
  <Value Id="AEP" Name="Average gross weight" Description="Weight which is the outcome of the division of the total gross weight by the number of units." />
  <Value Id="AEQ" Name="Forward draft" Description="Depth of water from the surface of water to the bottom of the vessel measured at the draft mark of the bow." />
  <Value Id="AER" Name="After draft" Description="Depth of water from the surface of water to the bottom of the vessel measured at the draft mark of the stern." />
  <Value Id="AES" Name="Acidity" Description="The quality, state, or degree of being acid." />
  <Value Id="AET" Name="Transport equipment gross weight" Description="Weight of a transport equipment including the cargo and carrier's equipment." />
  <Value Id="AEU" Name="Total transport equipment gross weight" Description="Total weight of all transport equipment including the cargo and carrier's equipment." />
  <Value Id="AEV" Name="Acidity of juice" Description="Acid measurement of juice." />
  <Value Id="AEW" Name="Penetrometry" Description="Measurement of force required to drive a standard penetrating stamp." />
  <Value Id="AEX" Name="Durofel" Description="Measurement of the elastic force using a standard penetrating stamp." />
  <Value Id="AEY" Name="Juice weight per 100 grams" Description="Measurement of weight of juice, based on 100 grams of the entire weight." />
  <Value Id="AEZ" Name="Fruit skin colour" Description="Measurement of the colouring of the epidermis of a fruit." />
  <Value Id="AF" Name="Angle of bend" Description="The measured angle of bend." />
  <Value Id="AFA" Name="Fixed incremental measurement" Description="The measurement of the fixed increment." />
  <Value Id="AFB" Name="Durofel D10" Description="Measure of the elastic force of the pulp of a fruit. It is measured with a penetrating stamp with diameter 10." />
  <Value Id="AFC" Name="Durofel D25" Description="Measure of the elastic force of the pulp of a fruit. It is measured with a penetrating stamp with diameter 25." />
  <Value Id="AFD" Name="Durofel D50" Description="Measure of the elastic force of the pulp of a fruit. It is measured with a penetrating stamp with diameter 50." />
  <Value Id="AFE" Name="Maximum stacking weight" Description="The maximum weight which may be stacked upon a product or package without the product or packaging being crushed." />
  <Value Id="AFF" Name="Gross measure cube" Description="The total cubic space occupied by an item, taking into account any protruding components, arrived at by multiplying the maximum length, width and height." />
  <Value Id="AFG" Name="Percentage fat content in dry matter" Description="The percentage of fat content in dry matter." />
  <Value Id="AFH" Name="Saccharometric content" Description="Measurement of the sugar content of a solution." />
  <Value Id="AFI" Name="Hydrate content of an alcoholic product after bottling" Description="The hydrate content which occurs in an alcoholic product after bottling." />
  <Value Id="AFJ" Name="Anhydrous content" Description="The non-water content." />
  <Value Id="AFK" Name="Certified weight" Description="Weight which has been certified." />
  <Value Id="AFL" Name="Freeboard" Description="The vertical distance between the waterline and the upper edge of the deck line." />
  <Value Id="AFM" Name="Maximum vessel draught" Description="The depth of water needed to float the ship (Maximum vessel draught according to Load Line Certificate IMO, MSC/Circ. 920 15 June 1999)." />
  <Value Id="AFN" Name="Net explosive weight" Description="Mass of the explosive part or substance of goods without any packing." />
  <Value Id="AFO" Name="Radioactive criticality safety index" Description="A number, assigned to fissile material i.e. material capable of sustaining a nuclear chain reaction, which is used to provide control over the accumulation of packages containing such material." />
  <Value Id="AFP" Name="Waste currently on board" Description="Amount of waste on board at the moment of the notification." />
  <Value Id="AFQ" Name="Waste to be delivered at waste reception facility" Description="Amount of waste to be delivered to a waste reception facility, e.g. in the port of call." />
  <Value Id="AFR" Name="Waste to be generated until next port of call, estimated" Description="Estimated amount of waste to be generated between creation of the current notification and arrival in the next port of call, irrespective of use of incinerator or compactor or disposal at sea." />
  <Value Id="AFS" Name="Waste remaining on board at departure" Description="Amount of waste remaining on board when leaving the port of call." />
  <Value Id="AFT" Name="Colour depth" Description="The number of distinct colours represented, e.g. in an image or in a display." />
  <Value Id="AFU" Name="Colour depth, maximum" Description="The maximum number of distinct colours that can be represented, e.g. in an image or in a display." />
  <Value Id="AFV" Name="Image resolution" Description="The level of detail of an image." />
  <Value Id="AFW" Name="Device resolution, maximum" Description="The maximum level of detail produced by a device." />
  <Value Id="AFX" Name="Acoustic absorption coefficient" Description="The portion of sound energy a surface absorbs, measured at different frequencies." />
  <Value Id="B" Name="Billed weight" Description="The measured billed weight." />
  <Value Id="BL" Name="Breaking load" Description="The measured breaking load." />
  <Value Id="BMY" Name="Platinum" Description="The measurement of the platinum component." />
  <Value Id="BMZ" Name="Silver" Description="The measurement of the silver component." />
  <Value Id="BNA" Name="List" Description="The leaning or inclination of a vessel expressed in degrees port or starboard." />
  <Value Id="BNB" Name="Trim" Description="The condition of a vessel with reference to its longitudinal axis." />
  <Value Id="BNC" Name="Free water" Description="The volume of water present in a container that is not in suspension in the contained liquid." />
  <Value Id="BND" Name="Bands" Description="The measured bands." />
  <Value Id="BNE" Name="API (American Petroleum Institute) gravity" Description="The relative density of petroleum liquids as specified by a standard developed by the API." />
  <Value Id="BNF" Name="Petroleum gross observed volume" Description="The total volume of all petroleum liquids and sediment and water, excluding free water, at observed temperature and pressure." />
  <Value Id="BNG" Name="Petroleum gross standard volume" Description="The total volume of all petroleum liquids, sediment, and water excluding free water, corrected by the appropriate volume correction factor for the observed temperature and American Petroleum Institute relative density, or density to a standard temperature." />
  <Value Id="BNH" Name="Volume variance" Description="The change in the volume measurement." />
  <Value Id="BNI" Name="Petroleum net standard volume" Description="The total volume of all petroleum liquids, excluding sediment and water and free water, corrected by the appropriate volume correction factor for the observed temperature and American Petroleum Institute gravity relative to density or to a standard temperature." />
  <Value Id="BNJ" Name="Material on-board quantity, after discharge" Description="The material in vessel tanks, void spaces, and pipelines after discharge." />
  <Value Id="BNK" Name="Petroleum total calculated volume" Description="The total volume of all petroleum liquids, sediment and water corrected by the appropriate volume correction factor for the observed temperature and American Petroleum Institute (API) gravity, relative density, or density to a standard temperature." />
  <Value Id="BNL" Name="Petroleum total observed volume" Description="The total volume of all petroleum liquids, sediment and water and free water at observed temperature and pressure." />
  <Value Id="BNM" Name="Innage gauge distance" Description="The measured distance from the surface of the liquid to a fixed datum plate or to the tank bottom." />
  <Value Id="BNN" Name="Petroleum net standard weight" Description="The total weight of all petroleum liquids excluding sediments, water and free water." />
  <Value Id="BNO" Name="Sediment and water in petroleum" Description="The measurement of non-hydrocarbon solid material and water in suspension in petroleum liquid." />
  <Value Id="BNP" Name="Observed reference height, tank" Description="The observed distance from the tank bottom or datum plate to the established reference point." />
  <Value Id="BNQ" Name="Reference height, tank" Description="The measured distance from the tank bottom or datum plate to the established reference point." />
  <Value Id="BNR" Name="Ullage gauge distance" Description="The measured distance from the cargo liquid surface to the reference point." />
  <Value Id="BNS" Name="Trim correction" Description="The correction applied to the observed gauge or observed volume when a vessel is not on an even keel." />
  <Value Id="BNT" Name="Bow to bridge distance" Description="The distance between the bow and the bridge of a vessel." />
  <Value Id="BNU" Name="Peg hole number" Description="Used to identify the peg hole if more than one hole is present in the product or packaging." />
  <Value Id="BNV" Name="Number of inner packs" Description="Indicates the number of non coded physical groupings (inner packs) of next lower level trade items within the current trade item level." />
  <Value Id="BNW" Name="Number of next level trade items within inner pack" Description="The number of next lower level trade items contained within the physical non-coded grouping (inner pack)." />
  <Value Id="BNX" Name="Number of trade items per pallet layer" Description="The number of trade items contained on a single layer of a pallet." />
  <Value Id="BNY" Name="Packed items layer height" Description="The height of a single layer of packed items." />
  <Value Id="BNZ" Name="Packing material weight, skin tight covering" Description="The weight measurement of the packing material used for skin tight covering (e.g. when packaging prepared meats, poultry, cheese, and other food products)." />
  <Value Id="BR" Name="Brightness" Description="The measured brightness." />
  <Value Id="BRA" Name="Brakes" Description="The measured brakes." />
  <Value Id="BRB" Name="Components labelled for recycling percentage" Description="Percentage of trade item components that clearly label how to facilitate product disassembly and recycling." />
  <Value Id="BRC" Name="Renewable plastic components percentage, by net weight" Description="The percentage of the plastic components only made from rapidly renewable plant-based material by net weight of product." />
  <Value Id="BRD" Name="Clamp pressure, required" Description="The pressure that should be applied by a clamp." />
  <Value Id="BRE" Name="Break" Description="The measured break." />
  <Value Id="BRF" Name="Ascertained volume" Description="Endorsement of the true volume as ascertained or verified." />
  <Value Id="BRG" Name="Unit weight" Description="The weight of a unit." />
  <Value Id="BRH" Name="Total volume" Description="Total volume of goods and/or parcels." />
  <Value Id="BRI" Name="Unit volume" Description="The volume of a unit." />
  <Value Id="BS" Name="Breaking strength" Description="The measured breaking strength." />
  <Value Id="BSW" Name="Breaking strength wet" Description="The measured breaking strength when wet." />
  <Value Id="BW" Name="Basis weight" Description="The measured basis weight." />
  <Value Id="CHN" Name="Change" Description="The measured change." />
  <Value Id="CM" Name="Colour" Description="The measured colour." />
  <Value Id="CT" Name="Contents of package" Description="In combination with the other data elements of the actual segment this code indicates the measured content of a package." />
  <Value Id="CV" Name="Commercial weight" Description="Item weight considering its maximum possible humidity." />
  <Value Id="CZ" Name="Core length" Description="To specify length of core on which product is to be placed." />
  <Value Id="D" Name="Destination weight agreement" Description="The agreed weight of despatched goods whose weight may change during transport." />
  <Value Id="DI" Name="Diameter" Description="Diameter of an article." />
  <Value Id="DL" Name="Delta value L" Description="The measured delta value L." />
  <Value Id="DN" Name="Density" Description="The measured density." />
  <Value Id="DP" Name="Depth" Description="The measured depth." />
  <Value Id="DR" Name="Denier" Description="The measured fineness of a material." />
  <Value Id="DS" Name="Distance between points" Description="The measured distance between points." />
  <Value Id="DW" Name="Width, boxcar door" Description="The measured width of a boxcar door." />
  <Value Id="E" Name="Estimated new weight" Description="The measured estimated new weight." />
  <Value Id="EA" Name="Elongation" Description="The measured elongation." />
  <Value Id="F" Name="Deficit weight" Description="The measured deficit weight." />
  <Value Id="FI" Name="Filament count" Description="Used e.g. in textile, print industries." />
  <Value Id="FL" Name="Longitudinal flatness" Description="The measured longitudinal flatness." />
  <Value Id="FN" Name="Flatness" Description="The measured flatness." />
  <Value Id="FV" Name="Transverse flatness" Description="The measured transverse flatness." />
  <Value Id="GG" Name="Gauge" Description="The measured gauge." />
  <Value Id="GW" Name="Gross weight, maximum" Description="The measured maximum gross weight." />
  <Value Id="HF" Name="Hardness" Description="The measured hardness." />
  <Value Id="HM" Name="Height, maximum" Description="The measured maximum height." />
  <Value Id="HT" Name="Height dimension" Description="Numeric value of height." />
  <Value Id="IB" Name="Impact energy" Description="The measured impact energy." />
  <Value Id="ID" Name="Inside diameter" Description="The measured inside diameter." />
  <Value Id="L" Name="Legal weight" Description="The measured legal weight." />
  <Value Id="LM" Name="Length, maximum" Description="The measured maximum length." />
  <Value Id="LN" Name="Length" Description="[6168] To specify the value of a length dimension." />
  <Value Id="LND" Name="Lost end" Description="The measured lost end." />
  <Value Id="M" Name="Minimum weight" Description="The measured minimum weight." />
  <Value Id="MO" Name="Moisture" Description="Measurement application is the moisture content of the item." />
  <Value Id="MW" Name="Maximum weight" Description="The measured maximum weight." />
  <Value Id="N" Name="Actual net weight" Description="The actual weight of the goods excluding packaging." />
  <Value Id="OD" Name="Outside diameter" Description="The measured outside diameter." />
  <Value Id="PRS" Name="Pre stretch" Description="Measurement identifying the amount an item has been stretched prior to use." />
  <Value Id="PTN" Name="Per tonne" Description="A measurement per tonne." />
  <Value Id="RA" Name="Relative humidity" Description="The measured relative humidity." />
  <Value Id="RF" Name="Resistivity" Description="The measured resistivity." />
  <Value Id="RJ" Name="Rockwell C" Description="Hardness in the Rockwell C scale." />
  <Value Id="RMW" Name="Ream weight" Description="Measurement indication for paper." />
  <Value Id="RP" Name="Reduction of area" Description="The measured reduction of area." />
  <Value Id="RUN" Name="Run (process)" Description="The measured run (process)." />
  <Value Id="RY" Name="Ratio" Description="The measured ratio." />
  <Value Id="SQ" Name="Shipped quantity" Description="The measured shipped quantity." />
  <Value Id="T" Name="Tare weight" Description="Weight excluding goods and loose accessories." />
  <Value Id="TC" Name="Temperature" Description="A measurement in relation to temperature." />
  <Value Id="TH" Name="Thickness" Description="The measured thickness." />
  <Value Id="TN" Name="Time period" Description="Measurement of a specific length of time." />
  <Value Id="TT" Name="Time" Description="The measured time." />
  <Value Id="VH" Name="Height, van door" Description="The height of the door of a van or container." />
  <Value Id="VW" Name="Width, van door" Description="The width of the door of a van or container." />
  <Value Id="WA" Name="Weight per unit of area" Description="The weight per unit of an area." />
  <Value Id="WD" Name="Width dimension" Description="Numeric value of width." />
  <Value Id="WM" Name="Width, maximum" Description="The maximum distance from side to side." />
  <Value Id="WU" Name="Weight per unit of length" Description="The weight per unit of length." />
  <Value Id="XH" Name="Side height, flat bed with removable sides" Description="The height of the removable sides of a flat bed truck." />
  <Value Id="XQ" Name="Squareness" Description="The measured squareness." />
  <Value Id="XZ" Name="Spool size" Description="The measured spool size." />
  <Value Id="YS" Name="Yield stress" Description="The measured yield stress." />
  <Value Id="ZAL" Name="Aluminium" Description="The measured chemical element aluminium." />
  <Value Id="ZAS" Name="Arsenic" Description="The measured chemical element arsenic." />
  <Value Id="ZB" Name="Boron" Description="The measured chemical element boron." />
  <Value Id="ZBI" Name="Bismuth" Description="The measured chemical element bismuth." />
  <Value Id="ZC" Name="Carbon" Description="The measured chemical element carbon." />
  <Value Id="ZCA" Name="Calcium" Description="The measured chemical element calcium." />
  <Value Id="ZCB" Name="Columbium" Description="The measured chemical element columbium." />
  <Value Id="ZCE" Name="Cerium" Description="The measured chemical element cerium." />
  <Value Id="ZCL" Name="Chlorine" Description="The measured chemical element chlorine." />
  <Value Id="ZCO" Name="Cobalt" Description="The measured chemical element cobalt." />
  <Value Id="ZCR" Name="Chromium" Description="The measured chemical element chromium." />
  <Value Id="ZCU" Name="Copper" Description="The measured chemical element copper." />
  <Value Id="ZFE" Name="Iron" Description="The measured chemical element iron." />
  <Value Id="ZFS" Name="Iron plus silicon" Description="The measured substance iron plus silicon." />
  <Value Id="ZGE" Name="Germanium" Description="The measured chemical element germanium." />
  <Value Id="ZH" Name="Hydrogen" Description="The measured chemical element hydrogen." />
  <Value Id="ZK" Name="Potassium" Description="The measured chemical element potassium." />
  <Value Id="ZMG" Name="Magnesium" Description="The measured chemical element magnesium." />
  <Value Id="ZMN" Name="Manganese" Description="The measured chemical element manganese." />
  <Value Id="ZMO" Name="Molybdenum" Description="The measured chemical element molybdenum." />
  <Value Id="ZN" Name="Nitrogen" Description="The measured chemical element nitrogen." />
  <Value Id="ZNA" Name="Sodium" Description="The measured chemical element sodium." />
  <Value Id="ZNB" Name="Niobium" Description="The chemical element niobium." />
  <Value Id="ZNI" Name="Nickel" Description="The measured chemical element nickel." />
  <Value Id="ZO" Name="Oxygen" Description="The measured chemical element oxygen." />
  <Value Id="ZP" Name="Phosphorus" Description="The measured chemical element phosphorus." />
  <Value Id="ZPB" Name="Lead" Description="The measured chemical element lead." />
  <Value Id="ZS" Name="Sulphur" Description="The measured chemical element sulphur." />
  <Value Id="ZSB" Name="Antimony" Description="The measured chemical element antimony." />
  <Value Id="ZSE" Name="Selenium" Description="The measured chemical element selenium." />
  <Value Id="ZSI" Name="Silicon" Description="The measured chemical element silicon." />
  <Value Id="ZSL" Name="Silicium oxyd" Description="The measured substance silicium oxyd." />
  <Value Id="ZSN" Name="Tin" Description="The measured chemical element tin." />
  <Value Id="ZTA" Name="Tantalium" Description="The measured chemical element tantalium." />
  <Value Id="ZTE" Name="Tellurium" Description="The measured chemical element tellurium." />
  <Value Id="ZTI" Name="Titanium" Description="The measured chemical element titanium." />
  <Value Id="ZV" Name="Vanadium" Description="The measured chemical element vanadium." />
  <Value Id="ZW" Name="Tungsten" Description="The measured chemical element tungsten." />
  <Value Id="ZWA" Name="Waste content" Description="The measured waste content." />
  <Value Id="ZZN" Name="Zinc" Description="The measured chemical element zinc." />
  <Value Id="ZZR" Name="Zirconium" Description="The measured chemical element zirconium." />
  <Value Id="ZZZ" Name="Mutually defined" Description="A code assigned within a code list to be used on an interim basis and as defined among trading partners until a precise code can be assigned to the code list." />
</Root>