<?xml version="1.0" encoding="utf-8"?>
<Root xmlns:xsi="http://www.w3.org/2001/XMLSchema-instance" xmlns:xsd="http://www.w3.org/2001/XMLSchema" Id="6311" Name="Measurement purpose code qualifier" Description="Code qualifying the purpose of the measurement." Count="an..3">
  <Value Id="AAA" Name="Line item measurement" Description="Line item measurement specified by the Food and Drug Administration." />
  <Value Id="AAB" Name="Transport conditions for delivery to distribution centre" Description="Specified measurements refer to transport conditions for delivery to a distribution centre." />
  <Value Id="AAC" Name="Retail container size" Description="Size of a retail container in terms of volume." />
  <Value Id="AAD" Name="Other US Government agency application" Description="Measurement to be used by/for other United States government agencies." />
  <Value Id="AAE" Name="Measurement" Description="[6314] To specify the value of a measurement." />
  <Value Id="AAF" Name="Customs line item measurement" Description="The measurement of a consignment or part for customs purpose." />
  <Value Id="AAG" Name="Alcohol content" Description="The measurement of the alcohol content." />
  <Value Id="AAH" Name="Dimensions total weight" Description="The total weight of an identified dimension." />
  <Value Id="AAI" Name="Item weight" Description="Weight at line item level." />
  <Value Id="AAJ" Name="Visa quantity" Description="Measurement reportable for visaed merchandise." />
  <Value Id="AAK" Name="Licence (quantity deducted)" Description="Quantity to be written off from the total license amount." />
  <Value Id="AAL" Name="Cargo loaded" Description="Total tonnage of cargo loaded onto the conveyance." />
  <Value Id="AAM" Name="Cargo discharged" Description="Total tonnage of cargo unloaded from the conveyance." />
  <Value Id="AAN" Name="Weight of conveyance" Description="Tonnage of conveyance." />
  <Value Id="AAO" Name="Conveyance summer dead weight" Description="Registered summer dead weight total tonnage of the vessel." />
  <Value Id="AAP" Name="Containerized cargo on vessel's weight" Description="Total weight of containerized cargo on vessel." />
  <Value Id="AAQ" Name="Non-containerized cargo on vessel's weight" Description="Total weight of non-containerized cargo on vessel." />
  <Value Id="AAR" Name="1st specified tariff quantity" Description="Primary reportable quantity associated with a tariff number." />
  <Value Id="AAS" Name="2nd specified tariff quantity" Description="Secondary reportable quantity associated with a tariff number." />
  <Value Id="AAT" Name="3rd specified tariff quantity" Description="Third reportable quantity associated with a tariff number." />
  <Value Id="AAU" Name="Package" Description="Commodity/product shipped or sold in discrete individual containers which may be accumulated in a larger package." />
  <Value Id="AAV" Name="Person" Description="Physical measurement of a person." />
  <Value Id="AAW" Name="Accuracy" Description="Accuracy of the measurements being sent." />
  <Value Id="AAX" Name="Consignment measurement" Description="Measurement related to a consignment; to be specified by the measurement code dimension value." />
  <Value Id="AAY" Name="Package measurement" Description="Measurements of package." />
  <Value Id="AAZ" Name="Handling unit measurement" Description="Measurements of handling unit." />
  <Value Id="ABA" Name="Unit of measure used for ordered quantities" Description="The unit of measure in which ordered quantities are expressed." />
  <Value Id="ABB" Name="Transport conditions for delivery to market" Description="Specified measurements refer to transport conditions for delivery to the market." />
  <Value Id="ABC" Name="Storage conditions to guarantee product freshness until best before date" Description="Specified measurements refer to storage conditions to guarantee the product freshness until best before date." />
  <Value Id="ABI" Name="Ventilation" Description="The number of air exchanges per hour." />
  <Value Id="ABJ" Name="Original unit of issue" Description="A code identifying the original unit of issue." />
  <Value Id="ABK" Name="External dimension" Description="The outer measurement of the referenced item or package." />
  <Value Id="ABL" Name="Internal dimension" Description="The inner measurement of the referenced item or package." />
  <Value Id="ABM" Name="Test piece dimensions" Description="The size of the test piece that was tested." />
  <Value Id="ABN" Name="Average reading" Description="Average reading of the test being reported on." />
  <Value Id="ABO" Name="Comparison price measurement" Description="A measurement used for comparison pricing purposes." />
  <Value Id="ABP" Name="Unit of measure per unit of issue" Description="Provides the unit of measurement which is to be used for a given unit of issue." />
  <Value Id="ABQ" Name="Air flow" Description="The movement of air." />
  <Value Id="ABS" Name="Velocity" Description="Speed." />
  <Value Id="ABT" Name="Supplementary unit" Description="Supplementary unit referring to the measurement reported." />
  <Value Id="ABU" Name="Quota" Description="Maximum number or amount." />
  <Value Id="ABV" Name="Unit of time" Description="The specification of a specific unit of time." />
  <Value Id="ABW" Name="Unit of measure used for invoiced quantities" Description="Unit of measure of invoiced quantity." />
  <Value Id="ABX" Name="Usable or consumable content" Description="Measurement of usable or consumable contents." />
  <Value Id="ABY" Name="Payment cycle" Description="Measurement of the period of time over which payment occurs." />
  <Value Id="ABZ" Name="Plot size" Description="The relative bigness of a plot or an allotment of land." />
  <Value Id="ACA" Name="Space occupied" Description="Space taken up or filled." />
  <Value Id="ACB" Name="Building size" Description="The relative bigness of a permanent fixed structure forming an enclosure." />
  <Value Id="ACC" Name="Office size" Description="The relative bigness of a room or building used for clerical or similar work." />
  <Value Id="ACD" Name="Area damaged" Description="The size of an area that was damaged." />
  <Value Id="ACE" Name="Land size" Description="The relative bigness of an expanse of ground." />
  <Value Id="ACF" Name="Industrial plant size" Description="The relative bigness of a factory or facility used in an industrial process." />
  <Value Id="ACG" Name="Installed capacity" Description="The maximum amount that can be contained or produced." />
  <Value Id="ACH" Name="Warehouse size" Description="The relative bigness of a structure in which things are temporarily stored." />
  <Value Id="ACI" Name="Volume to dispose" Description="Volume to get rid of." />
  <Value Id="ACJ" Name="Volume to produce" Description="Volume which will be generated." />
  <Value Id="ACK" Name="Commodity size" Description="The size name, dimensions, or weight of the commodity." />
  <Value Id="ACL" Name="Free surface moment" Description="Effects of force caused by free-surface effects in partly-filled tanks." />
  <Value Id="ASX" Name="Supplemental tariff classification quantity" Description="Supplemental quantity reportable for a tariff number." />
  <Value Id="ASY" Name="1st specified tariff quantity, general rules of interpretation 3(c) or 3(b)" Description="The first reportable quantity associated with a tariff number for goods classified under general rules of interpretation 3(b) or 3(c)." />
  <Value Id="ASZ" Name="2nd specified tariff quantity, general rules of interpretation 3(c) or 3(b)" Description="Secondary reportable quantity associated with a tariff classification for goods classified under harmonized tariff schedule general rules of interpretation 3(b) or 3(c)." />
  <Value Id="ATA" Name="3rd specified tariff quantity, general rules of interpretation 3(c) or 3(b)" Description="Third reportable quantity associated with a tariff classification for goods classified under harmonized tariff schedule general rules of interpretation 3(b) or 3(c)." />
  <Value Id="ATB" Name="Showroom size" Description="The relative bigness of a room used for display." />
  <Value Id="ATC" Name="Reserves" Description="Measurement of reserves maintained." />
  <Value Id="ATD" Name="Height reference point" Description="The point from which the reference height is determined." />
  <Value Id="ATE" Name="Available for cultivation" Description="The purpose is to measure the availability for cultivation." />
  <Value Id="CH" Name="Chemistry" Description="The given measurement value identifies the amount or percentage of a specific chemical within a substance." />
  <Value Id="CHW" Name="Chargeable weight" Description="The weight on which charges are based." />
  <Value Id="CN" Name="Core notch dimensions" Description="The notch dimensions of a core." />
  <Value Id="CS" Name="Core size" Description="The size of a core." />
  <Value Id="CT" Name="Counts" Description="The measurement is counts." />
  <Value Id="DEN" Name="Density" Description="Code to indicate the mass of a commodity per unit of volume." />
  <Value Id="DT" Name="Dimensional tolerance" Description="Possible range of values for a specified measurement dimension of a product, material or package." />
  <Value Id="DV" Name="Discrete measurement value" Description="The measurement specified is separate and distinct from other measurements." />
  <Value Id="DX" Name="Dimension used in price extension" Description="Dimension will be used in conjunction with price extension." />
  <Value Id="EN" Name="Environmental conditions" Description="The data values to be reported reflect the environmental conditions surrounding a situation including but not limited to test environments." />
  <Value Id="FO" Name="Footage" Description="Length or distance in feet." />
  <Value Id="IV" Name="Interpolated value" Description="The value based on interpolation." />
  <Value Id="LAO" Name="Vessel overall length" Description="Total overall length of the vessel." />
  <Value Id="LC" Name="Limited weight/size coils" Description="Measurement identifying weight or size limit of coils." />
  <Value Id="LGL" Name="Length limitations" Description="Indicates that value/range information is understood as length limitation." />
  <Value Id="LL" Name="Lift limitation" Description="A measurement indicating lift capacity limitations." />
  <Value Id="LMT" Name="Loading meters" Description="The length in a vehicle, whereby the complete width and height over that length is needed for the goods." />
  <Value Id="PAL" Name="Payload" Description="The revenue-producing load carried by a means of transport." />
  <Value Id="PC" Name="Parting cut (sawcut)" Description="Cut identifying parts of an item probably for separation." />
  <Value Id="PD" Name="Physical dimensions (product ordered)" Description="Specified measurement dimensions refer to physical dimensions of a product, material or package." />
  <Value Id="PL" Name="Package limitations" Description="A measurement indicating limitations associated with the package." />
  <Value Id="PLL" Name="Platform limitation" Description="A measurement indicating limitations in relation to a platform." />
  <Value Id="RL" Name="Receiving facility limitations" Description="Specified measurement dimensions are provided as a result of limitations or restrictions related to the physical dimensions of a product, material or package at the reception point." />
  <Value Id="SE" Name="Property specification" Description="Indicates that the data to follow are target specifications." />
  <Value Id="SH" Name="Shipping tolerance" Description="Tolerances related to shipping." />
  <Value Id="SM" Name="Shade" Description="The degree to which a colour is mixed with black or is decreasingly illuminated." />
  <Value Id="SO" Name="Storage limitation" Description="A measurement indicating limitation in relation to storage." />
  <Value Id="SR" Name="Surface roughness" Description="The measurement of roughness of a surface." />
  <Value Id="ST" Name="Surface treatment" Description="The attribute being measured is the surface treatment." />
  <Value Id="SU" Name="Surface" Description="Surface area of an object." />
  <Value Id="SV" Name="Specification value" Description="A measurable item characteristic specified by the buyer, seller or third party." />
  <Value Id="TE" Name="Temperature" Description="The measured attribute is temperature." />
  <Value Id="TL" Name="Transportation equipment limitations" Description="A measurement indicating limitations in relation to transportation equipment." />
  <Value Id="TR" Name="Test result" Description="Indicates that the data to follow is the test result measurements." />
  <Value Id="VOL" Name="Volume" Description="Size or measure of anything in three dimensions." />
  <Value Id="WT" Name="Weights" Description="The measured attribute is weight." />
  <Value Id="WX" Name="Weight used in price extension" Description="Weight will be used in conjunction with price extension." />
</Root>