<?xml version="1.0" encoding="utf-8"?>
<Root xmlns:xsi="http://www.w3.org/2001/XMLSchema-instance" xmlns:xsd="http://www.w3.org/2001/XMLSchema" Id="6321" Name="Measurement significance code" Description="Code specifying the significance of a measurement." Count="an..3">
  <Value Id="3" Name="Approximately" Description="The measurement is approximately equal to that specified." />
  <Value Id="4" Name="Equal to" Description="The measurement is equal to that specified." />
  <Value Id="5" Name="Greater than or equal to" Description="The measurement is greater than or equal to that specified." />
  <Value Id="6" Name="Greater than" Description="The measurement is greater than that specified." />
  <Value Id="7" Name="Less than" Description="The measurement is less than that specified." />
  <Value Id="8" Name="Less than or equal to" Description="The measurement is less than or equal to that specified." />
  <Value Id="9" Name="Average value" Description="Average value for a specific series of readings." />
  <Value Id="10" Name="Not equal to" Description="The measurement is not equal to that specified." />
  <Value Id="12" Name="True value" Description="The measurement reported is a true value." />
  <Value Id="13" Name="Observed value" Description="The measurement reported is an observed value." />
  <Value Id="14" Name="Marked" Description="The measurement marked on the object." />
  <Value Id="15" Name="Out of range" Description="The measurement reported is out of range." />
</Root>