<?xml version="1.0" encoding="utf-8"?>
<Root xmlns:xsi="http://www.w3.org/2001/XMLSchema-instance" xmlns:xsd="http://www.w3.org/2001/XMLSchema" Id="6331" Name="Statistic type code qualifier" Description="Code qualifying the type of a statistic." Count="an..3">
  <Value Id="1" Name="Mean average" Description="The type of statistic being reported is the mean average." />
  <Value Id="2" Name="Median" Description="The type of statistic being reported is the middle value of a series." />
  <Value Id="3" Name="Estimate" Description="The type of statistic being reported is an approximate judgement." />
  <Value Id="4" Name="Efficiency performance" Description="The type of statistic being reported is efficiency performance." />
  <Value Id="5" Name="Process capability upper" Description="The statistic being reported is the upper process capability." />
  <Value Id="6" Name="Process capability lower" Description="The statistic being reported is the lower process capability." />
  <Value Id="8" Name="Range average" Description="The type of statistic being reported is the range average." />
  <Value Id="9" Name="Standard deviation" Description="The type of statistic being reported is the standard deviation." />
  <Value Id="10" Name="In limits" Description="The type of statistic being reported is within limits." />
</Root>