<?xml version="1.0" encoding="utf-8"?>
<Root xmlns:xsi="http://www.w3.org/2001/XMLSchema-instance" xmlns:xsd="http://www.w3.org/2001/XMLSchema" Id="6341" Name="Exchange rate currency market identifier" Description="To identify an exchange rate currency market." Count="an..3">
  <Value Id="AAA" Name="Paris exchange" Description="The currency exchange rate is set by the Paris exchange." />
  <Value Id="AAB" Name="Colombian official exchange (Central Bank of Colombia)" Description="The currency exchange rate is set by the Central Bank of Colombia." />
  <Value Id="AMS" Name="Amsterdam exchange" Description="The currency exchange rate is set by the Amsterdam exchange." />
  <Value Id="ARG" Name="Bolsa de Comercio de Buenos Aires" Description="Argentina exchange." />
  <Value Id="AST" Name="Australian exchange" Description="The currency exchange rate is set by the Australian exchange." />
  <Value Id="AUS" Name="Wien exchange" Description="Wiener Boersenkammer." />
  <Value Id="BEL" Name="Brussels exchange" Description="Commission de la Bourse Bruxelles." />
  <Value Id="CAN" Name="Toronto exchange" Description="The currency exchange rate is set by the Toronto exchange." />
  <Value Id="CAR" Name="Contractual agreement exchange rate" Description="The currency exchange rate is set by a written or spoken agreement between two or more parties." />
  <Value Id="CIE" Name="US Customs Information Exchange" Description="Currency rates published by the US Customs Information Exchange, 6 WTC, New York NY 10048-0945, USA." />
  <Value Id="DEN" Name="Copenhagen exchange" Description="Koebenhavns Fondsboers." />
  <Value Id="ECR" Name="European Community period exchange rate" Description="The currency exchange rate is set for a length of time by the European Community." />
  <Value Id="FIN" Name="Helsinki exchange" Description="The currency exchange rate is set by the Helsinki exchange." />
  <Value Id="FRA" Name="Frankfurt exchange" Description="The currency exchange rate is set by the Frankfurt exchange." />
  <Value Id="IMF" Name="International Monetary Fund" Description="The currency exchange rate is set by the International Monetary Fund." />
  <Value Id="LNF" Name="London exchange, first closing" Description="The currency exchange rate is set by the London exchange at the first closing." />
  <Value Id="LNS" Name="London exchange, second closing" Description="The currency exchange rate is set by the London exchange at the second closing." />
  <Value Id="MIL" Name="Milan exchange" Description="The currency exchange rate is set by the Milan exchange." />
  <Value Id="NOR" Name="Oslo exchange" Description="The currency exchange rate is set by the Oslo exchange." />
  <Value Id="NYC" Name="New York exchange" Description="The currency exchange rate is set by the New York exchange." />
  <Value Id="PHI" Name="Philadelphia exchange" Description="The currency exchange rate is set by the Philadelphia exchange." />
  <Value Id="SRE" Name="Specific railway exchange currency" Description="Specific rate of exchange applied to currency exchanges between rail companies and partners." />
  <Value Id="SWE" Name="Stockholm exchange" Description="The currency exchange rate is set by the Stockholm exchange." />
  <Value Id="ZUR" Name="Zurich exchange" Description="The currency exchange rate is set by the Zurich exchange." />
</Root>