<?xml version="1.0" encoding="utf-8"?>
<Root xmlns:xsi="http://www.w3.org/2001/XMLSchema-instance" xmlns:xsd="http://www.w3.org/2001/XMLSchema" Id="6343" Name="Currency type code qualifier" Description="Code qualifying the type of currency." Count="an..3">
  <Value Id="1" Name="Customs valuation currency" Description="The currency of the monetary unit involved in the transaction for customs valuation." />
  <Value Id="2" Name="Insurance currency" Description="The currency of the monetary unit involved in the transaction for insurance purposes." />
  <Value Id="3" Name="Home currency" Description="The currency of the local monetary unit." />
  <Value Id="4" Name="Invoicing currency" Description="The currency of the monetary unit used for calculation in an invoice." />
  <Value Id="5" Name="Account currency" Description="The currency of the monetary unit of an account." />
  <Value Id="6" Name="Reference currency" Description="The currency of the monetary unit to be converted from." />
  <Value Id="7" Name="Target currency" Description="The currency of the monetary unit to be converted into." />
  <Value Id="8" Name="Price list currency" Description="The currency of the monetary unit used in a price list." />
  <Value Id="9" Name="Order currency" Description="The currency of the monetary unit used in an order." />
  <Value Id="10" Name="Pricing currency" Description="The currency of the monetary unit used for pricing purposes." />
  <Value Id="11" Name="Payment currency" Description="The currency of the monetary unit used for payment." />
  <Value Id="12" Name="Quotation currency" Description="The currency of the monetary unit used in a quotation." />
  <Value Id="13" Name="Recipient local currency" Description="The currency of the local monetary unit at recipient's location." />
  <Value Id="14" Name="Supplier currency" Description="The currency of the monetary unit normally used by the supplier." />
  <Value Id="15" Name="Sender local currency" Description="The currency of the local monetary unit at sender's location." />
  <Value Id="16" Name="Tariff currency" Description="The currency as per tariff." />
  <Value Id="17" Name="Charge calculation currency" Description="The currency in which the charges are calculated." />
  <Value Id="18" Name="Tax currency" Description="The currency in which tax amounts are due or have been paid." />
</Root>