<?xml version="1.0" encoding="utf-8"?>
<Root xmlns:xsi="http://www.w3.org/2001/XMLSchema-instance" xmlns:xsd="http://www.w3.org/2001/XMLSchema" Id="6353" Name="Unit type code qualifier" Description="Code qualifying the type of unit." Count="an..3">
  <Value Id="1" Name="Number of pricing units" Description="Number of units which multiplied by the unit price gives price." />
  <Value Id="2" Name="Transportable unit" Description="A unit that is capable of being transported." />
  <Value Id="3" Name="Number of debit units" Description="The number of units which are debited by the sender of the consignment to the receiving party." />
  <Value Id="4" Name="Number of received units" Description="The number of units which are received by the receiving party of the consignment." />
  <Value Id="5" Name="Number of free days for container availability" Description="Number of days within which the container will be made available at no charge." />
  <Value Id="6" Name="Number of structure components" Description="Number of components in a structure." />
  <Value Id="7" Name="Number of asset units" Description="The number of units of an asset." />
  <Value Id="8" Name="Number of consignments" Description="The number of consignments." />
  <Value Id="9" Name="Adult" Description="The unit is an adult." />
  <Value Id="10" Name="Child" Description="The unit is a child." />
  <Value Id="11" Name="Number of trial balance accounts" Description="The unit is trial balance account." />
  <Value Id="12" Name="Number of lines" Description="Unit is line." />
  <Value Id="13" Name="Senior citizen" Description="The unit is a senior citizen." />
</Root>