<?xml version="1.0" encoding="utf-8"?>
<Root xmlns:xsi="http://www.w3.org/2001/XMLSchema-instance" xmlns:xsd="http://www.w3.org/2001/XMLSchema" Id="6415" Name="Clinical information type code qualifier" Description="Code qualifying the type of clinical information." Count="an..3">
  <Value Id="1" Name="Anamnesis" Description="Medical history." />
  <Value Id="2" Name="Diagnosis" Description="Medical diagnosis." />
  <Value Id="3" Name="Medical treatment" Description="Information regarding medical treatment." />
  <Value Id="4" Name="Symptom" Description="Change in the physical or mental condition of a person regarded as an evidence of a disease." />
  <Value Id="5" Name="Medical examination" Description="Information regarding a medical examination." />
  <Value Id="6" Name="Discharge diagnosis" Description="Medical diagnosis at the time of discharge." />
  <Value Id="7" Name="Diagnosis related group" Description="Grouping of related diagnosis." />
  <Value Id="8" Name="Intervention" Description="Information regarding a medical intervention." />
  <Value Id="9" Name="Prognosis" Description="Information regarding the probable course and/or termination of a disease." />
  <Value Id="10" Name="Examination result" Description="Information regarding the result of a medical examination." />
  <Value Id="11" Name="Laboratory analysis result" Description="Information regarding the result of a laboratory analysis." />
  <Value Id="12" Name="Medicinal treatment" Description="Information regarding a treatment with medicinal products." />
  <Value Id="13" Name="Patient medical instruction" Description="Information regarding the medical instruction given to a patient." />
  <Value Id="14" Name="Medical instruction to physician" Description="Information regarding the medical instruction given to a physician." />
  <Value Id="15" Name="Medical observation" Description="Information regarding medical observation." />
</Root>