<?xml version="1.0" encoding="utf-8"?>
<Root xmlns:xsi="http://www.w3.org/2001/XMLSchema-instance" xmlns:xsd="http://www.w3.org/2001/XMLSchema" Id="7007" Name="Physical or logical state description code" Description="Code specifying a physical or logical state." Count="an..3">
  <Value Id="1" Name="Split" Description="Separated into multiple units." />
  <Value Id="2" Name="Missing" Description="Absent or lacking." />
  <Value Id="3" Name="Wrong identification" Description="The actual identification is different from the given identification." />
  <Value Id="4" Name="Damaged" Description="In a damaged state." />
  <Value Id="5" Name="Good condition" Description="In a state of good condition." />
  <Value Id="6" Name="Wrong product" Description="The product is wrong." />
  <Value Id="7" Name="On hold" Description="Held, awaiting further action." />
  <Value Id="8" Name="Proposed" Description="The object is in a proposed state." />
  <Value Id="9" Name="Accepted" Description="The object is in an accepted state." />
  <Value Id="10" Name="Scheduled" Description="The object is in a scheduled state." />
  <Value Id="11" Name="Completed" Description="The object is in a completed state." />
  <Value Id="12" Name="Rejected" Description="The object is in a rejected state." />
  <Value Id="13" Name="Postponed" Description="The object is in a postponed state." />
  <Value Id="14" Name="Cancelled" Description="The object is in a cancelled state." />
  <Value Id="15" Name="Obsolete" Description="The object is obsolete." />
  <Value Id="16" Name="Fresh" Description="Retaining the original properties, not impaired by spoilage or preservation." />
  <Value Id="17" Name="Defective" Description="The object is defective or faulty." />
  <Value Id="18" Name="Solid" Description="A substance in the fundamental state of matter that retains its size and shape without need of a container." />
  <Value Id="19" Name="Gas" Description="Matter in a state where it occupies whatever volume is available." />
  <Value Id="20" Name="Liquid" Description="Matter in a state where it maintains a fixed volume but adapts to the shape of its container." />
</Root>