<?xml version="1.0" encoding="utf-8"?>
<Root xmlns:xsi="http://www.w3.org/2001/XMLSchema-instance" xmlns:xsd="http://www.w3.org/2001/XMLSchema" Id="7011" Name="Item availability code" Description="Code specifying the availability of an item." Count="an..3">
  <Value Id="1" Name="New, announcement only" Description="The item is announced only, not yet available." />
  <Value Id="2" Name="New, available" Description="The item is new and available." />
  <Value Id="3" Name="Obsolete" Description="The item is obsolete." />
  <Value Id="4" Name="Prototype" Description="The item is a prototype and is not yet in normal production." />
  <Value Id="5" Name="Commodity" Description="Company's standard product." />
  <Value Id="6" Name="Special" Description="Item is not a standard product." />
  <Value Id="7" Name="Temporarily out" Description="Item is temporarily not available." />
  <Value Id="8" Name="Manufacture out" Description="Item is out of production." />
  <Value Id="9" Name="Discontinued" Description="Item is no longer available because it is discontinued." />
  <Value Id="10" Name="Seasonally available only" Description="Item is only seasonally available." />
  <Value Id="11" Name="Deletion, announcement only" Description="The announcement of a deletion." />
</Root>