<?xml version="1.0" encoding="utf-8"?>
<Root xmlns:xsi="http://www.w3.org/2001/XMLSchema-instance" xmlns:xsd="http://www.w3.org/2001/XMLSchema" Id="7059" Name="Class type code" Description="Code specifying the type of class." Count="an..3">
  <Value Id="1" Name="Chemistry" Description="The class of chemical properties." />
  <Value Id="2" Name="Mechanical" Description="Mechanical properties." />
  <Value Id="3" Name="Component of measurable quantity" Description="Component being quantitatively measured (such as height)." />
  <Value Id="4" Name="System of measurable quantity" Description="System being investigated to obtain a measurable quantity (such as blood serum)." />
  <Value Id="5" Name="Ecological labelling" Description="Characteristic of ecological labelling." />
  <Value Id="6" Name="Party characteristic" Description="Characteristic of a party." />
  <Value Id="7" Name="Magnetic" Description="The property is magnetic." />
  <Value Id="8" Name="Meter" Description="A class of characteristics describing a meter." />
  <Value Id="9" Name="Meter reading" Description="A class of characteristics describing a meter reading." />
  <Value Id="10" Name="Unspecified" Description="No specific class." />
  <Value Id="11" Name="Product" Description="A class of characteristics describing a product." />
  <Value Id="12" Name="Medical investigation" Description="The class describes a medical investigation." />
  <Value Id="13" Name="Animal species" Description="The class describes the species of an animal." />
  <Value Id="14" Name="Animal breed" Description="The class describes the breed of an animal species." />
  <Value Id="15" Name="Structure" Description="Property of a structure." />
  <Value Id="16" Name="Parameter" Description="Property of a parameter." />
  <Value Id="17" Name="Equipment" Description="A class of characteristics describing an equipment." />
  <Value Id="18" Name="Process" Description="A class of characteristics describing a process." />
</Root>