<?xml version="1.0" encoding="utf-8"?>
<Root xmlns:xsi="http://www.w3.org/2001/XMLSchema-instance" xmlns:xsd="http://www.w3.org/2001/XMLSchema" Id="7073" Name="Packaging terms and conditions code" Description="Code specifying the packaging terms and conditions." Count="an..3">
  <Value Id="1" Name="Packaging cost paid by supplier" Description="The cost of packaging is paid by the supplier." />
  <Value Id="2" Name="Packaging cost paid by recipient" Description="The cost of packaging is paid by the recipient." />
  <Value Id="3" Name="Packaging cost not charged (returnable)" Description="There is no charge for packaging because it is returnable." />
  <Value Id="4" Name="Buyer's" Description="The packaging terms and conditions are specified by the buyer." />
  <Value Id="5" Name="Carrier's durable" Description="Reusable packaging owned by the carrier." />
  <Value Id="6" Name="Carrier's expendable" Description="Disposable packaging supplied by the carrier." />
  <Value Id="7" Name="Seller's durable" Description="Reusable packaging owned by the seller." />
  <Value Id="8" Name="Seller's expendable" Description="Disposable packaging supplied by the seller." />
  <Value Id="9" Name="Special purpose buyer's durable" Description="Reusable packaging specifically designed for packaging of the referenced item and owned by the buyer." />
  <Value Id="10" Name="Special purpose buyer's expendable" Description="Disposable packaging specifically designed for packaging of the referenced item." />
  <Value Id="11" Name="Multiple usage buyer's durable" Description="Reusable multi-purpose packaging owned by the buyer." />
  <Value Id="12" Name="Multiple usage seller's durable" Description="Reusable multi-purpose packaging owned by the seller." />
  <Value Id="13" Name="Not packed" Description="The referenced item is to be supplied without packaging." />
  <Value Id="14" Name="Special purpose seller's durable" Description="Non-standard reusable packaging owned by the seller." />
  <Value Id="15" Name="Export quality" Description="The packaging used must meet durability and handling characteristics required for item export." />
  <Value Id="16" Name="Domestic quality" Description="The packaging used must meet durability and handling characteristics required for domestic usage." />
  <Value Id="17" Name="Packaging included in price" Description="The cost of packaging is included in the item price." />
  <Value Id="18" Name="Packaging costs split" Description="The cost of packaging is shared equally between the buyer and seller." />
  <Value Id="19" Name="Packaging costs invoiced separately" Description="The packaging cost will be invoiced on a separate message or document." />
  <Value Id="20" Name="Nil packaging costs" Description="The packaging is free of charge." />
  <Value Id="21" Name="Nil packaging costs if packaging returned" Description="The costs of packaging is reimbursed by the seller to buyer if packaging is returned." />
  <Value Id="22" Name="Return chargeable" Description="The return of packaging/empties is chargeable." />
  <Value Id="23" Name="Chargeable, two thirds of paid amount with credit note on return of loaned package" Description="The buyer receives two thirds of paid amount with credit note if loaned package is returned." />
  <Value Id="24" Name="Rented" Description="The package has been, or will be, rented." />
  <Value Id="25" Name="Safe return deposit" Description="A deposit paid to guarantee the safe return of the package." />
  <Value Id="26" Name="Not reusable" Description="The package is not reusable." />
  <Value Id="27" Name="Package exchangeable at the point of delivery" Description="The package may be exchanged at the point of delivery." />
  <Value Id="28" Name="Tamper evident package" Description="The package should give easy or immediate recognition that the package has been tampered with after it has been sealed." />
  <Value Id="29" Name="Labeled" Description="The package is labeled." />
  <Value Id="30" Name="Package not marked returnable" Description="The package is not marked returnable." />
</Root>