<?xml version="1.0" encoding="utf-8"?>
<Root xmlns:xsi="http://www.w3.org/2001/XMLSchema-instance" xmlns:xsd="http://www.w3.org/2001/XMLSchema" Id="7077" Name="Description format code" Description="Code specifying the format of a description." Count="an..3">
  <Value Id="A" Name="Free-form long description" Description="Long description of an item in free form." />
  <Value Id="B" Name="Code and text" Description="Description of an item in coded and free form text." />
  <Value Id="C" Name="Code (from industry code list)" Description="Description of an item in coded format." />
  <Value Id="D" Name="Free-form price look up" Description="Price look-up description of a product for point of sale receipts." />
  <Value Id="E" Name="Free-form short description" Description="Short description of an item in free form." />
  <Value Id="F" Name="Free-form" Description="Description of an item in free form text." />
  <Value Id="S" Name="Structured (from industry code list)" Description="Description of an item in a structured format." />
  <Value Id="X" Name="Semi-structured (code + text)" Description="Description of an item in a coded and free text format." />
</Root>