<?xml version="1.0" encoding="utf-8"?>
<Root xmlns:xsi="http://www.w3.org/2001/XMLSchema-instance" xmlns:xsd="http://www.w3.org/2001/XMLSchema" Id="7085" Name="Cargo type classification code" Description="Code specifying the classification of a type of cargo." Count="an..3">
  <Value Id="1" Name="Documents" Description="Printed, typed or written matter including leaflets, pamphlets, certificates etc., which are not subject to import duties and taxes, restrictions and prohibitions." />
  <Value Id="2" Name="Low value non-dutiable consignments" Description="Imported consignments/items/goods in respect of which Customs duties and other taxes are waived as they are below a value determined by the Customs administration." />
  <Value Id="3" Name="Low value dutiable consignments" Description="Imported consignments/items/goods in respect of which Customs duties and other taxes are payable are below a certain amount as determined by the Customs administration." />
  <Value Id="4" Name="High value consignments" Description="Imported consignments/items/goods which are determined as having a value above a certain amount fixed by the Customs administration, which may or may not attract duties and taxes." />
  <Value Id="5" Name="Other non-containerized" Description="Non-containerized cargo which cannot be categorized by any of the other nature of cargo code." />
  <Value Id="6" Name="Vehicles" Description="Vehicles which are not stowed in containers." />
  <Value Id="7" Name="Roll-on roll-off" Description="Cargo transported or to be transported on roll-on roll- off vessels and which is transportable on its own wheels or stowed on special heavy duty trailers." />
  <Value Id="8" Name="Palletized" Description="Non-containerized cargo which is palletized." />
  <Value Id="9" Name="Containerized" Description="Cargo stowed or to be stowed in a container." />
  <Value Id="10" Name="Breakbulk" Description="Non-containerized cargo stowed in vessels' holds." />
  <Value Id="11" Name="Hazardous cargo" Description="Cargo with dangerous properties, according to appropriate dangerous goods regulations." />
  <Value Id="12" Name="General cargo" Description="Cargo of a general nature, not otherwise specified." />
  <Value Id="13" Name="Liquid cargo" Description="Cargo in liquid form." />
  <Value Id="14" Name="Temperature controlled cargo" Description="Cargo transported under specified temperature conditions." />
  <Value Id="15" Name="Environmental pollutant cargo" Description="Cargo is an environmental pollutant." />
  <Value Id="16" Name="Not-hazardous cargo" Description="Cargo which is not hazardous." />
  <Value Id="17" Name="Diplomatic" Description="Cargo transported under diplomatic conditions." />
  <Value Id="18" Name="Military" Description="Cargo for military purposes." />
  <Value Id="19" Name="Obnoxious" Description="Cargo that is objectionable to human senses." />
  <Value Id="20" Name="Out of gauge" Description="Cargo that has at least one non-standard dimension." />
  <Value Id="21" Name="Household goods and personal effects" Description="Cargo consisting of household goods and personal effects." />
  <Value Id="22" Name="Frozen cargo" Description="Cargo of frozen products." />
  <Value Id="23" Name="Ballast only" Description="No cargo, means of transport is carrying only ballast." />
  <Value Id="24" Name="Incompatible cargo" Description="Incompatible cargo to be transported / stored with other types of cargo." />
</Root>