<?xml version="1.0" encoding="utf-8"?>
<Root xmlns:xsi="http://www.w3.org/2001/XMLSchema-instance" xmlns:xsd="http://www.w3.org/2001/XMLSchema" Id="7081" Name="Item characteristic code" Description="Code specifying the characteristic of an item." Count="an..3">
  <Value Id="1" Name="Certificate of conformity" Description="Product in conformity with specifications." />
  <Value Id="2" Name="General product form" Description="Description of general product form." />
  <Value Id="3" Name="Ship to stock" Description="Product without quality control when received." />
  <Value Id="4" Name="Finish" Description="Description of the finish required/available on the product." />
  <Value Id="5" Name="End use application" Description="Description of what the end use application of the product will be." />
  <Value Id="6" Name="Construction method" Description="Description of the method of construction." />
  <Value Id="7" Name="Generic drug" Description="A drug name specially given in order that it may be freely used without legal restriction." />
  <Value Id="8" Name="Product" Description="The characteristic of a product." />
  <Value Id="9" Name="Sub-product" Description="Description of a sub-product." />
  <Value Id="10" Name="Grain direction" Description="Specifies the direction of the grain of the product." />
  <Value Id="11" Name="Customs specifications" Description="Item characteristic is described following Customs specifications." />
  <Value Id="12" Name="Type and/or process" Description="Description of the type and/or process involved in making the product. E.g. in steel, description of the steelmaking process." />
  <Value Id="13" Name="Quality" Description="The degree of excellence of a thing." />
  <Value Id="14" Name="Surface condition" Description="Description of the surface condition (e.g. roughness) of the product." />
  <Value Id="15" Name="Heat treat/anneal" Description="Description of any heat treatment or annealing required/performed on the product." />
  <Value Id="16" Name="Size system" Description="A code identifying a size system, comprising a set of sizes." />
  <Value Id="17" Name="Coating" Description="Description of any special coating required/available on the product." />
  <Value Id="18" Name="Surface treatment, chemical" Description="Description of any chemical surface treatment required/performed on the product." />
  <Value Id="19" Name="Surface treatment, mechanical" Description="Description of any mechanical surface treatment required/performed on the product." />
  <Value Id="20" Name="Transfer capacity type" Description="Type of transfer capacity." />
  <Value Id="21" Name="Forming" Description="Description of any forming required/performed on the product." />
  <Value Id="22" Name="Edge treatment" Description="Description of any special edge treatment required/performed on the product." />
  <Value Id="23" Name="Welds/splices" Description="Description of any special welds and or splices required/performed on the product." />
  <Value Id="24" Name="Control item" Description="Security relevant product with special quality control and control documentation prescriptions." />
  <Value Id="25" Name="End treatment" Description="Description of any special treatment required/performed on the ends the product." />
  <Value Id="26" Name="Ship to line" Description="Product without quality control at customer's, and packed according production needs." />
  <Value Id="27" Name="Material description" Description="Description of material used to manufacture a product." />
  <Value Id="28" Name="Test sample frequency" Description="Indication of test sample frequency. Used when ordering special testing requirements on a product." />
  <Value Id="29" Name="Electricity exchange type" Description="Type of electricity exchange." />
  <Value Id="30" Name="Test sample direction" Description="Description of test sample direction. Used when ordering special testing requirements on a product." />
  <Value Id="31" Name="European Community risk class" Description="European community classification &quot;CE&quot; indicating the safety risk of an article." />
  <Value Id="32" Name="Type of test/inspection" Description="Description of type of test or inspection. Used to order special tests to be performed on the product." />
  <Value Id="33" Name="Electricity production type" Description="The type of electricity production." />
  <Value Id="34" Name="Hydrological data" Description="The properties of the earth's water in relation to land." />
  <Value Id="35" Name="Colour" Description="Description of the colour required/available on the product." />
  <Value Id="36" Name="Electricity consumption type" Description="The way electricity is consumed." />
  <Value Id="37" Name="Weather data" Description="The characteristic described is the weather data." />
  <Value Id="38" Name="Grade" Description="Specification of the grade required/available for the product." />
  <Value Id="39" Name="Ancillary electricity service" Description="The characteristic described is the ancillary electricity service available or produced." />
  <Value Id="40" Name="Active substance" Description="Specification of an active substance in a product." />
  <Value Id="41" Name="Dangerous goods proper shipping name" Description="The proper shipping name of the dangerous goods as defined by the relevant authority." />
  <Value Id="42" Name="Fanciful name" Description="The fanciful name of the article." />
  <Value Id="43" Name="Twist" Description="Description of any special twisting requirements for the product." />
  <Value Id="44" Name="Further identifying characteristic" Description="Description of further identifying characteristic of a product which enables the product to be distinguished from any similar products." />
  <Value Id="45" Name="Private label name" Description="Describes the private label name of a product." />
  <Value Id="46" Name="Silhouette" Description="Describes the outline of the item." />
  <Value Id="47" Name="Warranty type description" Description="The warranty type description of the item." />
  <Value Id="48" Name="Yarn count" Description="Describes the fineness of the yarn in the cloth." />
  <Value Id="49" Name="Equipment" Description="Code indicating the category of equipment." />
  <Value Id="50" Name="Labour" Description="Characteristic being described is labour." />
  <Value Id="51" Name="Labour overtime" Description="Characteristic being described is overtime labour." />
  <Value Id="52" Name="Labour double time" Description="Characteristic being described is labour double time." />
  <Value Id="53" Name="Leased resource" Description="A code to identify the characteristics of a leased resource." />
  <Value Id="54" Name="Section profile" Description="Description of the section and profile of the product." />
  <Value Id="55" Name="Registered name" Description="The registered trademark or copyright name of the article." />
  <Value Id="56" Name="Special processing" Description="Description of any special processing requirements performed or required." />
  <Value Id="57" Name="Trade name" Description="The name of the article as commonly used by the industry sector where the article is traded and/or transported." />
  <Value Id="58" Name="Winding instructions" Description="Description of any special winding instructions for the product." />
  <Value Id="59" Name="Surface protection" Description="Description of the surface protection required/available for the product." />
  <Value Id="60" Name="Age" Description="The age of the object." />
  <Value Id="61" Name="New article" Description="The characteristic of a new item or commodity." />
  <Value Id="62" Name="Obsolete article" Description="The characteristic of a discarded item or commodity." />
  <Value Id="63" Name="Current article" Description="The characteristic of an item or commodity in use." />
  <Value Id="64" Name="Revised design" Description="The characteristic of a design that has been amended." />
  <Value Id="65" Name="Reinstated article" Description="The characteristic of an item or commodity that has been replaced in a former position." />
  <Value Id="66" Name="Current article spares" Description="The characteristic of an extra item or commodity in use." />
  <Value Id="67" Name="Balance out article" Description="The characteristic of an item or commodity for comparing or offsetting." />
  <Value Id="68" Name="Initial sample" Description="The characteristic of the beginning part or quantity intended to show what the whole is like." />
  <Value Id="69" Name="Field test" Description="First series of a new item to be tested by end users." />
  <Value Id="70" Name="Revised article" Description="Item design revised." />
  <Value Id="71" Name="Refurbished article" Description="The characteristic of an item or commodity that has been restored." />
  <Value Id="72" Name="Vintage" Description="The harvest year of the grapes that are part of the composition of a particular wine." />
  <Value Id="73" Name="Beverage age" Description="The period during which, after distillation and before bottling, distilled spirits have been stored in containers." />
  <Value Id="74" Name="Beverage brand" Description="A grouping of beverage products similar in name only, but of different size, age, proof, quality and flavour." />
  <Value Id="75" Name="Artist" Description="The performing artist(es) of a recorded song or piece of music." />
  <Value Id="76" Name="Author" Description="The author of a written work." />
  <Value Id="77" Name="Binding" Description="A description of the type of binding used for a written work." />
  <Value Id="78" Name="Edition" Description="Description of the edition of a written work." />
  <Value Id="79" Name="Other physical description" Description="Any other relevant physical description." />
  <Value Id="80" Name="Publisher" Description="The publisher of a written piece of work as part of the item description." />
  <Value Id="81" Name="Title" Description="The title of a work." />
  <Value Id="82" Name="Series title" Description="Title of a series of works." />
  <Value Id="83" Name="Volume title" Description="The title of a volume of work." />
  <Value Id="84" Name="Composer" Description="The composer of a recorded song or piece of music." />
  <Value Id="85" Name="Recording medium" Description="The medium on which a musical recording is made." />
  <Value Id="86" Name="Music style" Description="The style of music." />
  <Value Id="87" Name="Promotional event" Description="Describes the promotional event associated with a product." />
  <Value Id="88" Name="Promotional offer" Description="Describes the additions to the basic product for a promotional event." />
  <Value Id="89" Name="Alcohol beverage class" Description="Class characteristics for different compositions of alcoholic beverages." />
  <Value Id="90" Name="Alcohol beverage type" Description="A descriptive term that further defines the class of an alcoholic beverage." />
  <Value Id="91" Name="Secondary grape" Description="The grape that comprises the second largest percentage of the ingredients used in wine product." />
  <Value Id="92" Name="Primary grape" Description="The type of grape that comprises the largest percentage of grape in the wine product." />
  <Value Id="93" Name="Beverage category" Description="A description to designate the beverage category." />
  <Value Id="94" Name="Beverage flavour" Description="Distinctions from the base product that results in a different taste." />
  <Value Id="95" Name="Wine growing region" Description="The area where the grape used to produce a wine was harvested." />
  <Value Id="96" Name="Wine fruit" Description="The fruit that is used as a base to produce a wine." />
  <Value Id="97" Name="Beverage container characteristics" Description="A description of various beverage container characteristics." />
  <Value Id="98" Name="Size" Description="Description of size in non-numeric terms." />
  <Value Id="99" Name="Cell line history" Description="The history of a particular cell line." />
  <Value Id="100" Name="Project subject" Description="To identify the subject of a given project." />
  <Value Id="101" Name="Test panel type" Description="Specifies the type of test panel used for the item." />
  <Value Id="102" Name="Anatomical origin of sample" Description="Anatomical origin of sample." />
  <Value Id="103" Name="Type of sample" Description="Type of sample such as blood or urine." />
  <Value Id="104" Name="Shelf-life code" Description="A code indicating the shelf-life of a product." />
  <Value Id="105" Name="Limiting operation" Description="Code indicating that the item has a limiting operation." />
  <Value Id="106" Name="Temper" Description="To bring to a required degree of hardness and elasticity by heating and then cooling." />
  <Value Id="107" Name="Filament" Description="A fine wire heated electrically to incandescence." />
  <Value Id="108" Name="Denier" Description="The unit of fineness for yarns." />
  <Value Id="109" Name="Fibre" Description="A threadlike or filament forming part of a product." />
  <Value Id="110" Name="Lustre" Description="A reflected light or sheen." />
  <Value Id="111" Name="Shade" Description="The degree to which a colour is mixed with black or is decreasingly illuminated." />
  <Value Id="112" Name="Tint" Description="A gradation of colour made by adding white to lessen the saturation." />
  <Value Id="113" Name="Fibre tow" Description="The fibre of flax, hemp or jute prepared for low-grade spinning." />
  <Value Id="114" Name="Alloy" Description="A homogeneous mixture or solid solution usually of two or more metals." />
  <Value Id="115" Name="Machine run" Description="Description of the machine run characteristics for a product." />
  <Value Id="116" Name="Corrosion resistance" Description="The characteristics describing the resistance to chemical deterioration." />
  <Value Id="117" Name="Visual" Description="Capable of being seen by the eye or with the aid of optics." />
  <Value Id="118" Name="Electrical" Description="Code indicating the product's electrical characteristics." />
  <Value Id="119" Name="Functional performance" Description="Code indicating the product's functional performance characteristics." />
  <Value Id="120" Name="Chemistry" Description="Code indicating the product's chemical characteristics." />
  <Value Id="121" Name="Physical" Description="Code indicating the product's physical characteristics." />
  <Value Id="122" Name="Magnetic" Description="Code indicating the product's magnetic characteristics." />
  <Value Id="123" Name="Mechanical" Description="Code indicating the product's mechanical characteristics." />
  <Value Id="124" Name="Metallographic" Description="Code indicating the product's metallographic characteristics." />
  <Value Id="125" Name="Dye lot" Description="Code indicating the product's dye lot characteristics." />
  <Value Id="126" Name="Pattern" Description="Code indicating the product's pattern characteristics." />
  <Value Id="127" Name="Appearance" Description="The outward aspect or semblance." />
  <Value Id="128" Name="Dispersion" Description="The separation of visible light into its colour components by refraction or diffraction." />
  <Value Id="129" Name="Fluid" Description="Code indicating the product's fluid characteristics." />
  <Value Id="130" Name="Flow" Description="The movement or run in the manner of a liquid." />
  <Value Id="131" Name="Moisture" Description="Code indicating the product's moisture characteristics." />
  <Value Id="132" Name="Fabric" Description="Code indicating the product's fabric characteristics." />
  <Value Id="133" Name="Shipping unit component" Description="Any designed component of a fixture or container, typically detachable from the base unit for empty return or for cleaning, which provides rigidity, stability, or security when loaded and are an integral part of the container or shipping device and are essential to its functionality." />
  <Value Id="134" Name="Manufacturing method" Description="Code indicating the product's manufacturing method characteristics." />
  <Value Id="135" Name="Engine" Description="Code indicating the discrete identification of the engine characteristics." />
  <Value Id="136" Name="Transmission" Description="Code indicating the discrete identification of the transmission characteristics." />
  <Value Id="137" Name="Controlled substance" Description="Code indicating the controlled substance characteristics." />
  <Value Id="139" Name="Collateral" Description="Code indicating the product's accompanying or coinciding characteristics." />
  <Value Id="140" Name="Chassis" Description="Code indicating the discrete identification of the chassis characteristics." />
  <Value Id="141" Name="Compliance method" Description="Code indicating the product's compliance method characteristics." />
  <Value Id="142" Name="Pipe coupling" Description="A collar with internal threads used to join a section of threaded pipe." />
  <Value Id="143" Name="Drug efficacy" Description="Code indicating the drug's capacity or ability to produce the desired effects." />
  <Value Id="144" Name="Dosage form" Description="Code indicating the physical form of the dosage." />
  <Value Id="145" Name="Dimensional" Description="Code indicating the product's dimensional characteristics in non-numeric terms." />
  <Value Id="146" Name="Fold configuration" Description="Code indicating the product's fold configuration characteristics." />
  <Value Id="147" Name="Fuel" Description="Code indicating the fuel characteristics." />
  <Value Id="148" Name="Cell line identifier" Description="Identification of a particular cell line." />
  <Value Id="149" Name="Hydraulics" Description="The characteristics of a liquid conveyed under pressure through pipes or channels." />
  <Value Id="150" Name="Coordinates" Description="Code indicating the product's coordinates in non-numeric terms." />
  <Value Id="151" Name="Options" Description="An item available in addition to standard features of a product." />
  <Value Id="152" Name="Non-prescription drug" Description="Code indicating the non-prescription drug's characteristics." />
  <Value Id="153" Name="Prescription drug" Description="Code indicating the prescription drug's characteristics." />
  <Value Id="154" Name="Source" Description="The derivation of a material thing." />
  <Value Id="155" Name="Therapeutic class" Description="Code indicating the product's therapeutic class characteristics." />
  <Value Id="156" Name="Therapeutic equivalency" Description="Code indicating the product's therapeutic equivalency characteristics." />
  <Value Id="157" Name="Filter" Description="Code indicating the product's filter characteristics." />
  <Value Id="158" Name="Trim" Description="Code indicating the product's trim characteristics." />
  <Value Id="159" Name="Waste" Description="Code indicating unusable material left over from a process of manufacturing." />
  <Value Id="160" Name="Bottomhole location method" Description="Code indicating the method for locating the lowest part or surface of a works." />
  <Value Id="161" Name="Bottomhole pressure method" Description="Code indicating the method for measuring pressures at the lowest part or surface of a works." />
  <Value Id="162" Name="Common chemical name" Description="Code indicating the product's common chemical name." />
  <Value Id="163" Name="Chemical family name" Description="Code indicating the product's chemical family name." />
  <Value Id="164" Name="Casing or liner type" Description="Code indicating the protective or covering part of a natural or manufactured object." />
  <Value Id="165" Name="Well direction" Description="Code indicating the well drilling direction." />
  <Value Id="166" Name="Electronic field" Description="Code indicating the product's electronic field characteristics." />
  <Value Id="167" Name="Formula" Description="Code indicating the formula characteristics in non- numeric terms." />
  <Value Id="168" Name="Ingredient" Description="A component part of a mixture." />
  <Value Id="169" Name="Market segment" Description="Code indicating the market segment associated with a product." />
  <Value Id="170" Name="Odour" Description="The property of a substance that is perceptible by the sense of smell." />
  <Value Id="171" Name="Physical form" Description="Code indicating the physical form of a product." />
  <Value Id="172" Name="Well perforation continuity" Description="Code indicating the well perforation continuity characteristics." />
  <Value Id="173" Name="Well perforation interval" Description="Code indicating the well perforation interval characteristics." />
  <Value Id="174" Name="Pipeline stream" Description="Code indicating the product's pipeline stream characteristics." />
  <Value Id="175" Name="Surface location method" Description="Code indicating the product's surface location method characteristics." />
  <Value Id="176" Name="Threshold" Description="Code indicating the product's threshold characteristics." />
  <Value Id="177" Name="Well classification" Description="Code indicating the well classification characteristics." />
  <Value Id="178" Name="Well test type" Description="Code indicating the well test type characteristics." />
  <Value Id="179" Name="Major grade" Description="Specification of the major grade of the item." />
  <Value Id="180" Name="Specification" Description="Description of the specification of the item." />
  <Value Id="181" Name="Test sample location - ends" Description="Code indicating the test sample location on the ends of a product." />
  <Value Id="182" Name="Product life cycle" Description="Code indicating the period of time between product creation and obsolescence." />
  <Value Id="183" Name="Storage and display" Description="Code indicating the product's storage or display characteristics." />
  <Value Id="184" Name="Density" Description="A code indicating the relation of weight to volume using non-discrete values." />
  <Value Id="185" Name="Print orientation" Description="The orientation of the back printing on a form to the front printing on the same form." />
  <Value Id="186" Name="Solubility" Description="A code indicating the amount of a substance that can be dissolved using a non-discrete value." />
  <Value Id="187" Name="Material resource" Description="A code to identify the characteristics of a material resource." />
  <Value Id="188" Name="Other direct resource" Description="A code to identify other direct resources that are charged to a task." />
  <Value Id="189" Name="Subcontract resource" Description="A code to identify resources that are part of a subcontract." />
  <Value Id="190" Name="Consumable resource" Description="A code to identify resources that are consumed." />
  <Value Id="191" Name="Recurring resource" Description="A code to identify a recurring resource." />
  <Value Id="192" Name="Non recurring resource" Description="A code to identify a resource that is non recurring." />
  <Value Id="193" Name="Presentation effect" Description="To indicate a presentation effect." />
  <Value Id="194" Name="Font" Description="This value identifies a font by name." />
  <Value Id="195" Name="Key-word" Description="A word which may be used as a search key." />
  <Value Id="196" Name="Additional sectorial characteristics" Description="A code issued on a sectorial basis which identifies any additional characteristics of a product." />
  <Value Id="197" Name="Product data base management description" Description="A description indicating how a product should be managed in a data base." />
  <Value Id="198" Name="Cell culture media" Description="The media in which a cell is being grown (cultured)." />
  <Value Id="199" Name="Animal hybridoma" Description="Hybridoma or cells that have been engineered to produce a desired antibody." />
  <Value Id="200" Name="Virus coexistence, serological" Description="Description of the coexistence of viruses found in blood." />
  <Value Id="201" Name="Composition" Description="A blend or combination of components that constitute a particular commodity." />
  <Value Id="202" Name="Vehicle body type" Description="The body type of a vehicle, e.g. four door, two door, convertible." />
  <Value Id="203" Name="Condition" Description="The condition of the item." />
  <Value Id="204" Name="Convention on International Trade and Endangered Species (CITES) indicator" Description="An indication that the item is under the Convention on International Trade and Endangered Species (CITES)." />
  <Value Id="205" Name="DDTC military equipment indicator" Description="An indicator that the item is subject to the US State Department Directorate of Defense Trade Controls (DDTC)." />
  <Value Id="206" Name="Driver side" Description="Information on the driver side of the vehicle." />
  <Value Id="207" Name="Engine power rating, administrative" Description="The administrative engine power unit rating." />
  <Value Id="208" Name="Enzyme source" Description="The source of an enzyme." />
  <Value Id="209" Name="Gender" Description="The gender of an item." />
  <Value Id="210" Name="Geographic isolate" Description="A geographically isolated area." />
  <Value Id="211" Name="Intergeneric genetically modified" Description="Information that the article has been intergeneric genetically modified." />
  <Value Id="212" Name="Life stage" Description="Information on the stage of life." />
  <Value Id="213" Name="Pathovar" Description="Information on the pathovar, the bacterial strain(s) with the same or similar characteristics as the item." />
  <Value Id="214" Name="Preliminary assessment information rule" Description="Reference to previously provided information from the manufacturer to identify, assess, and manage human health and environmental risks from chemical substances, mixtures, or categories." />
  <Value Id="215" Name="Protected species" Description="The item is recognized as a protected species by a legislative or regulatory authority." />
  <Value Id="216" Name="Race" Description="Information on the race of the item." />
  <Value Id="217" Name="Recombinant genetic insert" Description="Indication of the insertion of one or more nucleotide base pairs into a genetic sequence." />
  <Value Id="218" Name="Strain (microbiology)" Description="Information on the strain, the genetic variant or subtype of a microorganism of the item." />
  <Value Id="219" Name="Style" Description="A kind, sort, or type that distinguishes one commodity from another commodity with similar characteristics." />
  <Value Id="220" Name="Seller assigned commodity name" Description="A name or a term assigned by seller that identifies a commodity." />
  <Value Id="221" Name="Model name" Description="A model name used to identify the item." />
  <Value Id="222" Name="Variety" Description="The variety of the item." />
  <Value Id="223" Name="Brand name" Description="The brand name of an item." />
  <Value Id="224" Name="Item name, approved" Description="Approved name of the item." />
  <Value Id="225" Name="Item descriptive name, approved" Description="The approved descriptive name of the item." />
  <Value Id="226" Name="Common name" Description="The common name of the item." />
  <Value Id="227" Name="Not for resale to consumer" Description="Item is not for resale to consumer." />
  <Value Id="228" Name="Year of production" Description="The year the product is manufactured, grown, or otherwise becomes a product." />
  <Value Id="229" Name="Frequency range" Description="The range of wave frequencies for radio communication equipment." />
  <Value Id="230" Name="Radio emission type" Description="Type of radio emission ." />
  <Value Id="231" Name="Output impedance" Description="The measure of opposition to alternating current (AC) on the output of a circuit." />
  <Value Id="232" Name="Radio modulation type" Description="The type of modulation used for radio communication equipment." />
  <Value Id="233" Name="Radio frequency output power" Description="The actual amount of power of radio frequency energy that a transmitter produces at its output." />
  <Value Id="234" Name="Radiated Spurious Emission (RSE)" Description="Measure of the transmitted signal which is unwanted." />
  <Value Id="235" Name="Frequency stability" Description="The ability of an oscillator to maintain a desired frequency; usually expressed as percent deviation from the assigned frequency value." />
  <Value Id="236" Name="Frequency deviation limiting ability" Description="The ability of the equipment preventing it from deviating from its frequency." />
  <Value Id="237" Name="Necessary radio bandwidth" Description="The required difference between the upper and lower frequencies of a band of electromagnetic radiation." />
  <Value Id="238" Name="Spurious &amp; Image Response Rejection (SIRR)" Description="A measure of performance of a radio receiver." />
  <Value Id="239" Name="Digital transmission rate" Description="Quantity, per unit time, of binary digits (or pulses representing them) which will pass a given point on a communications line or channel in a continuous stream." />
  <Value Id="240" Name="Sensitivity" Description="The minimum magnitude of input signal required to produce a specified output signal having a specified signal-to-noise ratio." />
  <Value Id="241" Name="Channel frequency spacing" Description="The difference in frequency between successive radio channels." />
  <Value Id="242" Name="Antenna type" Description="The type of apparatus used for sending or receiving electromagnetic waves." />
  <Value Id="243" Name="Antenna gain" Description="A measure of the effectiveness of a directional antenna as compared to a standard nondirectional antenna." />
  <Value Id="244" Name="Antenna frequency range" Description="The range of frequencies which the antenna is capable of receiving or transmitting." />
  <Value Id="245" Name="Maximum power density" Description="The amount of power (time rate of energy transfer) per unit volume." />
  <Value Id="246" Name="Effective radiated power (ERP)" Description="A standardized theoretical measurement of radio frequency (RF) energy using the SI unit watts, and is determined by subtracting system losses and adding system gains." />
  <Value Id="247" Name="Communication channel capacity" Description="The maximum number of bits or other information elements that can be reliably transmitted over a communications channel." />
  <Value Id="248" Name="Antenna polarization" Description="The orientation of the electric field (E-plane) of the radiowave with respect to the Earth's surface." />
  <Value Id="ZZZ" Name="Mutually defined" Description="The item characteristic is mutually agreed by the interchanging parties." />
</Root>