<?xml version="1.0" encoding="utf-8"?>
<Root xmlns:xsi="http://www.w3.org/2001/XMLSchema-instance" xmlns:xsd="http://www.w3.org/2001/XMLSchema" Id="7143" Name="Item type identification code" Description="Coded identification of an item type." Count="an..3">
  <Value Id="AA" Name="Product version number" Description="Number assigned by manufacturer or seller to identify the release of a product." />
  <Value Id="AB" Name="Assembly" Description="The item number is that of an assembly." />
  <Value Id="AC" Name="HIBC (Health Industry Bar Code)" Description="Article identifier used within health sector to indicate data used conforms to HIBC." />
  <Value Id="AD" Name="Cold roll number" Description="Number assigned to a cold roll." />
  <Value Id="AE" Name="Hot roll number" Description="Number assigned to a hot roll." />
  <Value Id="AF" Name="Slab number" Description="Number assigned to a slab, which is produced in a particular production step." />
  <Value Id="AG" Name="Software revision number" Description="A number assigned to indicate a revision of software." />
  <Value Id="AH" Name="UPC (Universal Product Code) Consumer package code (1-5-5)" Description="An 11-digit code that uniquely identifies consumer packaging of a product; does not have a check digit." />
  <Value Id="AI" Name="UPC (Universal Product Code) Consumer package code (1-5-5- 1)" Description="A 12-digit code that uniquely identifies the consumer packaging of a product, including a check digit." />
  <Value Id="AJ" Name="Sample number" Description="Number assigned to a sample." />
  <Value Id="AK" Name="Pack number" Description="Number assigned to a pack containing a stack of items put together (e.g. cold roll sheets (steel product))." />
  <Value Id="AL" Name="UPC (Universal Product Code) Shipping container code (1-2- 5-5)" Description="A 13-digit code that uniquely identifies the manufacturer's shipping unit, including the packaging indicator." />
  <Value Id="AM" Name="UPC (Universal Product Code)/EAN (European article number) Shipping container code (1-2-5-5-1)" Description="A 14-digit code that uniquely identifies the manufacturer's shipping unit, including the packaging indicator and the check digit." />
  <Value Id="AN" Name="UPC (Universal Product Code) suffix" Description="A suffix used in conjunction with a higher level UPC (Universal product code) to define packing variations for a product." />
  <Value Id="AO" Name="State label code" Description="A code which specifies the codification of the state's labelling requirements." />
  <Value Id="AP" Name="Heat number" Description="Number assigned to the heat (also known as the iron charge) for the production of steel products." />
  <Value Id="AQ" Name="Coupon number" Description="A number identifying a coupon." />
  <Value Id="AR" Name="Resource number" Description="A number to identify a resource." />
  <Value Id="AS" Name="Work task number" Description="A number to identify a work task." />
  <Value Id="AT" Name="Price look up number" Description="Identification number on a product allowing a quick electronic retrieval of price information for that product." />
  <Value Id="AU" Name="NSN (North Atlantic Treaty Organization Stock Number)" Description="Number assigned under the NATO (North Atlantic Treaty Organization) codification system to provide the identification of an approved item of supply." />
  <Value Id="AV" Name="Refined product code" Description="A code specifying the product refinement designation." />
  <Value Id="AW" Name="Exhibit" Description="A code indicating that the product is identified by an exhibit number." />
  <Value Id="AX" Name="End item" Description="A number specifying an end item." />
  <Value Id="AY" Name="Federal supply classification" Description="A code to specify a product's Federal supply classification." />
  <Value Id="AZ" Name="Engineering data list" Description="A code specifying the product's engineering data list." />
  <Value Id="BA" Name="Milestone event number" Description="A number to identify a milestone event." />
  <Value Id="BB" Name="Lot number" Description="A number indicating the lot number of a product." />
  <Value Id="BC" Name="National drug code 4-4-2 format" Description="A code identifying the product in national drug format 4-4-2." />
  <Value Id="BD" Name="National drug code 5-3-2 format" Description="A code identifying the product in national drug format 5-3-2." />
  <Value Id="BE" Name="National drug code 5-4-1 format" Description="A code identifying the product in national drug format 5-4-1." />
  <Value Id="BF" Name="National drug code 5-4-2 format" Description="A code identifying the product in national drug format 5-4-2." />
  <Value Id="BG" Name="National drug code" Description="A code specifying the national drug classification." />
  <Value Id="BH" Name="Part number" Description="A number indicating the part." />
  <Value Id="BI" Name="Local Stock Number (LSN)" Description="A local number assigned to an item of stock." />
  <Value Id="BJ" Name="Next higher assembly number" Description="A number specifying the next higher assembly or component into which the product is being incorporated." />
  <Value Id="BK" Name="Data category" Description="A code specifying a category of data." />
  <Value Id="BL" Name="Control number" Description="To specify the control number." />
  <Value Id="BM" Name="Special material identification code" Description="A number to identify the special material code." />
  <Value Id="BN" Name="Locally assigned control number" Description="A number assigned locally for control purposes." />
  <Value Id="BO" Name="Buyer's colour" Description="Colour assigned by buyer." />
  <Value Id="BP" Name="Buyer's part number" Description="Reference number assigned by the buyer to identify an article." />
  <Value Id="BQ" Name="Variable measure product code" Description="A code assigned to identify a variable measure item." />
  <Value Id="BR" Name="Financial phase" Description="To specify as an item, the financial phase." />
  <Value Id="BS" Name="Contract breakdown" Description="To specify as an item, the contract breakdown." />
  <Value Id="BT" Name="Technical phase" Description="To specify as an item, the technical phase." />
  <Value Id="BU" Name="Dye lot number" Description="Number identifying a dye lot." />
  <Value Id="BV" Name="Daily statement of activities" Description="A statement listing activities of one day." />
  <Value Id="BW" Name="Periodical statement of activities within a bilaterally agreed time period" Description="Periodical statement listing activities within a bilaterally agreed time period." />
  <Value Id="BX" Name="Calendar week statement of activities" Description="A statement listing activities of a calendar week." />
  <Value Id="BY" Name="Calendar month statement of activities" Description="A statement listing activities of a calendar month." />
  <Value Id="BZ" Name="Original equipment number" Description="Original equipment number allocated to spare parts by the manufacturer." />
  <Value Id="CC" Name="Industry commodity code" Description="The codes given to certain commodities by an industry." />
  <Value Id="CG" Name="Commodity grouping" Description="Code for a group of articles with common characteristics (e.g. used for statistical purposes)." />
  <Value Id="CL" Name="Colour number" Description="Code for the colour of an article." />
  <Value Id="CR" Name="Contract number" Description="Reference number identifying a contract." />
  <Value Id="CV" Name="Customs article number" Description="Code defined by Customs authorities to an article or a group of articles for Customs purposes." />
  <Value Id="DR" Name="Drawing revision number" Description="Reference number indicating that a change or revision has been applied to a drawing." />
  <Value Id="DW" Name="Drawing" Description="Reference number identifying a drawing of an article." />
  <Value Id="EC" Name="Engineering change level" Description="Reference number indicating that a change or revision has been applied to an article's specification." />
  <Value Id="EF" Name="Material code" Description="Code defining the material's type, surface, geometric form plus various classifying characteristics." />
  <Value Id="EN" Name="International Article Numbering Association (EAN)" Description="Number assigned to a manufacturer's product according to the International Article Numbering Association." />
  <Value Id="GB" Name="Buyer's internal product group code" Description="Product group code used within a buyer's internal systems." />
  <Value Id="GN" Name="National product group code" Description="National product group code. Administered by a national agency." />
  <Value Id="GS" Name="General specification number" Description="The item number is a general specification number." />
  <Value Id="HS" Name="Harmonised system" Description="The item number is part of, or is generated in the context of the Harmonised Commodity Description and Coding System (Harmonised System), as developed and maintained by the World Customs Organization (WCO)." />
  <Value Id="IB" Name="ISBN (International Standard Book Number)" Description="A unique number identifying a book." />
  <Value Id="IN" Name="Buyer's item number" Description="The item number has been allocated by the buyer." />
  <Value Id="IS" Name="ISSN (International Standard Serial Number)" Description="A unique number identifying a serial publication." />
  <Value Id="IT" Name="Buyer's style number" Description="Number given by the buyer to a specific style or form of an article, especially used for garments." />
  <Value Id="IZ" Name="Buyer's size code" Description="Code given by the buyer to designate the size of an article in textile and shoe industry." />
  <Value Id="MA" Name="Machine number" Description="The item number is a machine number." />
  <Value Id="MF" Name="Manufacturer's (producer's) article number" Description="The number given to an article by its manufacturer." />
  <Value Id="MN" Name="Model number" Description="Reference number assigned by the manufacturer to differentiate variations in similar products in a class or group." />
  <Value Id="MP" Name="Product/service identification number" Description="Reference number identifying a product or service." />
  <Value Id="NB" Name="Batch number" Description="The item number is a batch number." />
  <Value Id="ON" Name="Customer order number" Description="Reference number of a customer's order." />
  <Value Id="PD" Name="Part number description" Description="Reference number identifying a description associated with a number ultimately used to identify an article." />
  <Value Id="PL" Name="Purchaser's order line number" Description="Reference number identifying a line entry in a customer's order for goods or services." />
  <Value Id="PO" Name="Purchase order number" Description="Reference number identifying a customer's order." />
  <Value Id="PV" Name="Promotional variant number" Description="The item number is a promotional variant number." />
  <Value Id="QS" Name="Buyer's qualifier for size" Description="The item number qualifies the size of the buyer." />
  <Value Id="RC" Name="Returnable container number" Description="Reference number identifying a returnable container." />
  <Value Id="RN" Name="Release number" Description="Reference number identifying a release from a buyer's purchase order." />
  <Value Id="RU" Name="Run number" Description="The item number identifies the production or manufacturing run or sequence in which the item was manufactured, processed or assembled." />
  <Value Id="RY" Name="Record keeping of model year" Description="The item number relates to the year in which the particular model was kept." />
  <Value Id="SA" Name="Supplier's article number" Description="Number assigned to an article by the supplier of that article." />
  <Value Id="SG" Name="Standard group of products (mixed assortment)" Description="The item number relates to a standard group of other items (mixed) which are grouped together as a single item for identification purposes." />
  <Value Id="SK" Name="SKU (Stock keeping unit)" Description="Reference number of a stock keeping unit." />
  <Value Id="SN" Name="Serial number" Description="Identification number of an item which distinguishes this specific item out of a number of identical items." />
  <Value Id="SRS" Name="RSK number" Description="Plumbing and heating." />
  <Value Id="SRT" Name="IFLS (Institut Francais du Libre Service) 5 digit product classification code" Description="5 digit code for product classification managed by the Institut Francais du Libre Service." />
  <Value Id="SRU" Name="IFLS (Institut Francais du Libre Service) 9 digit product classification code" Description="9 digit code for product classification managed by the Institut Francais du Libre Service." />
  <Value Id="SRV" Name="EAN.UCC Global Trade Item Number" Description="A unique number, up to 14-digits, assigned according to the numbering structure of the EAN.UCC system. 'EAN' stands for the 'International Article Numbering Association', and 'UCC' for the 'Uniform Code Council'." />
  <Value Id="SRW" Name="EDIS (Energy Data Identification System)" Description="European system for identification of meter data." />
  <Value Id="SRX" Name="Slaughter number" Description="Unique number given by a slaughterhouse to an animal or a group of animals of the same breed." />
  <Value Id="SRY" Name="Official animal number" Description="Unique number given by a national authority to identify an animal individually." />
  <Value Id="SRZ" Name="Harmonized tariff schedule" Description="The international Harmonized Tariff Schedule (HTS) to classify the article for customs, statistical and other purposes." />
  <Value Id="SS" Name="Supplier's supplier article number" Description="Article number referring to a sales catalogue of supplier's supplier." />
  <Value Id="SSA" Name="46 Level DOT Code" Description="A US Department of Transportation (DOT) code to identify hazardous (dangerous) goods, managed by the Customs and Border Protection (CBP) agency." />
  <Value Id="SSB" Name="Airline Tariff 6D" Description="A US code agreed to by the airline industry to identify hazardous (dangerous) goods, managed by the Customs and Border Protection (CBP) agency." />
  <Value Id="SSC" Name="Title 49 Code of Federal Regulations" Description="A US Customs and Border Protection (CBP) code used to identify hazardous (dangerous) goods." />
  <Value Id="SSD" Name="International Civil Aviation Administration code" Description="A US Department of Transportation/Federal Aviation Administration code used to identify hazardous (dangerous) goods, managed by the Customs and Border Protection (CBP) agency." />
  <Value Id="SSE" Name="Hazardous Materials ID DOT" Description="A US Department of Transportation (DOT) code used to identify hazardous (dangerous) goods, managed by the Customs and Border Protection (CBP) agency." />
  <Value Id="SSF" Name="Endorsement" Description="A US Customs and Border Protection (CBP) code used to identify hazardous (dangerous) goods." />
  <Value Id="SSG" Name="Air Force Regulation 71-4" Description="A department of Defense/Air Force code used to identify hazardous (dangerous) goods, managed by the Customs and Border Protection (CBP) agency." />
  <Value Id="SSH" Name="Breed" Description="The breed of the item (e.g. plant or animal)." />
  <Value Id="SSI" Name="Chemical Abstract Service (CAS) registry number" Description="A unique numerical identifier for for chemical compounds, polymers, biological sequences, mixtures and alloys." />
  <Value Id="SSJ" Name="Engine model designation" Description="A name or designation to identify an engine model." />
  <Value Id="SSK" Name="Institutional Meat Purchase Specifications (IMPS) Number" Description="A number assigned by agricultural authorities to identify and track meat and meat products." />
  <Value Id="SSL" Name="Price Look-Up code (PLU)" Description="Identification number affixed to produce in stores to retrieve price information." />
  <Value Id="SSM" Name="International Maritime Organization (IMO) Code" Description="An International Maritime Organization (IMO) code used to identify hazardous (dangerous) goods." />
  <Value Id="SSN" Name="Bureau of Explosives 600-A (rail)" Description="A Department of Transportation/Federal Railroad Administration code used to identify hazardous (dangerous) goods." />
  <Value Id="SSO" Name="United Nations Dangerous Goods List" Description="A UN code used to classify and identify dangerous goods." />
  <Value Id="SSP" Name="International Code of Botanical Nomenclature (ICBN)" Description="A code established by the International Code of Botanical Nomenclature (ICBN) used to classify and identify botanical articles and commodities." />
  <Value Id="SSQ" Name="International Code of Zoological Nomenclature (ICZN)" Description="A code established by the International Code of Zoological Nomenclature (ICZN) used to classify and identify animals." />
  <Value Id="SSR" Name="International Code of Nomenclature for Cultivated Plants (ICNCP)" Description="A code established by the International Code of Nomenclature for Cultivated Plants (ICNCP) used to classify and identify animals." />
  <Value Id="SSS" Name="Distributor�s article identifier" Description="Identifier assigned to an article by the distributor of that article." />
  <Value Id="SST" Name="Norwegian Classification system ENVA" Description="Product classification system used in the Norwegian market." />
  <Value Id="SSU" Name="Supplier assigned classification" Description="Product classification assigned by the supplier." />
  <Value Id="SSV" Name="Mexican classification system AMECE" Description="Product classification system used in the Mexican market." />
  <Value Id="SSW" Name="German classification system CCG" Description="Product classification system used in the German market." />
  <Value Id="SSX" Name="Finnish classification system EANFIN" Description="Product classification system used in the Finnish market." />
  <Value Id="SSY" Name="Canadian classification system ICC" Description="Product classification system used in the Canadian market." />
  <Value Id="SSZ" Name="French classification system IFLS5" Description="Product classification system used in the French market." />
  <Value Id="ST" Name="Style number" Description="Number given to a specific style or form of an article, especially used for garments." />
  <Value Id="STA" Name="Dutch classification system CBL" Description="Product classification system used in the Dutch market." />
  <Value Id="STB" Name="Japanese classification system JICFS" Description="Product classification system used in the Japanese market." />
  <Value Id="STC" Name="European Union dairy subsidy eligibility classification" Description="Category of product eligible for EU subsidy (applies for certain dairy products with specific level of fat content)." />
  <Value Id="STD" Name="GS1 Spain classification system" Description="Product classification system used in the Spanish market." />
  <Value Id="STE" Name="GS1 Poland classification system" Description="Product classification system used in the Polish market." />
  <Value Id="STF" Name="Federal Agency on Technical Regulating and Metrology of the Russian Federation" Description="A Russian government agency that serves as a national standardization body of the Russian Federation." />
  <Value Id="STG" Name="Efficient Consumer Response (ECR) Austria classification system" Description="Product classification system used in the Austrian market." />
  <Value Id="STH" Name="GS1 Italy classification system" Description="Product classification system used in the Italian market." />
  <Value Id="STI" Name="CPV (Common Procurement Vocabulary)" Description="Official classification system for public procurement in the European Union." />
  <Value Id="STJ" Name="IFDA (International Foodservice Distributors Association)" Description="International Foodservice Distributors Association (IFDA)." />
  <Value Id="STK" Name="AHFS (American Hospital Formulary Service) pharmacologic - therapeutic classification" Description="Pharmacologic - therapeutic classification maintained by the American Hospital Formulary Service (AHFS)." />
  <Value Id="STL" Name="ATC (Anatomical Therapeutic Chemical) classification system" Description="Anatomical Therapeutic Chemical classification system maintained by the World Health Organisation (WHO)." />
  <Value Id="STM" Name="CLADIMED (Classification des Dispositifs M�dicaux)" Description="A five level classification system for medical decvices maintained by the CLADIMED organisation used in the French market." />
  <Value Id="STN" Name="CMDR (Canadian Medical Device Regulations) classification system" Description="Classification system related to the Canadian Medical Device Regulations maintained by Health Canada." />
  <Value Id="STO" Name="CNDM (Classificazione Nazionale dei Dispositivi Medici)" Description="A classification system for medical devices used in the Italian market." />
  <Value Id="STP" Name="UK DM&amp;D (Dictionary of Medicines &amp; Devices) standard coding scheme" Description="A classification system for medicines and devices used in the UK market." />
  <Value Id="STQ" Name="eCl@ss" Description="Standardized material and service classification and dictionary maintained by eClass e.V." />
  <Value Id="STR" Name="EDMA (European Diagnostic Manufacturers Association) Products Classification" Description="Classification for in vitro diagnostics medical devices maintained by the European Diagnostic Manufacturers Association." />
  <Value Id="STS" Name="EGAR (European Generic Article Register)" Description="A classification system for medical devices." />
  <Value Id="STT" Name="GMDN (Global Medical Devices Nomenclature)" Description="Nomenclature system for identification of medical devices officially apprroved by the European Union." />
  <Value Id="STU" Name="GPI (Generic Product Identifier)" Description="A drug classification system managed by Medi-Span." />
  <Value Id="STV" Name="HCPCS (Healthcare Common Procedure Coding System)" Description="A classification system used with US healthcare insurance programs." />
  <Value Id="STW" Name="ICPS (International Classification for Patient Safety)" Description="A patient safety taxonomy maintained by the World Health Organisation." />
  <Value Id="STX" Name="MedDRA (Medical Dictionary for Regulatory Activities)" Description="A medical dictionary maintained by the International Federation of Pharmaceutical Manufacturers and Associations (IFPMA)." />
  <Value Id="STY" Name="Medical Columbus" Description="Medical product classification system used in the German market." />
  <Value Id="STZ" Name="NAPCS (North American Product Classification System)" Description="Product classification system used in the North American market." />
  <Value Id="SUA" Name="NHS (National Health Services) eClass" Description="Product and Service classification system used in United Kingdom market." />
  <Value Id="SUB" Name="US FDA (Food and Drug Administration) Product Code Classification Database" Description="US FDA Product Code Classification Database contains medical device names and associated information developed by the Center for Devices and Radiological Health (CDRH)." />
  <Value Id="SUC" Name="SNOMED CT (Systematized Nomenclature of Medicine-Clinical Terms)" Description="A medical nomenclature system developed between the NHS and the College of American Pathologists." />
  <Value Id="SUD" Name="UMDNS (Universal Medical Device Nomenclature System)" Description="A standard international nomenclature and computer coding system for medical devices maintained by the Emergency Care Research Institute (ECRI)." />
  <Value Id="SUE" Name="GS1 Global Returnable Asset Identifier, non-serialised" Description="A unique, 13-digit number assigned according to the numbering structure of the GS1 system and used to identify a type of Reusable Transport Item (RTI)." />
  <Value Id="TG" Name="Transport group number" Description="(8012) Additional number to form article groups for packing and/or transportation purposes." />
  <Value Id="UA" Name="Ultimate customer's article number" Description="Number assigned by ultimate customer to identify relevant article." />
  <Value Id="UP" Name="UPC (Universal product code)" Description="Number assigned to a manufacturer's product by the Product Code Council." />
  <Value Id="VN" Name="Vendor item number" Description="Reference number assigned by a vendor/seller identifying a product/service/article." />
  <Value Id="VP" Name="Vendor's (seller's) part number" Description="Reference number assigned by a vendor/seller identifying an article." />
  <Value Id="VS" Name="Vendor's supplemental item number" Description="The item number is a specified by the vendor as a supplemental number for the vendor's purposes." />
  <Value Id="VX" Name="Vendor specification number" Description="The item number has been allocated by the vendor as a specification number." />
  <Value Id="ZZZ" Name="Mutually defined" Description="Item type identification mutually agreed between interchanging parties." />
</Root>