<?xml version="1.0" encoding="utf-8"?>
<Root xmlns:xsi="http://www.w3.org/2001/XMLSchema-instance" xmlns:xsd="http://www.w3.org/2001/XMLSchema" Id="7161" Name="Special service description code" Description="Code specifying a special service." Count="an..3">
  <Value Id="AA" Name="Advertising" Description="The service of providing advertising." />
  <Value Id="AAA" Name="Telecommunication" Description="The service of providing telecommunication activities and/or faclities." />
  <Value Id="AAC" Name="Technical modification" Description="The service of making technical modifications to a product." />
  <Value Id="AAD" Name="Job-order production" Description="The service of producing to order." />
  <Value Id="AAE" Name="Outlays" Description="The service of providing money for outlays on behalf of a trading partner." />
  <Value Id="AAF" Name="Off-premises" Description="The service of providing services outside the premises of the provider." />
  <Value Id="AAH" Name="Additional processing" Description="The service of providing additional processing." />
  <Value Id="AAI" Name="Attesting" Description="The service of certifying validity." />
  <Value Id="AAS" Name="Acceptance" Description="The service of accepting goods or services." />
  <Value Id="AAT" Name="Rush delivery" Description="The service to provide a rush delivery." />
  <Value Id="AAV" Name="Special construction" Description="The service of providing special construction." />
  <Value Id="AAY" Name="Airport facilities" Description="The service of providing airport facilities." />
  <Value Id="AAZ" Name="Concession" Description="The service allowing a party to use another party's facilities." />
  <Value Id="ABA" Name="Compulsory storage" Description="The service provided to hold a compulsory inventory." />
  <Value Id="ABB" Name="Fuel removal" Description="Remove or off-load fuel from vehicle, vessel or craft." />
  <Value Id="ABC" Name="Into plane" Description="Service of delivering goods to an aircraft from local storage." />
  <Value Id="ABD" Name="Overtime" Description="The service of providing labour beyond the established limit of working hours." />
  <Value Id="ABF" Name="Tooling" Description="The service of providing specific tooling." />
  <Value Id="ABK" Name="Miscellaneous" Description="Miscellaneous services." />
  <Value Id="ABL" Name="Additional packaging" Description="The service of providing  additional packaging." />
  <Value Id="ABN" Name="Dunnage" Description="The service of providing additional padding materials required to secure and protect a cargo within a shipping container." />
  <Value Id="ABR" Name="Containerisation" Description="The service of packing items into a container." />
  <Value Id="ABS" Name="Carton packing" Description="The service of packing items into a carton." />
  <Value Id="ABT" Name="Hessian wrapped" Description="The service of hessian wrapping." />
  <Value Id="ABU" Name="Polyethylene wrap packing" Description="The service of packing in polyethylene wrapping." />
  <Value Id="ACF" Name="Miscellaneous treatment" Description="Miscellaneous treatment service." />
  <Value Id="ACG" Name="Enamelling treatment" Description="The service of providing enamelling treatment." />
  <Value Id="ACH" Name="Heat treatment" Description="The service of treating with heat." />
  <Value Id="ACI" Name="Plating treatment" Description="The service of providing plating treatment." />
  <Value Id="ACJ" Name="Painting" Description="The service of painting." />
  <Value Id="ACK" Name="Polishing" Description="The service of polishing." />
  <Value Id="ACL" Name="Priming" Description="The service of priming." />
  <Value Id="ACM" Name="Preservation treatment" Description="The service of preservation treatment." />
  <Value Id="ACS" Name="Fitting" Description="Fitting service." />
  <Value Id="ADC" Name="Consolidation" Description="The service of consolidating multiple consignments into one shipment." />
  <Value Id="ADE" Name="Bill of lading" Description="The service of providing a bill of lading document." />
  <Value Id="ADJ" Name="Airbag" Description="The service of surrounding a product with an air bag." />
  <Value Id="ADK" Name="Transfer" Description="The service of transferring." />
  <Value Id="ADL" Name="Slipsheet" Description="The service of securing a stack of products on a slipsheet." />
  <Value Id="ADM" Name="Binding" Description="Binding service." />
  <Value Id="ADN" Name="Repair or replacement of broken returnable package" Description="The service of repairing or replacing a broken returnable package." />
  <Value Id="ADO" Name="Efficient logistics" Description="A code indicating efficient logistics services." />
  <Value Id="ADP" Name="Merchandising" Description="A code indicating that merchandising services are in operation." />
  <Value Id="ADQ" Name="Product mix" Description="A code indicating that product mixing services are in operation." />
  <Value Id="ADR" Name="Other services" Description="A code indicating that other non-specific services are in operation." />
  <Value Id="ADT" Name="Pick-up" Description="The service of picking up or collection of goods." />
  <Value Id="ADW" Name="Chronic illness" Description="The special services provided due to chronic illness." />
  <Value Id="ADY" Name="New product introduction" Description="A service provided by a buyer when introducing a new product from a suppliers range to the range traded by the buyer." />
  <Value Id="ADZ" Name="Direct delivery" Description="Direct delivery service." />
  <Value Id="AEA" Name="Diversion" Description="The service of diverting deliverables." />
  <Value Id="AEB" Name="Disconnect" Description="The service is a disconnection." />
  <Value Id="AEC" Name="Distribution" Description="Distribution service." />
  <Value Id="AED" Name="Handling of hazardous cargo" Description="A service for handling hazardous cargo." />
  <Value Id="AEF" Name="Rents and leases" Description="The service of renting and/or leasing." />
  <Value Id="AEH" Name="Location differential" Description="Delivery to a different location than previously contracted." />
  <Value Id="AEI" Name="Aircraft refueling" Description="Fuel being put into the aircraft." />
  <Value Id="AEJ" Name="Fuel shipped into storage" Description="Fuel being shipped into a storage system." />
  <Value Id="AEK" Name="Cash on delivery" Description="The provision of a cash on delivery (COD) service." />
  <Value Id="AEL" Name="Small order processing service" Description="A service related to the processing of small orders." />
  <Value Id="AEM" Name="Clerical or administrative services" Description="The provision of clerical or administrative services." />
  <Value Id="AEN" Name="Guarantee" Description="The service of providing a guarantee." />
  <Value Id="AEO" Name="Collection and recycling" Description="The service of collection and recycling products." />
  <Value Id="AEP" Name="Copyright fee collection" Description="The service of collecting copyright fees." />
  <Value Id="AES" Name="Veterinary inspection service" Description="The service of providing veterinary inspection." />
  <Value Id="AET" Name="Pensioner service" Description="Special service when the subject is a pensioner." />
  <Value Id="AEU" Name="Medicine free pass holder" Description="Special service when the subject holds a medicine free pass." />
  <Value Id="AEV" Name="Environmental protection service" Description="The provision of an environmental protection service." />
  <Value Id="AEW" Name="Environmental clean-up service" Description="The provision of an environmental clean-up service." />
  <Value Id="AEX" Name="National cheque processing service outside account area" Description="Service of processing a national cheque outside the ordering customer's bank trading area." />
  <Value Id="AEY" Name="National payment service outside account area" Description="Service of processing a national payment to a beneficiary holding an account outside the trading area of the ordering customer's bank." />
  <Value Id="AEZ" Name="National payment service within account area" Description="Service of processing a national payment to a beneficiary holding an account within the trading area of the ordering customer's bank." />
  <Value Id="AJ" Name="Adjustments" Description="The service of making adjustments." />
  <Value Id="AU" Name="Authentication" Description="The service of authenticating." />
  <Value Id="CA" Name="Cataloguing" Description="The provision of cataloguing services." />
  <Value Id="CAB" Name="Cartage" Description="Movement of goods by heavy duty cart or vehicle." />
  <Value Id="CAD" Name="Certification" Description="The service of certifying." />
  <Value Id="CAE" Name="Certificate of conformance" Description="The service of providing a certificate of conformance." />
  <Value Id="CAF" Name="Certificate of origin" Description="The service of providing a certificate of origin." />
  <Value Id="CAI" Name="Cutting" Description="The service of cutting." />
  <Value Id="CAJ" Name="Consular service" Description="The service provided by consulates." />
  <Value Id="CAK" Name="Customer collection" Description="The service of collecting goods by the customer." />
  <Value Id="CAL" Name="Payroll payment service" Description="Provision of a payroll payment service." />
  <Value Id="CAM" Name="Cash transportation" Description="Provision of a cash transportation service." />
  <Value Id="CAN" Name="Home banking service" Description="Provision of a home banking service." />
  <Value Id="CAO" Name="Bilateral agreement service" Description="Provision of a service as specified in a bilateral special agreement." />
  <Value Id="CAP" Name="Insurance brokerage service" Description="Provision of an insurance brokerage service." />
  <Value Id="CAQ" Name="Cheque generation" Description="Provision of a cheque generation service." />
  <Value Id="CAR" Name="Preferential merchandising location" Description="Service of assigning a preferential location for merchandising." />
  <Value Id="CAS" Name="Crane" Description="The service of providing a crane." />
  <Value Id="CAT" Name="Special colour service" Description="Providing a colour which is different from the default colour." />
  <Value Id="CAU" Name="Sorting" Description="The provision of sorting services." />
  <Value Id="CAV" Name="Battery collection and recycling" Description="The service of collecting and recycling batteries." />
  <Value Id="CAW" Name="Product take back fee" Description="The fee the consumer must pay the manufacturer to take back the product." />
  <Value Id="CD" Name="Car loading" Description="Car loading service." />
  <Value Id="CG" Name="Cleaning" Description="Cleaning service." />
  <Value Id="CS" Name="Cigarette stamping" Description="The service of providing cigarette stamping." />
  <Value Id="CT" Name="Count and recount" Description="The service of doing a count and recount." />
  <Value Id="DAB" Name="Layout/design" Description="The service of providing layout/design." />
  <Value Id="DAD" Name="Driver assigned unloading" Description="The service of unloading by the driver." />
  <Value Id="DL" Name="Delivery" Description="The service of providing delivery." />
  <Value Id="EG" Name="Engraving" Description="The service of providing engraving." />
  <Value Id="EP" Name="Expediting" Description="The service of expediting." />
  <Value Id="ER" Name="Exchange rate guarantee" Description="The service of guaranteeing exchange rate." />
  <Value Id="FAA" Name="Fabrication" Description="The service of providing fabrication." />
  <Value Id="FAB" Name="Freight equalization" Description="The service of load balancing." />
  <Value Id="FAC" Name="Freight extraordinary handling" Description="The service of providing freight's extraordinary handling." />
  <Value Id="FC" Name="Freight service" Description="The service of moving goods, by whatever means, from one place to another." />
  <Value Id="FH" Name="Filling/handling" Description="The service of providing filling/handling." />
  <Value Id="FI" Name="Financing" Description="The service of providing financing." />
  <Value Id="GAA" Name="Grinding" Description="The service of grinding." />
  <Value Id="HAA" Name="Hose" Description="The service of providing a hose." />
  <Value Id="HD" Name="Handling" Description="Handling service." />
  <Value Id="HH" Name="Hoisting and hauling" Description="The service of hoisting and hauling." />
  <Value Id="IAA" Name="Installation" Description="The service of installing." />
  <Value Id="IAB" Name="Installation and warranty" Description="The service of installing and providing warranty." />
  <Value Id="ID" Name="Inside delivery" Description="The service of providing delivery inside." />
  <Value Id="IF" Name="Inspection" Description="The service of inspection." />
  <Value Id="IR" Name="Installation and training" Description="The service of providing installation and training." />
  <Value Id="IS" Name="Invoicing" Description="The service of providing an invoice." />
  <Value Id="KO" Name="Koshering" Description="The service of preparing food in accordance with Jewish law." />
  <Value Id="L1" Name="Carrier count" Description="The service of counting by the carrier." />
  <Value Id="LA" Name="Labelling" Description="Labelling service." />
  <Value Id="LAA" Name="Labour" Description="The service to provide required labour." />
  <Value Id="LAB" Name="Repair and return" Description="The service of repairing and returning." />
  <Value Id="LF" Name="Legalisation" Description="The service of legalising." />
  <Value Id="MAE" Name="Mounting" Description="The service of mounting." />
  <Value Id="MI" Name="Mail invoice" Description="The service of mailing an invoice." />
  <Value Id="ML" Name="Mail invoice to each location" Description="The service of mailing an invoice to each location." />
  <Value Id="NAA" Name="Non-returnable containers" Description="The service of providing non-returnable containers." />
  <Value Id="OA" Name="Outside cable connectors" Description="The service of providing outside cable connectors." />
  <Value Id="PA" Name="Invoice with shipment" Description="The service of including the invoice with the shipment." />
  <Value Id="PAA" Name="Phosphatizing (steel treatment)" Description="The service of phosphatizing the steel." />
  <Value Id="PC" Name="Packing" Description="The service of packing." />
  <Value Id="PL" Name="Palletizing" Description="The service of palletizing." />
  <Value Id="RAB" Name="Repacking" Description="The service of repacking." />
  <Value Id="RAC" Name="Repair" Description="The service of repairing." />
  <Value Id="RAD" Name="Returnable container" Description="The service of providing returnable containers." />
  <Value Id="RAF" Name="Restocking" Description="The service of restocking." />
  <Value Id="RE" Name="Re-delivery" Description="The service of re-delivering." />
  <Value Id="RF" Name="Refurbishing" Description="The service of refurbishing." />
  <Value Id="RH" Name="Rail wagon hire" Description="The service of providing rail wagons for hire." />
  <Value Id="RV" Name="Loading" Description="The service of loading goods." />
  <Value Id="SA" Name="Salvaging" Description="The service of salvaging." />
  <Value Id="SAA" Name="Shipping and handling" Description="The service of shipping and handling." />
  <Value Id="SAD" Name="Special packaging" Description="The service of special packaging." />
  <Value Id="SAE" Name="Stamping" Description="The service of stamping." />
  <Value Id="SAI" Name="Consignee unload" Description="The service of unloading by the consignee." />
  <Value Id="SG" Name="Shrink-wrap" Description="The service of shrink-wrapping." />
  <Value Id="SH" Name="Special handling" Description="The service of special handling." />
  <Value Id="SM" Name="Special finish" Description="The service of providing a special finish." />
  <Value Id="SU" Name="Set-up" Description="The service of setting-up." />
  <Value Id="TAB" Name="Tank renting" Description="The service of providing tanks for hire." />
  <Value Id="TAC" Name="Testing" Description="The service of testing." />
  <Value Id="TT" Name="Transportation - third party billing" Description="The service of providing third party billing for transportation." />
  <Value Id="TV" Name="Transportation by vendor" Description="The service of providing transportation by the vendor." />
  <Value Id="V1" Name="Drop yard" Description="The service of delivering goods at the yard." />
  <Value Id="V2" Name="Drop dock" Description="The service of delivering goods at the dock." />
  <Value Id="WH" Name="Warehousing" Description="The service of storing and handling of goods in a warehouse." />
  <Value Id="XAA" Name="Combine all same day shipment" Description="The service of combining all shipments for the same day." />
  <Value Id="YY" Name="Split pick-up" Description="The service of providing split pick-up." />
  <Value Id="ZZZ" Name="Mutually defined" Description="A code assigned within a code list to be used on an interim basis and as defined among trading partners until a precise code can be assigned to the code list." />
</Root>