<?xml version="1.0" encoding="utf-8"?>
<Root xmlns:xsi="http://www.w3.org/2001/XMLSchema-instance" xmlns:xsd="http://www.w3.org/2001/XMLSchema" Id="7173" Name="Hierarchy object code qualifier" Description="Code qualifying an object in a hierarchy." Count="an..3">
  <Value Id="1" Name="Figure" Description="Hierarchy applying to figures (an illustration showing the components of an item)." />
  <Value Id="2" Name="Product" Description="Hierarchy applying to products." />
  <Value Id="3" Name="No hierarchy" Description="No hierarchy to be described." />
  <Value Id="4" Name="Data structures" Description="Objects are related in the hierarchy as data structures." />
  <Value Id="5" Name="Sub-assembly" Description="An item assembled from a number of component parts." />
  <Value Id="6" Name="Component part" Description="Part assembled with other items to produce an assembly." />
  <Value Id="7" Name="Technical drawing" Description="A structured view on how an item is composed." />
  <Value Id="8" Name="Financial institution details" Description="Hierarchy applies to financial institution details information." />
  <Value Id="9" Name="Financial data" Description="Hierarchy applies to financial data information." />
  <Value Id="10" Name="Party history" Description="Hierarchy applies to party history information." />
  <Value Id="11" Name="Entity identification" Description="Hierarchy applies to entity identification information." />
  <Value Id="12" Name="Business insurance" Description="Hierarchy applies to business insurance information." />
  <Value Id="13" Name="Credit appraisal" Description="Hierarchy applies to credit appraisal information." />
  <Value Id="14" Name="Location" Description="Hierarchy applies to location information." />
  <Value Id="15" Name="Management details" Description="Hierarchy applies to management details information." />
  <Value Id="16" Name="Operations" Description="Hierarchy applies to operations information." />
  <Value Id="17" Name="Payment handling" Description="Hierarchy applies to payment handling information." />
  <Value Id="18" Name="Public records" Description="Hierarchy applies to public records information." />
  <Value Id="19" Name="Real estate property" Description="Hierarchy applies to real estate property information." />
  <Value Id="20" Name="Related entities" Description="Hierarchy applies to related entities information." />
  <Value Id="21" Name="Data source" Description="Hierarchy applies to data source information." />
  <Value Id="22" Name="Equity holder" Description="Hierarchy applies to equity holder information." />
  <Value Id="23" Name="Summary evaluation" Description="Hierarchy applies to summary evaluation information." />
  <Value Id="24" Name="Report update" Description="The hierarchy applies to report update information." />
  <Value Id="25" Name="Party" Description="Hierarchy applying to parties." />
  <Value Id="26" Name="Central procurement party" Description="Hierarchy applying to a central procurement party." />
  <Value Id="27" Name="Quotation party" Description="Hierarchy applying to a quotation party." />
  <Value Id="28" Name="Operational group" Description="Hierarchy applying to an operational group." />
  <Value Id="29" Name="Juridical group" Description="Hierarchy applying to a juridical group." />
  <Value Id="30" Name="Loan information" Description="Hierarchy applies to loan information." />
  <Value Id="31" Name="Performance" Description="Hierarchy applies to performance." />
  <Value Id="32" Name="Historical performance" Description="Hierarchy applies to historical performance." />
  <Value Id="33" Name="Associated accessory" Description="The hierarchy applies to associated accessories." />
</Root>