<?xml version="1.0" encoding="utf-8"?>
<Root xmlns:xsi="http://www.w3.org/2001/XMLSchema-instance" xmlns:xsd="http://www.w3.org/2001/XMLSchema" Id="7187" Name="Process type description code" Description="Code specifying a type of process." Count="an..17">
  <Value Id="1" Name="Wood preparation" Description="A process to prepare wood." />
  <Value Id="2" Name="Causticizing" Description="Treatment with a caustic agent." />
  <Value Id="3" Name="Digesting" Description="A process of digesting." />
  <Value Id="4" Name="Brownstock washing" Description="Washing with brownstock." />
  <Value Id="5" Name="Bleaching" Description="Removing colour by treatment with an oxidizing agent (a bleach)." />
  <Value Id="6" Name="Pulp drying" Description="The process of drying pulp." />
  <Value Id="7" Name="Freezing" Description="Freezing process." />
  <Value Id="8" Name="Processing of structured information" Description="The information to be processed is in structured form." />
  <Value Id="9" Name="Processing of identical information in structured and unstructured form" Description="The information to be processed is identical and given in structured and unstructured form." />
  <Value Id="10" Name="Processing of different information in structured and unstructured form" Description="The information to be processed is different and is given in structured and unstructured form." />
  <Value Id="11" Name="Processing of unstructured information" Description="The information to be processed is in unstructured form." />
  <Value Id="12" Name="Slaughter" Description="Slaughter process." />
  <Value Id="13" Name="Packing" Description="Packing process." />
  <Value Id="14" Name="Heat sterilisation" Description="Treated by heat sterilisation." />
  <Value Id="15" Name="Chemical sterilisation" Description="Treated by chemical sterilisation." />
  <Value Id="16" Name="Fumigation" Description="Treated by fumigation." />
  <Value Id="17" Name="Irradiation" Description="Treated by irradiation." />
  <Value Id="18" Name="Fueling" Description="Fueling process." />
  <Value Id="19" Name="Acceptance of business conditions" Description="Code specifying the process of accepting the terms and conditions under which business will be conducted." />
  <Value Id="20" Name="Pathology service" Description="The provision of a pathology service." />
  <Value Id="21" Name="Radiology service" Description="The provision of a radiology service." />
  <Value Id="22" Name="Contribution payment" Description="The payment of a contribution." />
  <Value Id="23" Name="Clinical donation" Description="The process of providing a clinical donation." />
  <Value Id="24" Name="Medical general practice" Description="The provision of general medical services." />
  <Value Id="25" Name="Specialist medical service" Description="The provision of specialist medical services, other than pathology or radiology." />
  <Value Id="26" Name="Dispensing of medicine" Description="The process performed by a pharmacist to prepare and dispense medicine according to a prescription." />
  <Value Id="27" Name="Planning" Description="The process of developing plans." />
  <Value Id="28" Name="Trading" Description="The process of trading." />
  <Value Id="29" Name="Operating" Description="The process of operating." />
  <Value Id="30" Name="Metering" Description="The process of metering." />
  <Value Id="31" Name="Settlement" Description="The process of settling." />
  <Value Id="32" Name="Chilling" Description="To reduce a product's temperature to above 273K." />
  <Value Id="33" Name="Collecting" Description="To gather or extract from a number of persons or sources." />
  <Value Id="34" Name="Cutting" Description="To penetrate with or as if with an edged instrument." />
  <Value Id="35" Name="Harvesting" Description="To gather, catch, hunt, or kill." />
  <Value Id="36" Name="Inspecting" Description="To examine officially." />
  <Value Id="37" Name="Manufacturing" Description="To make from raw materials by hand or by machinery." />
  <Value Id="38" Name="Preserving" Description="To can, pickle, or similarly prepare for future use." />
  <Value Id="39" Name="Processing" Description="To subject to or handle through an established usually routine set of procedures." />
  <Value Id="40" Name="Producing" Description="To make produce by growing." />
  <Value Id="41" Name="Rendering (agriculture)" Description="To extract by melting in order to extract proteins, fats, and other usable parts." />
  <Value Id="42" Name="Sampling" Description="To take a sample of or from the product." />
  <Value Id="43" Name="Storing" Description="To place or leave in a location (as a warehouse, library, or computer memory) for preservation." />
  <Value Id="44" Name="Transferring" Description="To convey from one person, place, or situation to another." />
  <Value Id="45" Name="Treating" Description="To act upon e.g. with some agent." />
  <Value Id="46" Name="Grinding" Description="Treated by grinding." />
  <Value Id="47" Name="Addition of secondary inhibitors" Description="The process of adding secondary inhibitors." />
  <Value Id="48" Name="Metals recovery" Description="The process of recovering metals e.g. retorting, smelting, chemical process." />
  <Value Id="49" Name="Solvents recovery" Description="The process of recovering solvents e.g. distillation, extraction." />
  <Value Id="50" Name="Recovery for reuse" Description="The process of recovering (reclaiming) materials for reuse, e.g. acid regeneration, organics recovery." />
  <Value Id="51" Name="Incineration" Description="The process of destruction through the application of heat." />
  <Value Id="52" Name="On-site fuel recovery" Description="The process of recovering a material for reuse as a fuel on the same site." />
  <Value Id="53" Name="Fuel blending" Description="The process of blending fuels." />
  <Value Id="54" Name="Chemical reduction" Description="The process of chemical reduction." />
  <Value Id="55" Name="Cyanide destruction" Description="The process of destruction through the application of cyanide." />
  <Value Id="56" Name="Chemical oxidation" Description="The process of chemical oxidation." />
  <Value Id="57" Name="Wet air oxidation" Description="The process of wet air oxidation." />
  <Value Id="58" Name="Chemical precipitation" Description="The process of chemical precipitation." />
  <Value Id="59" Name="Biological treatment" Description="The process of biological treatment." />
  <Value Id="60" Name="Adsorption" Description="The process of adsorption." />
  <Value Id="61" Name="Air or steam stripping" Description="The process of air or steam stripping." />
  <Value Id="62" Name="Dewatering" Description="The process of removing water." />
  <Value Id="63" Name="Absorption" Description="The process of absorption." />
  <Value Id="64" Name="Stabilization" Description="The process of stabilization e.g. chemical fixation." />
  <Value Id="65" Name="Macro-encapsulation" Description="The process of macro-encapsulation." />
  <Value Id="66" Name="Neutralization" Description="The process of neutralization." />
  <Value Id="67" Name="Evaporation" Description="The process of evaporation." />
  <Value Id="68" Name="Phase separation" Description="The process of phase separation." />
  <Value Id="69" Name="Unspecified treatment" Description="Treatment without specification." />
  <Value Id="70" Name="Landfill or surface impoundment disposal" Description="The process of disposing waste as landfill or in a surface impoundment that will be closed as landfill." />
  <Value Id="71" Name="Deep well or underground injection" Description="The process of filling up a deep well or underground pocket." />
  <Value Id="72" Name="Discharge to sewer" Description="The process of discharging materials into the public sewer system." />
  <Value Id="73" Name="Collection and storage, temporary" Description="The process of collecting and temporarily storing objects." />
  <Value Id="74" Name="Cold treatment" Description="The process of cold treatment." />
  <Value Id="75" Name="Hot air treatment" Description="The process of hot air treatment." />
  <Value Id="76" Name="Hot water treatment" Description="The process of hot water treatment." />
  <Value Id="77" Name="Methyl bromide treatment" Description="The process of treating with methyl bromide." />
  <Value Id="78" Name="Phosphine treatment" Description="The process of treating with phosphine." />
  <Value Id="79" Name="Depulping" Description="The process of removing pulp." />
  <Value Id="80" Name="Manual removal" Description="The process of removing by hand." />
  <Value Id="81" Name="Sulfuryl fluoride fumigation" Description="The process of fumigating with sulfuryl fluoride." />
  <Value Id="82" Name="Steam treatment" Description="The process of treating with steam." />
  <Value Id="83" Name="Vapor heat" Description="The process of treating with vapor heat." />
  <Value Id="84" Name="Assembling" Description="The process of assembling." />
  <Value Id="85" Name="Boiling" Description="The process of boiling." />
  <Value Id="86" Name="Canning" Description="The process of sealing in an airtight container." />
  <Value Id="87" Name="Chipping" Description="The process of chipping." />
  <Value Id="88" Name="Cleaning" Description="The process of making clean." />
  <Value Id="89" Name="Coating" Description="The process of coating." />
  <Value Id="90" Name="Dehydration" Description="The process of dehydrating." />
  <Value Id="91" Name="Devitalization" Description="The process of devitalizing." />
  <Value Id="92" Name="Disinfection" Description="The process of disinfecting." />
  <Value Id="93" Name="Drying" Description="The process of drying." />
  <Value Id="94" Name="Dyeing" Description="The process of dyeing." />
  <Value Id="95" Name="Heat treatment" Description="The process of heat treatment." />
  <Value Id="96" Name="Husking" Description="The process of removing husk." />
  <Value Id="97" Name="Liquification" Description="The process of liquifying." />
  <Value Id="98" Name="Shelling" Description="The process of removing shells." />
  <Value Id="99" Name="Washing" Description="The process of washing." />
  <Value Id="100" Name="Land treatment or application" Description="The process of using bio remediation for treating waste e.g. Tilling the land for aerating the waste." />
  <Value Id="101" Name="Pasteurization" Description="A process of heating a food, usually liquid, to a specific temperature for a definite length of time, and then cooling it immediately." />
  <Value Id="ZZZ" Name="Mutually defined" Description="Process type mutually agreed between interchanging parties." />
</Root>