<?xml version="1.0" encoding="utf-8"?>
<Root xmlns:xsi="http://www.w3.org/2001/XMLSchema-instance" xmlns:xsd="http://www.w3.org/2001/XMLSchema" Id="7233" Name="Packaging related description code" Description="Code specifying information related to packaging." Count="an..3">
  <Value Id="1" Name="Product ingredients not marked on package" Description="The ingredients of the product are not marked on the packaging of the product." />
  <Value Id="2" Name="Product price not marked on packaging" Description="The product price is not marked on the packaging of the product." />
  <Value Id="3" Name="Product best before date not marked on product package" Description="The product best before date is not marked on the packaging of the product." />
  <Value Id="4" Name="Package not marked recyclable" Description="Package is not marked as recyclable." />
  <Value Id="5" Name="Promotional details marked" Description="A code indicating that promotional details have been marked on the package." />
  <Value Id="6" Name="Labeled according to general EAN.UCC specifications for clothing and fashion accessories" Description="The item is labeled according to the general EAN.UCC specifications for clothing and fashion accessories." />
  <Value Id="7" Name="Sell-by date marked on package" Description="The package is marked with the last date on which the item may be sold." />
  <Value Id="8" Name="Use-by date marked on package" Description="The package is marked with the last date on which the item may be used." />
  <Value Id="9" Name="Packaging / manufacturing date marked on package" Description="The package is marked with the date of the packaging or manufacturing of the item." />
  <Value Id="10" Name="No freshness date marked on package" Description="Package is not marked with any kind of date indicating freshness, such as use-by, best before or packaging date." />
  <Value Id="31" Name="Package best before date marked" Description="Package is marked with the product best before date." />
  <Value Id="32" Name="Package marked recyclable" Description="The package is marked recyclable." />
  <Value Id="33" Name="Package marked returnable" Description="The package is marked returnable." />
  <Value Id="34" Name="Product marking" Description="The information is related to product marking." />
  <Value Id="35" Name="Type of package" Description="The information is related to the type of package." />
  <Value Id="36" Name="Package specifications" Description="The information specifies the package." />
  <Value Id="37" Name="Package protection" Description="The information is related to protection of the package." />
  <Value Id="38" Name="Tarping" Description="The information describes how coverage with tarpaulins is to be provided." />
  <Value Id="39" Name="Platform/skid location" Description="The information describes the platform or skid location." />
  <Value Id="40" Name="Bearing piece location" Description="The information gives the location of the load bearing piece." />
  <Value Id="41" Name="Skid/pallet type" Description="The information describes the type of skid or pallet." />
  <Value Id="42" Name="Placement on carrier" Description="The information describes the placement on the carrier." />
  <Value Id="43" Name="Spacing directions" Description="Descriptions to be provided." />
  <Value Id="44" Name="Unloading device" Description="The information specifies the unloading device which must be used to handle the package." />
  <Value Id="45" Name="Unloading equipment" Description="The information specifies the unloading equipment which must be used to handle the package." />
  <Value Id="46" Name="Packing method" Description="The method used in packing the commodity, e.g. hermetically sealed, repacked in original container." />
  <Value Id="47" Name="Packing group I" Description="Substances presenting high danger." />
  <Value Id="48" Name="Packing group II" Description="Substances presenting medium danger." />
  <Value Id="49" Name="Packing group III" Description="Substances presenting low danger." />
  <Value Id="50" Name="Package barcoded EAN-13 or EAN-8" Description="The package is barcoded with EAN-13 or EAN-8 code." />
  <Value Id="51" Name="Package barcoded ITF-14 or ITF-6" Description="The package is barcoded with ITF-14 or ITF-6 code." />
  <Value Id="52" Name="Package barcoded UCC or EAN-128" Description="The package is barcoded with UCC or EAN-128 code." />
  <Value Id="53" Name="Package price marked" Description="The package is marked with the price." />
  <Value Id="54" Name="Product ingredients marked on package" Description="The ingredients of the product contained in a package are marked on that package." />
  <Value Id="55" Name="Core characteristics" Description="Specifies the characteristics of the core of the package." />
  <Value Id="56" Name="Shipping requirement" Description="The packaging as per shipping requirement." />
  <Value Id="57" Name="Customs requirement" Description="The packaging as per Customs requirement." />
  <Value Id="58" Name="Transport contract requirement" Description="The packaging as per transport contract requirement." />
  <Value Id="59" Name="Preservation method" Description="The packaging related information is for methods of preservation." />
  <Value Id="60" Name="Product marking pattern" Description="The information describes the pattern used to mark the product." />
  <Value Id="61" Name="Product marking location" Description="The information provides the location of the product marking." />
  <Value Id="62" Name="Package/container mark location" Description="The information provides the location of a package or container mark." />
  <Value Id="63" Name="Marking method" Description="The information details the marking method." />
  <Value Id="64" Name="Package never EPC tagged" Description="The package will never be tagged with an EPC (Electronic Product Code) transponder." />
  <Value Id="65" Name="Package sometimes EPC tagged" Description="The package will sometimes be tagged with an EPC (Electronic Product Code) transponder." />
  <Value Id="66" Name="Receiving facility limitations" Description="The information describes limitations which apply to a receiving facility." />
  <Value Id="67" Name="Tagging/bar code instructions" Description="The information provides instructions as to how a package is to be tagged or have a bar code applied to it." />
  <Value Id="68" Name="Shipping package labelling" Description="The labelling of a package in which goods are shipped." />
  <Value Id="69" Name="Shipping package sealing" Description="The sealing particulars of a package in which goods are shipped." />
  <Value Id="70" Name="Optional packaging procedure" Description="To indicate an optional procedure for packaging." />
  <Value Id="71" Name="Cleaning or drying specification" Description="Identification of the cleaning or drying specification." />
  <Value Id="72" Name="Cushioning thickness specification" Description="Identification of the cushioning thickness specification." />
  <Value Id="73" Name="Cushioning and dunnage specification" Description="Identification of the cushioning and dunnage specification." />
  <Value Id="74" Name="Level of preservation specification" Description="Identification of the level of preservation specification." />
  <Value Id="75" Name="Preservation material specification" Description="Identification of the preservation material specification." />
  <Value Id="76" Name="Unit container specification" Description="Identification of the unit container specification." />
  <Value Id="77" Name="Material wrapping specification" Description="Identification of the material wrapping specification." />
  <Value Id="78" Name="Package bar-coded and EPC tagged" Description="The package is bar-coded and tagged with an EPC (Electronic Product Code) transponder." />
  <Value Id="79" Name="Package EPC tagged only" Description="The package is tagged with an EPC (Electronic Product Code) transponder only." />
  <Value Id="80" Name="Marked with �display until date�" Description="Package is marked with the date by which the product should be removed from the display location." />
  <Value Id="81" Name="Package marked with a variable measure barcode" Description="The package is marked with a variable measure barcode." />
  <Value Id="82" Name="Package marked with fixed measure barcode." Description="The package is marked with a fixed measure barcode." />
</Root>