<?xml version="1.0" encoding="utf-8"?>
<Root xmlns:xsi="http://www.w3.org/2001/XMLSchema-instance" xmlns:xsd="http://www.w3.org/2001/XMLSchema" Id="7273" Name="Service requirement code" Description="Code specifying a service requirement." Count="an..3">
  <Value Id="1" Name="Carrier loads" Description="The cargo is loaded in the equipment by the carrier." />
  <Value Id="2" Name="Full loads" Description="Container to be stuffed or stripped under responsibility and for account of the shipper or the consignee." />
  <Value Id="3" Name="Less than full loads" Description="Container to be stuffed and stripped for account and risk of the carrier." />
  <Value Id="4" Name="Shipper loads" Description="The cargo is loaded in the equipment by the shipper." />
  <Value Id="5" Name="To be delivered" Description="The cargo is to be delivered as instructed." />
  <Value Id="6" Name="To be kept" Description="The cargo is to be retained awaiting further instructions." />
  <Value Id="7" Name="Transhipment allowed" Description="Transhipment of goods is allowed." />
  <Value Id="8" Name="Transhipment not allowed" Description="Transhipment of goods is not allowed." />
  <Value Id="9" Name="Partial shipment allowed" Description="Partial shipment is allowed." />
  <Value Id="10" Name="Partial shipment not allowed" Description="Partial shipment is not allowed." />
  <Value Id="11" Name="Partial shipment and/or drawing allowed" Description="Partial shipment and/or drawing is allowed." />
  <Value Id="12" Name="Partial shipment and/or drawing not allowed" Description="Partial shipment and/or drawing is not allowed." />
  <Value Id="13" Name="Carrier unloads" Description="The cargo is to be unloaded from the equipment by the carrier." />
  <Value Id="14" Name="Shipper unloads" Description="The cargo is to be unloaded from the equipment by the shipper." />
  <Value Id="15" Name="Consignee unloads" Description="The cargo is to be unloaded from the equipment by the consignee." />
  <Value Id="16" Name="Consignee loads" Description="The cargo is to be loaded in the equipment by the consignee." />
  <Value Id="17" Name="Exclusive usage of equipment" Description="Usage of the equipment is reserved for exclusive use." />
  <Value Id="18" Name="Non exclusive usage of equipment" Description="Usage of the equipment is not reserved for exclusive use." />
  <Value Id="19" Name="Direct delivery" Description="Consignment for direct delivery to the consignee." />
  <Value Id="20" Name="Direct pick-up" Description="Consignment for direct pick-up from the consignee." />
  <Value Id="21" Name="Request for delivery advice services" Description="The service provider is requested to advise about delivery." />
  <Value Id="22" Name="Do not arrange customs clearance" Description="Indication that the recipient of the message is not to arrange customs clearance." />
  <Value Id="23" Name="Arrange customs clearance" Description="Indication that the recipient of the message is to arrange customs clearance." />
  <Value Id="24" Name="Check container condition" Description="Condition of the container is to be checked." />
  <Value Id="25" Name="Damaged containers allowed" Description="Damaged containers are allowed." />
  <Value Id="26" Name="Dirty containers allowed" Description="Dirty containers are allowed." />
  <Value Id="27" Name="Fork lift holes not required" Description="Container needs not to be equipped with pocket holes, but they are allowed." />
  <Value Id="28" Name="Fork lift holes required" Description="Container must be equipped with pocket holes." />
  <Value Id="29" Name="Insure goods during transport" Description="Indication that the recipient of the message is to insure the goods during transport." />
  <Value Id="30" Name="Arrange main-carriage" Description="Indication that the recipient of the message is to arrange the main-carriage." />
  <Value Id="31" Name="Arrange on-carriage" Description="Indication that the recipient of the message is to arrange the on-carriage." />
  <Value Id="32" Name="Arrange pre-carriage" Description="Indication that the recipient of the message is to arrange the pre-carriage." />
  <Value Id="33" Name="Report container safety convention information" Description="Indication that the information on the Container Safety Convention plate (CSC-plate) should be reported." />
  <Value Id="34" Name="Check seals" Description="Sealing up of the container is to be checked." />
  <Value Id="35" Name="Container must be clean" Description="Container is to be released or delivered clean." />
  <Value Id="36" Name="Request for proof of delivery" Description="The service provider is requested to provide proof of delivery." />
  <Value Id="37" Name="Request for Customs procedure" Description="The service provider is requested to perform Customs procedure." />
  <Value Id="38" Name="Request for administration services" Description="The service provider is requested to perform administration services." />
  <Value Id="39" Name="Transport insulated under Intercontainer INTERFRIGO conditions" Description="Insulated transport under Intercontainer INTERFRIGO (joint European railways agreement) conditions." />
  <Value Id="40" Name="Transport mechanically refrigerated under Intercontainer INTERFRIGO conditions" Description="Mechanically refrigerated transport under Intercontainer INTERFRIGO (joint European railways agreement) conditions." />
  <Value Id="41" Name="Cool or freeze service, not under Intercontainer INTERFRIGO conditions" Description="Cool or freeze service not under Intercontainer INTERFRIGO (joint European railways agreement) conditions." />
  <Value Id="42" Name="Transhipment overseas" Description="Transport equipment is to be transferred overseas." />
  <Value Id="43" Name="Station delivery" Description="The specified equipment destination station is also the place of delivery of the goods." />
  <Value Id="44" Name="Non station delivery" Description="The specified equipment destination station is not the place of delivery of the goods." />
  <Value Id="45" Name="Cleaning or disinfecting" Description="The service required is cleaning or disinfection." />
  <Value Id="46" Name="Close ventilation valve" Description="The ventilation valve of the equipment must be closed." />
  <Value Id="47" Name="Consignment held for pick-up" Description="The consignment is to be held until it is picked up." />
  <Value Id="48" Name="Refrigeration unit check" Description="Refrigeration unit has to be checked." />
  <Value Id="49" Name="Customs clearance at arrival country by carrier" Description="The carrier is to arrange customs clearance in the arrival country." />
  <Value Id="50" Name="Customs clearance at departure country by carrier" Description="The carrier is to arrange customs clearance in the departure country." />
  <Value Id="51" Name="Heating for live animals" Description="Heating for live animals has to be provided." />
  <Value Id="52" Name="Goods humidification" Description="Humidification of the goods has to be performed." />
  <Value Id="53" Name="Ensure load is secure" Description="The load must be checked for correct stowage." />
  <Value Id="54" Name="Open ventilation valve" Description="The ventilation valve of the equipment must be opened." />
  <Value Id="55" Name="Phytosanitary control" Description="Phytosanitary control to be performed." />
  <Value Id="56" Name="Tare check by carrier" Description="Carrier must check the tare of the equipment and attached items." />
  <Value Id="57" Name="Temperature check" Description="The temperature must be checked." />
  <Value Id="58" Name="Weighing of goods" Description="The goods have to be weighed." />
  <Value Id="59" Name="Escort" Description="An escort is required." />
  <Value Id="60" Name="No escort" Description="An escort is not required." />
  <Value Id="61" Name="Request for berthing services" Description="Request for berthing services at a specific berth in the port area." />
  <Value Id="62" Name="Request for planned berth consideration" Description="Request to take into account the planned next berth(s) in the port area." />
  <Value Id="63" Name="Request for inbound passing services through port area" Description="Request for passing services through port area for an inbound voyage (from sea to hinterland) without requesting berth in the port area." />
  <Value Id="64" Name="Request for outbound passing services through port area" Description="Request for passing services through port area for an outbound voyage (from hinterland to sea) without requesting berth in the port area." />
</Root>