<?xml version="1.0" encoding="utf-8"?>
<Root xmlns:xsi="http://www.w3.org/2001/XMLSchema-instance" xmlns:xsd="http://www.w3.org/2001/XMLSchema" Id="7299" Name="Requirement designator code" Description="Code specifying the requirement designator." Count="an..3">
  <Value Id="1" Name="Conditional" Description="Object is conditional." />
  <Value Id="2" Name="Mandatory" Description="Object is mandatory." />
  <Value Id="3" Name="Optional" Description="Object is optional." />
  <Value Id="4" Name="Floating" Description="Object is floating, not at a pre-defined position within a message." />
  <Value Id="5" Name="Not used" Description="Object is not used." />
  <Value Id="6" Name="Required" Description="Object is required." />
  <Value Id="7" Name="Advised" Description="Object use is advised." />
  <Value Id="8" Name="Not advised" Description="Object use is not advised." />
  <Value Id="9" Name="Dependent" Description="Object use is dependent upon an additional condition or criteria." />
  <Value Id="10" Name="Default value" Description="Value to be used when no other value is specified." />
  <Value Id="11" Name="Preferred" Description="The value is preferred." />
</Root>