<?xml version="1.0" encoding="utf-8"?>
<Root xmlns:xsi="http://www.w3.org/2001/XMLSchema-instance" xmlns:xsd="http://www.w3.org/2001/XMLSchema" Id="7293" Name="Sector area identification code qualifier" Description="Code qualifying identification of a subject area." Count="an..3">
  <Value Id="1" Name="Construction industry" Description="The specified conditions apply within the construction industry." />
  <Value Id="2" Name="Governmental export conditions" Description="The specified conditions apply within the government export sector." />
  <Value Id="3" Name="Chemical industry" Description="The specified conditions apply within the chemical industry." />
  <Value Id="4" Name="Electronic industry" Description="The specified conditions apply within the electronics industry." />
  <Value Id="5" Name="Automotive industry" Description="The specified conditions apply within the automotive industry." />
  <Value Id="6" Name="Steel industry" Description="The specified conditions apply within the steel industry." />
  <Value Id="7" Name="Factoring" Description="Factoring industry." />
  <Value Id="8" Name="Defence industry" Description="A code to identify the defence industry." />
  <Value Id="9" Name="Alcohol beverage industry" Description="Alcohol beverage industry." />
  <Value Id="10" Name="Police" Description="Applies to police formalities." />
  <Value Id="11" Name="Customs" Description="Applies to customs regulations." />
  <Value Id="12" Name="Health regulation" Description="Applies to health regulation." />
  <Value Id="13" Name="Balance of payments" Description="Balance of payments." />
  <Value Id="14" Name="National legislation" Description="National regulations specified by the relevant government." />
  <Value Id="15" Name="Government" Description="To identify requirements and conditions applicable to government activity." />
  <Value Id="16" Name="Standards implementation" Description="Subject refers to standards implementation." />
  <Value Id="17" Name="Insurance" Description="The information is related to insurance." />
  <Value Id="18" Name="Credit inquiry" Description="Applies to credit inquiry." />
  <Value Id="19" Name="General request" Description="Applies to a general request." />
  <Value Id="20" Name="Payment terms" Description="Applies to payment terms." />
  <Value Id="21" Name="Reporting structure" Description="To identify requirements and conditions that apply to reporting structures." />
  <Value Id="22" Name="Legal filing amounts" Description="Subject applies to legal filing amounts." />
  <Value Id="23" Name="Electricity supply industry" Description="To identify the electricity supply industry." />
  <Value Id="24" Name="Aviation industry" Description="A code used to identify the aviation industry." />
  <Value Id="25" Name="Banking sector" Description="Conditions apply to the banking sector." />
  <Value Id="26" Name="Purchasing conditions" Description="Code indicating purchasing conditions." />
  <Value Id="27" Name="Gas supply industry" Description="To identify the gas supply industry." />
  <Value Id="28" Name="Garbage collection industry" Description="To identify the garbage collection industry." />
  <Value Id="29" Name="Cable television channel distribution industry" Description="To identify cable television (TV) channel distribution industry." />
  <Value Id="30" Name="Water distribution industry" Description="To identify the water distribution industry." />
</Root>