<?xml version="1.0" encoding="utf-8"?>
<Root xmlns:xsi="http://www.w3.org/2001/XMLSchema-instance" xmlns:xsd="http://www.w3.org/2001/XMLSchema" Id="7297" Name="Set type code qualifier" Description="Code qualifying the type of set." Count="an..3">
  <Value Id="1" Name="Product" Description="Identification of the product set." />
  <Value Id="2" Name="Licence" Description="Identification of the licence set." />
  <Value Id="3" Name="Package" Description="Related numbers identifying a package such as a bar code label number related to a kanban card number, etc." />
  <Value Id="4" Name="Vehicle reference set" Description="A code which indicates that the identities which follow are related to a particular vehicle which may have been previously identified." />
  <Value Id="5" Name="Source database" Description="The source database of the data in a data set." />
  <Value Id="6" Name="Target database" Description="The target database for the data in a data set." />
  <Value Id="7" Name="Value list" Description="A coded or non coded list of values." />
  <Value Id="8" Name="Contract" Description="The contract related item numbers." />
  <Value Id="9" Name="Financial security" Description="Financial security identifier set." />
  <Value Id="10" Name="Accounting" Description="A code to identify a set of numbers used for accounting." />
  <Value Id="11" Name="Project" Description="A set of numbers to identify a project." />
  <Value Id="12" Name="Work plan" Description="A set of numbers to identify a plan of work." />
  <Value Id="13" Name="Work schedule" Description="A set of numbers to identify a schedule of work." />
  <Value Id="14" Name="Resource" Description="A set of numbers to identify a resource." />
  <Value Id="15" Name="Milestone event" Description="A set of numbers to identify a milestone event." />
  <Value Id="16" Name="Interface work task" Description="A set of numbers to identify an interface work task." />
  <Value Id="17" Name="Work task constraint" Description="A set of numbers to identify a work task constraint." />
  <Value Id="18" Name="Data structure position number" Description="Position number(s) of a data structure's relevant components." />
</Root>