<?xml version="1.0" encoding="utf-8"?>
<Root xmlns:xsi="http://www.w3.org/2001/XMLSchema-instance" xmlns:xsd="http://www.w3.org/2001/XMLSchema" Id="7295" Name="Requirement or condition description identifier" Description="Code specifying a requirement or condition." Count="an..17">
  <Value Id="1" Name="Service provider determined service" Description="The service was determined by the service provider." />
  <Value Id="2" Name="All X-rays specifically requested" Description="All X-rays specifically requested." />
  <Value Id="3" Name="Not for comparison" Description="Not for comparison." />
  <Value Id="4" Name="Contiguous body area service with different set-up" Description="The service on contiguous body area that required different set-up." />
  <Value Id="5" Name="Non-contiguous body areas service" Description="The service was conducted on non-contiguous body areas." />
  <Value Id="6" Name="Three hours or more between services" Description="Three hours or more between the services." />
  <Value Id="7" Name="Left body part service" Description="Service was conducted on the left part of the body." />
  <Value Id="8" Name="Lost referral" Description="The referral has been lost." />
  <Value Id="9" Name="Necessary emergency and/or immediate treatment" Description="Treatment was necessary as it was an emergency and/or immediately required." />
  <Value Id="10" Name="Second visit in one day" Description="Second visit in one day." />
  <Value Id="11" Name="Separate procedure" Description="The procedure is separate." />
  <Value Id="12" Name="Not usual medical after-care" Description="Post treatment medical care which differs from the usual post treatment medical care." />
  <Value Id="13" Name="Right body part service" Description="Service was conducted on the right part of the body." />
</Root>