<?xml version="1.0" encoding="utf-8"?>
<Root xmlns:xsi="http://www.w3.org/2001/XMLSchema-instance" xmlns:xsd="http://www.w3.org/2001/XMLSchema" Id="7365" Name="Processing indicator description code" Description="Code specifying a processing indicator." Count="an..3">
  <Value Id="1" Name="Message content accepted" Description="Content of message is accepted." />
  <Value Id="2" Name="Message content rejected with comment" Description="Content of message is rejected, with comment." />
  <Value Id="3" Name="Message content rejected without comment" Description="Content of message is rejected, without comment." />
  <Value Id="4" Name="Goods released" Description="Specified goods have been released from Customs control." />
  <Value Id="5" Name="Goods required for examination" Description="Specified goods are required for examination." />
  <Value Id="6" Name="All documents or as specified to be produced" Description="All document, or documents as specified, to be produced." />
  <Value Id="7" Name="Goods detained" Description="Specified goods are detained." />
  <Value Id="8" Name="Goods may move under Customs transfer" Description="Specified goods may move under Customs transfer." />
  <Value Id="9" Name="Declaration accepted awaiting goods arrival" Description="Goods declaration is accepted, awaiting goods arrival." />
  <Value Id="10" Name="Declaration requested" Description="Declaration is requested." />
  <Value Id="11" Name="Pre-entry information" Description="Information for pre-entry of a goods declaration." />
  <Value Id="12" Name="Sender not allowed the message type" Description="The sender is not allowed to send the message type which was sent." />
  <Value Id="13" Name="Message type not supported" Description="The message type is not supported by the recipient." />
  <Value Id="14" Name="Error message" Description="Message conveys information on an error." />
  <Value Id="15" Name="Response after correction, correction approved" Description="Response after correction; correction has been approved." />
  <Value Id="16" Name="Response after correction, correction non approved" Description="Response after correction; correction has not been approved." />
  <Value Id="17" Name="Message received" Description="Message has been received." />
  <Value Id="18" Name="Request for clearance" Description="Request for clearance of the goods." />
  <Value Id="19" Name="Bulk goods" Description="Goods are in bulk." />
  <Value Id="20" Name="Cash payment deferred" Description="Commercial transaction will be paid by cash within a prescribed time frame." />
  <Value Id="21" Name="Unsolicited text" Description="Text is not solicited." />
  <Value Id="22" Name="Export" Description="Goods are being taken out of the Customs territory." />
  <Value Id="23" Name="Import" Description="Goods are being taken into a Customs territory." />
  <Value Id="24" Name="Transit" Description="Goods are transported under Customs control from one Customs office to another." />
  <Value Id="25" Name="Prohibited/restricted goods" Description="Goods are prohibited or restricted from import, export or transit by authority of Customs or another authority." />
  <Value Id="26" Name="Container quarantine" Description="(4412) Specification of the status of the goods and of the transport equipment (container) and any packaging/dunnage with respect to quarantine restrictions." />
  <Value Id="27" Name="Onward carriage: immediate export" Description="Movement type indicator: goods are being immediately taken out of the Customs territory." />
  <Value Id="28" Name="Transhipment" Description="Goods are / are not to be transhipped at place of discharge/transhipment place." />
  <Value Id="29" Name="Onward carriage: inland clearance" Description="Movement type indicator: goods are to move under Customs control to a Customs office where Customs formalities will be completed." />
  <Value Id="30" Name="Transaction will not be processed until action is taken by sender" Description="The transaction will not be processed, awaiting action by the sender." />
  <Value Id="31" Name="Transaction cannot be processed by the recipient" Description="Due to unknown reasons the transaction cannot be processed." />
  <Value Id="32" Name="Transaction accepted" Description="This transaction is accepted by the recipient application and is a single transaction within a multiple transaction message." />
  <Value Id="33" Name="Transaction rejected" Description="This transaction is rejected by the recipient application and is a single transaction within a multiple transaction message." />
  <Value Id="34" Name="Transaction awaiting processing" Description="This transaction is waiting to be processed by the recipient application and is a single transaction within a multiple transaction message." />
  <Value Id="35" Name="Transaction unknown" Description="This transaction is unknown by the recipient application and is a single transaction within a multiple transaction message." />
  <Value Id="36" Name="Changed information" Description="Processing of information to note that only changes to existing data are transmitted." />
  <Value Id="37" Name="Complete information" Description="Processing of information to note that complete data details (not just changes) are transmitted." />
  <Value Id="38" Name="Manual procedures" Description="An automated process to revert to manual procedures." />
  <Value Id="39" Name="Unrestow" Description="Reversal of a significant intentional restowage of cargo." />
  <Value Id="40" Name="Seal intact" Description="Container seal is intact prior to unpacking." />
  <Value Id="41" Name="Seal not intact" Description="Container seal is not intact prior to unpacking." />
  <Value Id="42" Name="Container equipment not damaged" Description="Container equipment is not damaged." />
  <Value Id="43" Name="Container equipment damaged" Description="Container equipment is damaged." />
  <Value Id="44" Name="Status of message" Description="Processing based on message status." />
  <Value Id="45" Name="Beneficiary's account number unknown" Description="The account number of the beneficiary is unknown." />
  <Value Id="46" Name="Payee's account number unknown" Description="The account number of the payee is unknown." />
  <Value Id="47" Name="Payer's account number unknown" Description="The account number of the payer is unknown." />
  <Value Id="48" Name="Correspondent bank not possible" Description="The correspondent bank is not a possible one." />
  <Value Id="49" Name="Execution date not possible" Description="The execution date cannot be met." />
  <Value Id="50" Name="Value date not possible" Description="The value date cannot be met." />
  <Value Id="51" Name="Currency code not possible" Description="The currency code does not exist." />
  <Value Id="52" Name="Invalid decimal number" Description="The decimal number is not valid." />
  <Value Id="53" Name="Orders executed (on)" Description="Confirmation that the orders have been executed." />
  <Value Id="54" Name="Transaction(s) effected and advised (on)" Description="Confirmation that the transaction(s) has(ve) been effected and advised." />
  <Value Id="55" Name="Not yet debited" Description="The amount(s) has(ve) not yet been debited." />
  <Value Id="56" Name="Beneficiary is unable to identify the transaction" Description="The transaction cannot be identified by the beneficiary." />
  <Value Id="57" Name="Restowage of cargo" Description="Intentional or unintentional restowage of cargo." />
  <Value Id="58" Name="Onward carriage: sea clearance" Description="Movement type indicator: goods are to move under customs control, by sea, to a customs office where formalities will be completed." />
  <Value Id="59" Name="Perishable goods" Description="Cargo is perishable." />
  <Value Id="60" Name="Fumigation" Description="Cargo has been fumigated." />
  <Value Id="61" Name="Transaction reason non reportable" Description="The reason for the transaction is non reportable (e.g. to the legal institution)." />
  <Value Id="62" Name="Reporting via a bank with forwarding abroad authorized" Description="The reason for the transaction can be forwarded by the customer's bank to the abroad bank." />
  <Value Id="63" Name="Reporting via a bank with forwarding abroad denied" Description="The reason for the transaction cannot be forwarded by the customer's bank to the abroad bank." />
  <Value Id="64" Name="Balance Of Payments complementary information is requested" Description="The message sender is requesting BOP (Balance Of Payments) complementary information to complete the BOP declaration to the legal institution." />
  <Value Id="65" Name="Direct reporting" Description="The report is made directly." />
  <Value Id="66" Name="Message content accepted, with comments" Description="The content of the message is accepted by the receiver, with comments." />
  <Value Id="67" Name="Message content partly accepted, with comments" Description="The content of the message is partly accepted by the receiver, with comments." />
  <Value Id="68" Name="Goods carried in container" Description="The goods are carried in a container." />
  <Value Id="69" Name="Goods not carried in container" Description="The goods are not carried in a container." />
  <Value Id="70" Name="Ship's stores declaration" Description="Indicates that the information to be processed as a ship's stores declaration." />
  <Value Id="71" Name="Unpack on premises" Description="Indicator to identify that the unpacking will be done at the premises." />
  <Value Id="72" Name="Beneficiary's financial information incorrect" Description="Financial information regarding the beneficiary is incorrect." />
  <Value Id="73" Name="Charge(s) details not correct" Description="The charge(s) details are not correct." />
  <Value Id="74" Name="Date(s) not correct" Description="The date(s) are not correct." />
  <Value Id="75" Name="Currency details incorrect" Description="Currency details are not correct." />
  <Value Id="76" Name="Monetary amount incorrect" Description="The monetary amount specified is incorrect." />
  <Value Id="77" Name="Payments sent correctly" Description="Confirmation that the payments have been sent correctly." />
  <Value Id="78" Name="Beneficiary has not received the funds" Description="The beneficiary has not received the funds as specified." />
  <Value Id="79" Name="Beneficiary received the funds late" Description="The beneficiary received the funds later than specified." />
  <Value Id="80" Name="Unjustified charges at beneficiary's side" Description="The beneficiary has been charged unjustified fees." />
  <Value Id="81" Name="Confirmation of authorization" Description="The authorization is confirmed." />
  <Value Id="82" Name="Beneficiary's account closed" Description="The account of the beneficiary is closed." />
  <Value Id="83" Name="Transaction execution pending" Description="The transaction is awaiting execution." />
  <Value Id="84" Name="Transaction rejected due to insufficient funds" Description="The transaction is rejected because of insufficient funds." />
  <Value Id="85" Name="Party identification not known" Description="The identification of the party is unknown." />
  <Value Id="86" Name="Beneficiary unknown" Description="The beneficiary indicated is unknown." />
  <Value Id="87" Name="Beneficiary's bank unknown" Description="The indicated beneficiary's bank is unknown." />
  <Value Id="88" Name="Precedence logic format" Description="To specify that the data represents a precedence logic processing format." />
  <Value Id="89" Name="Arrow logic format" Description="To specify that the data represents an arrow logic processing format." />
  <Value Id="90" Name="Bar-chart format" Description="To specify that the data represents a barchart processing format." />
  <Value Id="91" Name="Milestone format" Description="To specify that the data represents a milestone processing format." />
  <Value Id="92" Name="Line of balance format" Description="To specify that the data represents a line of balance processing format." />
  <Value Id="93" Name="Task list format" Description="To specify that the data represents a task list processing format." />
  <Value Id="94" Name="Delivery point driven scheduling method" Description="Scheduling method used when for a given delivery point a number of different products are to be delivered." />
  <Value Id="95" Name="Product driven scheduling method" Description="Scheduling method used when a given product is to be delivered to a number of different delivery points." />
  <Value Id="96" Name="Confirmation, payment sent as instructed" Description="Confirmation that the payment has been sent as instructed." />
  <Value Id="97" Name="Beneficiary has received funds" Description="The beneficiary has received the funds." />
  <Value Id="98" Name="Individual transaction over credit limit" Description="A transaction exceeds the credit limit for an individual transaction." />
  <Value Id="99" Name="Cumulative transactions exceed credit limit" Description="The grouped transactions exceed the credit limit." />
  <Value Id="100" Name="Transaction exceeds default credit limit" Description="The transaction exceeds a default credit limit." />
  <Value Id="101" Name="Transaction received and redirected to another bank and/or account" Description="The transaction has been received, but has been redirected to another bank and/or account." />
  <Value Id="102" Name="Potential duplicate of a previous payment" Description="The payment is a potential duplicate of a previous one." />
  <Value Id="103" Name="Cancellation pending" Description="A cancellation has been instructed but has not been actioned yet." />
  <Value Id="104" Name="Cancellation instruction too late to carry out" Description="An instruction to cancel has been received too late to be carried out." />
  <Value Id="105" Name="Invalid bank branch sort code" Description="The bank branch sort code is invalid." />
  <Value Id="106" Name="Invalid account number" Description="The account number is invalid." />
  <Value Id="107" Name="Transaction duplicates previous transaction" Description="The transaction duplicates a previous one." />
  <Value Id="108" Name="Transaction out of time limits" Description="Transaction received outside agreed time window." />
  <Value Id="109" Name="Invalid and/or incomplete name and address" Description="Name and address are invalid and/or incomplete." />
  <Value Id="110" Name="No name and address specified" Description="No name and address has been specified." />
  <Value Id="111" Name="No communication number specified" Description="No communication number has been specified." />
  <Value Id="112" Name="Bank branch number and/or details invalid" Description="The bank branch number and/or details are not valid." />
  <Value Id="113" Name="Message from ordering customer did not contain all data required" Description="The message received from the ordering customer did not contain all the required data." />
  <Value Id="114" Name="Date of cheque invalid" Description="The date provided on a cheque is invalid." />
  <Value Id="115" Name="Totals for transaction do not match details" Description="Figures for the total transaction do not match those provided for the individual lines of the transaction." />
  <Value Id="116" Name="Transaction different to normal" Description="A transaction whose details do not conform to the average details normally contained in the transaction." />
  <Value Id="117" Name="Method of payment invalid" Description="The method of payment is not valid." />
  <Value Id="118" Name="Ordering customer's payment order number invalid" Description="The payment order number issued by the ordering customer is invalid." />
  <Value Id="119" Name="Ordering customer's message control value invalid" Description="The control value provided by the ordering customer in the control totals segment is invalid." />
  <Value Id="120" Name="Ordering customer's message control quantity invalid" Description="The control quantity provided by the ordering customer in the control totals segment is invalid." />
  <Value Id="121" Name="Beneficiary's account frozen by legal authorities" Description="The beneficiary's account has been frozen by legal authorities." />
  <Value Id="122" Name="Invalid cancellation request because transaction already executed" Description="The request to cancel a transaction is invalid because the transaction has already been executed." />
  <Value Id="123" Name="Account holder specified by ordering customer is deceased" Description="The account holder detailed by the ordering customer is deceased." />
  <Value Id="124" Name="Ordering customer's instruction is a duplicate" Description="The ordering customer's instruction duplicates an instruction." />
  <Value Id="125" Name="Unauthorized message version" Description="The message version is unauthorized." />
  <Value Id="126" Name="Debtor's account unknown" Description="The debtor's account is not known." />
  <Value Id="127" Name="Health insurance exclusion condition may apply" Description="The patient's health insurance may not apply for certain services." />
  <Value Id="128" Name="Pre-existing condition warning indicator" Description="The condition may predate an event." />
  <Value Id="129" Name="Cancellation executed" Description="Cancellation has been executed." />
  <Value Id="130" Name="Bordereau ceded premium" Description="The bordereau should be processed as ceded premium." />
  <Value Id="131" Name="Bordereau open claims" Description="The bordereau items should be processed as open claims." />
  <Value Id="132" Name="Bordereau closed claims" Description="The bordereau items should be processed as closed claims." />
  <Value Id="133" Name="Bordereau settled claims" Description="The bordereau items should be processed as settled claims." />
  <Value Id="134" Name="Third party business" Description="Identification of a process associated with third party business." />
  <Value Id="135" Name="Parties are not related" Description="Indicates that the parties are not related." />
  <Value Id="136" Name="Parties related, affects price paid or payable" Description="Indicates that the parties are related and that the relationship affects the price paid or payable." />
  <Value Id="137" Name="Parties related, does not affect price" Description="Indicates that the parties are related, but the relationship does not affect the price paid or payable." />
  <Value Id="138" Name="Valuation based on price paid or payable without adjustments" Description="The valuation is to be based on the total payment made or to be made by the buyer to, or for the benefit of the seller for the imported goods, and includes all payments made as a condition of sale of the imported goods by the buyer to the seller, or by the buyer to a third party to satisfy an obligation of the seller." />
  <Value Id="139" Name="Valuation based on price paid or payable with adjustments" Description="The valuation is to be based on the total payment made or to be made by the buyer to, or for the benefit of the seller for the imported goods, and includes all payments made as a condition of sale of the imported goods by the buyer to the seller, or by the buyer to a third party to satisfy an obligation of the seller but requiring applicable adjustments." />
  <Value Id="140" Name="Valuation based on transaction value of identical goods" Description="Valuation is to be based on the transaction value of identical goods." />
  <Value Id="141" Name="Valuation based on transaction value of similar goods" Description="The valuation is to be based on transaction value of similar goods that is goods closely resembling the goods being valued in terms of component materials and characteristics or goods which are capable of performing the same functions and are commercially interchangeable with the goods being valued or goods which are produced in the same country as and by the producer of the goods being valued." />
  <Value Id="142" Name="Valuation based on deductive value of imported goods" Description="Valuation is to be based on the unit price at which the imported goods or identical or similar goods are sold to an unrelated buyer in the greatest aggregate quantity in the country of importation." />
  <Value Id="143" Name="Valuation based on computed value" Description="The valuation is to be based on the cost of production of the goods being valued, plus an amount for profit and general expenses usually reflected in sales from the country of exportation to the country of importation of goods of the same class or kind." />
  <Value Id="144" Name="Valuation based on the residual method" Description="Valuation is to be based on reasonable means consistent with the principles and general provisions of the Agreement, Article VII GATT and on the basis of available data (fallback method)." />
  <Value Id="145" Name="Valuation adjustment for price influence" Description="Valuation to be adjusted for price influence on account of relationship between buyer and seller." />
  <Value Id="146" Name="Valuation adjustment for royalties" Description="Valuation to be adjusted for royalties and licence fees related to the goods being valued that the buyer must pay, either directly or indirectly, as a condition of sale of the goods being valued, to the extent that such royalties and fees are not included in the price actually paid or payable." />
  <Value Id="147" Name="Valuation adjustment for assists" Description="Valuation to be adjusted for goods and services, where supplied directly or indirectly by the buyer free of charge or at reduced cost for use in connection with the production and sale for export of imported goods, to the extent that such value has not been included in the price actually paid or payable. E.g. tools, dies, moulds, design work, engineering services." />
  <Value Id="148" Name="Valuation adjustments for proceeds" Description="Value to be adjusted on the basis of value of any part of the proceeds of any subsequent resale, disposal or use of the imported goods that accrues, directly or indirectly, to the seller." />
  <Value Id="149" Name="Valuation adjustments for commissions" Description="Valuation to be adjusted for commissions and brokerage, except buying commissions as per Article 8 WTO Valuation Agreement." />
  <Value Id="150" Name="Valuation adjustments for insurance" Description="Valuation to be adjusted for insurance charges." />
  <Value Id="151" Name="Valuation adjustment for freight charges" Description="Value to be adjusted for the cost of transport of the imported goods to the place of importation." />
  <Value Id="152" Name="Valuation adjustment for handling charges" Description="Value to be adjusted for the costs of loading, unloading and handling charges associated with the delivery of the imported goods at the place of importation." />
  <Value Id="153" Name="Valuation adjustments for allowances" Description="Valuation to be adjusted for allowances." />
  <Value Id="154" Name="Valuation adjustments for other buyer-incurred costs" Description="Valuation to be adjusted for other reasons to the extent they are incurred by the buyer but are not included in the price actually paid or payable for the imported goods, such as the cost of containers which are treated as being one for customs purposes with the goods in question, the cost of packing whether for labour or materials, materials, components, parts and similar items incorporated in the imported goods." />
  <Value Id="155" Name="Mutually defined valuation adjustment" Description="Valuation adjustments as mutually agreed between the interchanging parties." />
  <Value Id="156" Name="Carrier split consignment" Description="The consignment was split by the carrier." />
  <Value Id="157" Name="Not carrier split consignment" Description="The consignment was not split by the carrier." />
  <Value Id="158" Name="Country of declaration within same customs or economic union as country of contract performance" Description="Indication that the country specified for the performance of a (contractual) obligation is within the same economic or Customs union as the country where the declaration is made." />
  <Value Id="159" Name="Country of declaration not within same customs or economic union as country of contract performance" Description="Indication that the country specified for the performance of a (contractual) obligation is not within the same economic or Customs union as the country where the declaration is made." />
  <Value Id="160" Name="Freight charges apportioned by weight" Description="Method of the proportional allocation of freight charges for each consignment in a multi consignment declaration where freight is apportioned by weight." />
  <Value Id="161" Name="Freight charges apportioned by value" Description="Method of the proportional allocation of freight charges for each consignment in a multi consignment declaration where freight is apportioned by value." />
  <Value Id="162" Name="Container compliant with the code of International Convention on Containers" Description="Indication that the container is compliant with the International Convention on Containers." />
  <Value Id="163" Name="Container not compliant with the code of International Convention on Containers" Description="Indication that the container is not compliant with the International Convention on Containers." />
  <Value Id="164" Name="Consignment arrived under customs control" Description="Indication that the consignment has arrived under customs control." />
  <Value Id="165" Name="Consignment not arrived under customs control" Description="Indication that the consignment has not arrived under customs control." />
  <Value Id="166" Name="Agent quality assurance level used" Description="Indicates that the agent quality assurance level is to be used." />
  <Value Id="167" Name="Agent quality assurance level not used" Description="Indicates that the agent quality assurance level is not to be used." />
  <Value Id="168" Name="Constituent element is active ingredient" Description="Indicates that the constituent element is one of the active ingredients." />
  <Value Id="169" Name="Constituent element is not an active ingredient" Description="Indicates that the constituent element is not one of the active ingredients." />
  <Value Id="170" Name="Goods not susceptible to fraud" Description="Goods not presenting increased risks of fraud in the course of a transit procedure in accordance with national law." />
  <Value Id="171" Name="Goods susceptible to fraud" Description="Goods presenting increased risks of fraud in the course of a transit procedure in accordance with national law." />
  <Value Id="172" Name="Goods conditionally susceptible to fraud" Description="Goods, in certain cases, presenting increased risks of fraud in the course of a transit procedure in accordance with national law." />
  <Value Id="173" Name="Information, verified" Description="The information has been verified." />
  <Value Id="174" Name="Information, not verified" Description="The information has not been verified." />
  <Value Id="175" Name="Freight charges apportioned by volume" Description="Method of the proportional allocation of freight charges for each consignment in a multi consignment declaration where freight is apportioned by volume." />
  <Value Id="ZZZ" Name="Mutually defined" Description="Mutually defined indicator." />
</Root>