<?xml version="1.0" encoding="utf-8"?>
<Root xmlns:xsi="http://www.w3.org/2001/XMLSchema-instance" xmlns:xsd="http://www.w3.org/2001/XMLSchema" Id="7383" Name="Surface or layer code" Description="Code specifying the surface or layer of an object." Count="an..3">
  <Value Id="1S" Name="Side one" Description="The location is side one." />
  <Value Id="2S" Name="Side two" Description="The location is side two." />
  <Value Id="AA" Name="On surface" Description="To indicate that the entity being specified is on the surface." />
  <Value Id="AB" Name="Off surface" Description="To indicate that the entity being specified is off the surface." />
  <Value Id="AC" Name="Soluble" Description="Specifies that the surface/layer/position being described is the soluble portion." />
  <Value Id="AD" Name="Opposite corners" Description="The surface or layer of the product being described is the opposite corners." />
  <Value Id="AE" Name="Corner Diagonals" Description="The surface or layer of the product being described are the corner diagonals." />
  <Value Id="AF" Name="Port" Description="The left-hand side (looking forward) of a ship, boat or aircraft." />
  <Value Id="AG" Name="Starboard" Description="The right-hand side (looking forward) of a ship, boat or aircraft." />
  <Value Id="AH" Name="Tooth facial surface" Description="Surface of a tooth directed toward the face and opposite the lingual surface." />
  <Value Id="AI" Name="Tooth incisal surface" Description="Surface of the tooth relating to the cutting edge of the anterior teeth, incisors or canines." />
  <Value Id="AJ" Name="Tooth distal surface" Description="Surface of the tooth toward the back of the dental arch, or away from the midline." />
  <Value Id="AK" Name="Tooth buccal surface" Description="Surface of the tooth pertaining to or around the cheek." />
  <Value Id="AL" Name="Tooth occlusal surface" Description="Surface of the tooth pertaining to the masticating surfaces of the posterior teeth." />
  <Value Id="AM" Name="Tooth lingual surface" Description="Surface of the tooth pertaining to or around the tongue." />
  <Value Id="AN" Name="Tooth mesial surface" Description="Surface of the tooth toward the midline of the dental arch." />
  <Value Id="BC" Name="Back of cab" Description="The location is at the back of the cab." />
  <Value Id="BS" Name="Both sides" Description="The location is both sides." />
  <Value Id="BT" Name="Bottom" Description="The location is on the bottom." />
  <Value Id="DF" Name="Dual fuel tank positions" Description="The location is in the dual fuel tank positions." />
  <Value Id="FR" Name="Front" Description="The location is in the front." />
  <Value Id="IN" Name="Inside" Description="The location is in the inside." />
  <Value Id="LE" Name="Left" Description="The location is on the left." />
  <Value Id="OA" Name="Overall" Description="The location is overall." />
  <Value Id="OS" Name="One side" Description="The location is on one side." />
  <Value Id="OT" Name="Outside" Description="The location is on the outside." />
  <Value Id="RI" Name="Right" Description="The location is on the right." />
  <Value Id="RR" Name="Rear" Description="The location is in the rear." />
  <Value Id="ST" Name="Spare tyre position" Description="The location is the spare tyre position." />
  <Value Id="TB" Name="Tank bottom" Description="The location is at the tank bottom." />
  <Value Id="TP" Name="Top" Description="The location is on the top." />
  <Value Id="TS" Name="Two sides" Description="The location is on two sides." />
  <Value Id="UC" Name="Under cab" Description="The location is under the cab." />
</Root>