<?xml version="1.0" encoding="utf-8"?>
<Root xmlns:xsi="http://www.w3.org/2001/XMLSchema-instance" xmlns:xsd="http://www.w3.org/2001/XMLSchema" Id="7405" Name="Object identification code qualifier" Description="Code qualifying the identification of an object." Count="an..3">
  <Value Id="AA" Name="House bill of lading" Description="A number that is used to identify goods from a freight forwarder/consolidator." />
  <Value Id="AB" Name="1st structure element name" Description="The first element in a series of elements that together define the structure of an object." />
  <Value Id="AC" Name="2nd structure element name" Description="The second element in a series of elements that together define the structure of an object." />
  <Value Id="AD" Name="3rd structure element name" Description="The third element in a series of elements that together define the structure of an object." />
  <Value Id="AE" Name="4th structure element name" Description="The fourth element in a series of elements that together define the structure of an object." />
  <Value Id="AF" Name="5th structure element name" Description="The fifth element in a series of elements that together define the structure of an object." />
  <Value Id="AG" Name="6th structure element name" Description="The sixth element in a series of elements that together define the structure of an object." />
  <Value Id="AH" Name="7th structure element name" Description="The seventh element in a series of elements that together define the structure of an object." />
  <Value Id="AI" Name="8th structure element name" Description="The eighth element in a series of elements that together define the structure of an object." />
  <Value Id="AJ" Name="9th structure element name" Description="The ninth element in a series of elements that together define the structure of an object." />
  <Value Id="AK" Name="Data set" Description="The identity of a data set." />
  <Value Id="AL" Name="Kanban card identifier" Description="[1420] Reference number to identify a kanban card." />
  <Value Id="AM" Name="Level number" Description="Level number in a hierarchy or other structure." />
  <Value Id="AN" Name="Manufacturing reference number" Description="A unique number identifying a particular assembly or other manufacturing process." />
  <Value Id="AO" Name="Position number in package" Description="A number to identify the position within a package according to agreed rules between partners." />
  <Value Id="AP" Name="Product" Description="A name or number which identifies a product." />
  <Value Id="AQ" Name="Release number" Description="Number assigned to a release." />
  <Value Id="AR" Name="Statistical concept" Description="Statistical concept." />
  <Value Id="AS" Name="Table" Description="A table of items e.g. figures and text represented in rows and columns." />
  <Value Id="AT" Name="Transport packing group number" Description="Number identifying a group of articles in a predescribed unit load for shipment/dispatch as agreed between partners." />
  <Value Id="AU" Name="Value list" Description="A coded or non coded list of values." />
  <Value Id="AV" Name="Value list subset" Description="A subset of a coded or non coded list of values." />
  <Value Id="AW" Name="Serial shipping container code" Description="A single unique serial number which identifies shipping containers or shipping packages." />
  <Value Id="AX" Name="Case number" Description="A code to identify the number assigned to a given case." />
  <Value Id="AY" Name="Financial security identification number" Description="Identification number of a financial security." />
  <Value Id="AZ" Name="Compact disk player security code number" Description="The security code number of the compact disk player." />
  <Value Id="BA" Name="Question in questionnaire" Description="The identity number of a question in a questionnaire." />
  <Value Id="BB" Name="Questionnaire" Description="The identification of a questionnaire." />
  <Value Id="BC" Name="Check digit" Description="The check digit of the primary number." />
  <Value Id="BD" Name="Vehicle telephone identification number" Description="The number which identifies the telephone equipment fitted to the vehicle." />
  <Value Id="BE" Name="Batch excluded" Description="Products manufactured in Batch not to be included in consignment." />
  <Value Id="BF" Name="Door key number" Description="The number on the key that fits the door lock." />
  <Value Id="BG" Name="Fleet number" Description="The number of the fleet to which a vehicle is assigned." />
  <Value Id="BH" Name="Ignition key number" Description="The number on the key that fits the ignition lock." />
  <Value Id="BI" Name="Radio security code number" Description="The security code number of the radio." />
  <Value Id="BK" Name="Fleet vehicle unit number" Description="The unit number of the vehicle within the fleet allocated by the fleet operator." />
  <Value Id="BL" Name="Vehicle registration number" Description="The registration number of the vehicle." />
  <Value Id="BM" Name="Accounting Classification Reference Number (ACRN)" Description="A reference number identifying the accounting classification." />
  <Value Id="BN" Name="Serial number" Description="Identification number of an item which distinguishes this specific item out of a number of identical items." />
  <Value Id="BO" Name="Fund" Description="A code identifying a fund." />
  <Value Id="BP" Name="Special Accounting Classification Reference Number (ACRN)" Description="A reference number identifying a special accounting classification." />
  <Value Id="BQ" Name="Project" Description="A code identifying a project." />
  <Value Id="BR" Name="Transportation Account Code (TAC)" Description="A code identifying a transportation account." />
  <Value Id="BS" Name="Financial details" Description="A code identifying financial details for accounting." />
  <Value Id="BT" Name="Account manager" Description="A code identifying the account manager." />
  <Value Id="BU" Name="Package buyer assigned identifier" Description="[1438] Unique number allocated by the buyer to identify an individual package." />
  <Value Id="BV" Name="Predecessor constraint" Description="Identity number is a predecessor constraint." />
  <Value Id="BW" Name="Successor constraint" Description="Identity number is a successor constraint." />
  <Value Id="BX" Name="Batch number" Description="Unique number affixed by manufacturer to a batch of products produced under similar conditions." />
  <Value Id="BY" Name="Person identity number" Description="The identity number of a person." />
  <Value Id="BZ" Name="Health-care professional identity number" Description="The identity number of a health-care professional." />
  <Value Id="CA" Name="Private institution identity number" Description="The identity number of a private institution." />
  <Value Id="CB" Name="Public institution identity number" Description="The identity number of a public institution." />
  <Value Id="CC" Name="Tree structure" Description="The identity number of a structure containing two or more objects linked in a hierarchy." />
  <Value Id="CD" Name="Tree structure subset" Description="The identity number of a subset of a structure containing two or more objects linked in a hierarchy." />
  <Value Id="CE" Name="Link set" Description="The identity number of a set of links." />
  <Value Id="CF" Name="Organisation chart" Description="The identity number of an organisation chart." />
  <Value Id="CG" Name="Healthcare provider number (non-government)" Description="Identity number assigned to a healthcare provider by a non-government body." />
  <Value Id="CH" Name="Primary patient identification number" Description="Primary number identifying a patient." />
  <Value Id="CI" Name="Insurer identification number" Description="A unique identifier assigned to an insurer." />
  <Value Id="CJ" Name="Hospital issued healthcare provider number" Description="Identity number of a healthcare service provider issued by a hospital." />
  <Value Id="CK" Name="Healthcare practice identification number" Description="Uniquely identifies the practice in which one or more healthcare providers conduct business." />
  <Value Id="CL" Name="Agent identification number" Description="A unique identifier assigned to an agent." />
  <Value Id="CM" Name="Insurer group identification number" Description="The identification number of the insurer's group." />
  <Value Id="CN" Name="Chassis number" Description="Unique number affixed by manufacturer to a chassis for identification purposes." />
  <Value Id="CO" Name="Invoice number" Description="Number assigned to the invoice." />
  <Value Id="CP" Name="Account number" Description="Account identification number." />
  <Value Id="CQ" Name="Internal control number" Description="Control number assigned for internal use." />
  <Value Id="CR" Name="Policy number" Description="Number uniquely identifying a policy." />
  <Value Id="CS" Name="Attribute set" Description="A set of attributes." />
  <Value Id="CT" Name="Footnote set" Description="A set of footnotes." />
  <Value Id="CU" Name="GS1 Global Individual Asset Identifier" Description="Unique number, consisting of the GS1 Company Prefix and an Individual Asset Reference." />
  <Value Id="CV" Name="Legband" Description="A band attached to the leg of a live animal to uniquely identify the animal." />
  <Value Id="CW" Name="Authority registered number" Description="A number registered by an authority to identify a particular commodity or goods." />
  <Value Id="CX" Name="Identification tag, affixed" Description="An identification tag affixed to a commodity or goods, e.g. livestock." />
  <Value Id="CY" Name="Identification tattoo" Description="A tattooed identification, e.g. on livestock." />
  <Value Id="CZ" Name="Identification wingband" Description="An identification band attached to the wing of a bird." />
  <Value Id="DA" Name="GS1 Global Returnable Asset Identifier, without serial number" Description="A unique number, consisting of a fixed 13-digits part. It allows the unique identification of a particular type of Returnable Asset." />
  <Value Id="DB" Name="GS1 Global Returnable Asset Identifier, with serial number" Description="A unique number, consisting of a fixed 13-digits part and a mandatory Serial Number of up to 16 digits. The fixed part allows for the unique identification of a particular kind of Returnable Asset, the second part is assigned to distinguish individual assets within a given Returnable Asset type." />
  <Value Id="EE" Name="Engine number" Description="Unique number affixed by manufacturer to an engine for identification purposes." />
  <Value Id="EM" Name="Emulsion number" Description="Manufacturer assigned reference to a photographic product indicating sensitivity." />
  <Value Id="IL" Name="Invoice line number" Description="Sequential numerical assignment to identical invoiced goods which are subject to the same conditions of sale." />
  <Value Id="ML" Name="Marking/label number" Description="The number on the marking or label." />
  <Value Id="PN" Name="Part number" Description="Manufacturer-assigned reference to a product part." />
  <Value Id="SC" Name="Secondary Customs tariff number" Description="Indicate (e.g. in segment GIR) the secondary (sub-) level of a Customs tariff number." />
  <Value Id="VV" Name="Vehicle identity number" Description="Unique serial number assigned by the manufacturer that distinguishes one vehicle from another." />
  <Value Id="VW" Name="Skid number" Description="A number identifying a skid or pallet." />
  <Value Id="VX" Name="Authorisation" Description="Official approval." />
  <Value Id="VY" Name="Insurance policy" Description="Contract of insurance." />
  <Value Id="VZ" Name="Transport unit identification according to ISO/IEC 15459" Description="The identification of a transport unit according to ISO/IEC 15459 (ISO: International Organization for Standardization. IEC: International Electrotechnical Commission)." />
  <Value Id="WA" Name="Indivisible transport unit according to ISO/IEC 15459" Description="The identification of an indivisible transport unit according to ISO/IEC 15459 (ISO: International Organization for Standardization. IEC: International Electrotechnical Commission)." />
  <Value Id="WB" Name="Divisible transport unit according to ISO/IEC 15459" Description="The identification of a divisible transport unit according to ISO/IEC 15459 (ISO: International Organization for Standardization. IEC: International Electrotechnical Commission)." />
  <Value Id="ZZZ" Name="Mutually defined" Description="Object identification mutually agreed between interchanging parties." />
</Root>