<?xml version="1.0" encoding="utf-8"?>
<Root xmlns:xsi="http://www.w3.org/2001/XMLSchema-instance" xmlns:xsd="http://www.w3.org/2001/XMLSchema" Id="7431" Name="Agreement type code qualifier" Description="Code qualifying the type of agreement." Count="an..3">
  <Value Id="1" Name="Type of participation" Description="The subject of the agreement is the type of participation." />
  <Value Id="2" Name="Credit cover agreement" Description="Agreement on protection against risk of credit losses on sales to buyers." />
  <Value Id="3" Name="Cedent's treaty identifier" Description="Identifies the treaty as assigned by the cedent." />
  <Value Id="4" Name="Reinsurer's treaty identifier" Description="Identifies the treaty as assigned by the reinsurer." />
  <Value Id="5" Name="Type of contract letting" Description="The type of agreement needed to specify construction works tendered out as public or restricted." />
  <Value Id="6" Name="Contract breakdown type" Description="The type of contract breakdown." />
  <Value Id="7" Name="Contractor responsibility and liability structure" Description="The way the contractor(s) are structured to perform a contract for the purpose of responsibility and liability." />
  <Value Id="8" Name="Health insurance cover agreement" Description="Agreement on health insurance coverage." />
  <Value Id="9" Name="Contract" Description="The type of agreement is a contract." />
  <Value Id="10" Name="Social security cover agreement" Description="Agreement on social security cover." />
  <Value Id="11" Name="Grid connection contract" Description="Contract for connection to a grid." />
  <Value Id="12" Name="Power supply contract" Description="Contract for supply of power." />
</Root>