<?xml version="1.0" encoding="utf-8"?>
<Root xmlns:xsi="http://www.w3.org/2001/XMLSchema-instance" xmlns:xsd="http://www.w3.org/2001/XMLSchema" Id="7495" Name="Object type code qualifier" Description="Code qualifying a type of object." Count="an..3">
  <Value Id="1" Name="Value list" Description="A coded or non coded list of values." />
  <Value Id="2" Name="Name value in list" Description="A specific name value in a list." />
  <Value Id="3" Name="Footnote" Description="Explanatory note." />
  <Value Id="4" Name="Code value" Description="A specific code value in a value list." />
  <Value Id="5" Name="Data set structure" Description="A data set structure definition." />
  <Value Id="6" Name="Statistical concept" Description="A statistical concept." />
  <Value Id="7" Name="Array segment presentation" Description="The way the array is presented in the segment containing the array data." />
  <Value Id="8" Name="Data set scope" Description="The scope definition of a data set." />
  <Value Id="9" Name="Message number assigned by party" Description="The identity given to a message by a specified party." />
  <Value Id="10" Name="Linked source tree structure level" Description="A level in a tree structure that is the source level in a link." />
  <Value Id="11" Name="Linked source tree structure" Description="A structure containing two or more objects in a hierarchy that is the source structure in a link." />
  <Value Id="12" Name="Linked source item" Description="An item that is the source item in a link." />
  <Value Id="13" Name="Linked target tree structure level" Description="A level in a tree structure that is the target level in a link." />
  <Value Id="14" Name="Linked target tree structure" Description="A structure containing two or more objects in a hierarchy that is the target structure in a link." />
  <Value Id="15" Name="Linked target item" Description="An item that is the target item in a link." />
  <Value Id="16" Name="Work breakdown structure" Description="The index used to identify the reporting structure references assigned to work tasks." />
  <Value Id="17" Name="Organization breakdown structure" Description="The index used to identify the reporting structure references that indicate who is responsible for getting work done and who is performing work." />
  <Value Id="18" Name="Cost element structure" Description="The index used to identify the reporting structure references assigned to cost elements or resources used to perform work." />
  <Value Id="19" Name="Coded attribute" Description="An attribute that is coded." />
  <Value Id="20" Name="Uncoded attribute" Description="An attribute that is uncoded." />
  <Value Id="21" Name="Package" Description="The object being maintained is a package." />
  <Value Id="22" Name="Tool" Description="The object being maintained is a tool." />
  <Value Id="23" Name="Equipment" Description="The object being maintained is a piece of equipment." />
  <Value Id="24" Name="Transaction" Description="The object is a transaction." />
</Root>