<?xml version="1.0" encoding="utf-8"?>
<Root xmlns:xsi="http://www.w3.org/2001/XMLSchema-instance" xmlns:xsd="http://www.w3.org/2001/XMLSchema" Id="7497" Name="Structure component function code qualifier" Description="Code qualifying the function of a structure component." Count="an..3">
  <Value Id="1" Name="Array time dimension" Description="A time dimension of an array." />
  <Value Id="2" Name="Value list" Description="A coded or non coded list of values." />
  <Value Id="3" Name="Array cell" Description="Cell of an array." />
  <Value Id="4" Name="Array dimension" Description="Dimension of an array." />
  <Value Id="5" Name="Tree structure" Description="A tree structure containing hierarchical levels." />
  <Value Id="6" Name="Tree structure link" Description="A link between two related tree structures." />
  <Value Id="7" Name="Tree structure level" Description="A hierarchical level of a tree structure." />
  <Value Id="8" Name="Tree structure level link." Description="A link between two related hierarchical levels of a tree structure." />
  <Value Id="9" Name="Structure item" Description="An item in a structure." />
  <Value Id="10" Name="Structure item link" Description="A link between two related items in a structure." />
  <Value Id="11" Name="Statistical time series indicator" Description="To specify a component function as a statistical time series indicator." />
  <Value Id="12" Name="Attribute" Description="To specify a component function as an attribute." />
</Root>