<?xml version="1.0" encoding="utf-8"?>
<Root xmlns:xsi="http://www.w3.org/2001/XMLSchema-instance" xmlns:xsd="http://www.w3.org/2001/XMLSchema" Id="8025" Name="Conveyance call purpose description code" Description="Code specifying the purpose of the conveyance call." Count="an..3">
  <Value Id="1" Name="Cargo operations" Description="Discharging and/or loading of cargo." />
  <Value Id="2" Name="Passenger movement" Description="Embarking and/or disembarking of passengers." />
  <Value Id="3" Name="Taking bunkers" Description="Taking bunker (refuelling)." />
  <Value Id="4" Name="Changing crew" Description="Changing crew member(s)." />
  <Value Id="5" Name="Goodwill visit" Description="Friendly visit." />
  <Value Id="6" Name="Taking supplies" Description="Taking supplies." />
  <Value Id="7" Name="Repair" Description="To effect repair." />
  <Value Id="8" Name="Laid-up" Description="Inactive service." />
  <Value Id="9" Name="Awaiting orders" Description="Awaiting job order." />
  <Value Id="10" Name="Miscellaneous" Description="Miscellaneous purpose of call." />
  <Value Id="11" Name="Crew movement" Description="Embarking and/or disembarking of crews." />
  <Value Id="12" Name="Cruise, leisure and recreation" Description="To visit a port for cruise, leisure and recreation." />
  <Value Id="13" Name="Under government order" Description="This is a visit to a port which has been ordered by government." />
  <Value Id="14" Name="Quarantine inspection" Description="To have a quarantine inspection." />
  <Value Id="15" Name="Refuge" Description="To seek protection against something unpleasant and/or threatening such as bad weather or danger." />
  <Value Id="16" Name="Unloading cargo" Description="Discharging of cargo from the means of transport." />
  <Value Id="17" Name="Loading cargo" Description="Loading of cargo onto the means of transport." />
  <Value Id="18" Name="Repair in dry dock" Description="Vessel to undergo repair in a dry dock." />
  <Value Id="19" Name="Repair in wet dock" Description="Repair of a vessel in a dock without removing the surrounding water." />
  <Value Id="20" Name="Cargo tank cleaning" Description="Cargo tanks of the means of transport will be cleaned." />
  <Value Id="21" Name="Means of transport customs clearance" Description="Means of transport will be customs cleared." />
  <Value Id="22" Name="De-gassing" Description="Means of transport will be de-gassed." />
  <Value Id="23" Name="Waste disposal" Description="Means of transport will dispose of her waste." />
</Root>