<?xml version="1.0" encoding="utf-8"?>
<Root xmlns:xsi="http://www.w3.org/2001/XMLSchema-instance" xmlns:xsd="http://www.w3.org/2001/XMLSchema" Id="8053" Name="Equipment type code qualifier" Description="Code qualifying a type of equipment." Count="an..3">
  <Value Id="AA" Name="Ground equipment" Description="Ground equipment being fuelled or serviced." />
  <Value Id="AB" Name="Chain" Description="Chain used in the securing of cargo." />
  <Value Id="AD" Name="Temperature recorder" Description="Temperature recorder to provide a record of the actual temperature." />
  <Value Id="AE" Name="Body trailer" Description="The part of the vehicle where the cargo is loaded." />
  <Value Id="AG" Name="Slipsheet" Description="A cardboard platform used for holding product for storage or transportation." />
  <Value Id="AH" Name="No special equipment needed" Description="A code to indicate that there is no special equipment needed." />
  <Value Id="AI" Name="Vessel hold" Description="A compartment forming part of a transport vessel." />
  <Value Id="AJ" Name="Flat rack" Description="Type of open container used for carrying objects." />
  <Value Id="AK" Name="Aircraft" Description="To indicate that the equipment is an aircraft." />
  <Value Id="AL" Name="Medical device" Description="A device used for medical purposes." />
  <Value Id="AM" Name="Refrigerated container" Description="A refrigerated (reefer) container that is actively cooling the product." />
  <Value Id="AN" Name="Synthetic pallet 80*120cm" Description="A pallet with standard dimensions 80*120 centimetres made of synthetic material." />
  <Value Id="AO" Name="Synthetic pallet 100*120cm" Description="A standard pallet with standard dimensions 100*120 centimetres made of synthetic material." />
  <Value Id="AP" Name="Clothing hanger rack" Description="Equipment used to store and transport clothing in a hanging position." />
  <Value Id="AQ" Name="Road/rail trailer" Description="Trailer designated for combined road/rail use." />
  <Value Id="AT" Name="Overhang wagon" Description="Empty rail wagon added to the loaded wagons, when goods are longer than the loaded wagon." />
  <Value Id="BL" Name="Blocks" Description="A piece of equipment that is normally a piece of wood to fix cargo (e.g. coils) during transport." />
  <Value Id="BPN" Name="Box pallet non-exchangeable" Description="A box pallet which cannot be exchanged." />
  <Value Id="BPO" Name="Truck being transported" Description="A road vehicle capable of carrying goods which is being carried on another means of transport." />
  <Value Id="BPP" Name="Truck and trailer combination being transported" Description="A road vehicle capable of carrying goods with an attached trailer which is being carried on another means of transport." />
  <Value Id="BPQ" Name="Tractor and trailer being transported" Description="A trailer accompanied by a self-propelling tractor unit which is being carried on another means of transport." />
  <Value Id="BPR" Name="Postal bag" Description="Bag intended primarily for the conveyance of postal items." />
  <Value Id="BPS" Name="Letter Tray" Description="Tray intended primarily for the conveyance of letter mail items of size slightly exceeding C5, in which the items are stood on their long edge." />
  <Value Id="BPT" Name="Roller Cage" Description="Wheeled wire cage." />
  <Value Id="BPU" Name="Flats Tray" Description="Tray intended primarily for the conveyance of letter mail items of from C5 up to in excess of C4, in which the items are stacked one on top of another. May also be used for letter mail smaller items stood on their long edge." />
  <Value Id="BPV" Name="Out of bag parcel" Description="Postal item which is conveyed individually, with only the wrapping provided by the mailer for protection." />
  <Value Id="BPW" Name="Wheeled Platform" Description="Device, consisting of a flat surface mounted on a wheels, which is designed for the conveyance of items which may safely be stacked. Normally also equipped with a handle to allow the device to be easily manoeuvred." />
  <Value Id="BPX" Name="Container non-compliant with the Customs Convention on Containers" Description="The container is not compliant with the Customs Convention on Containers." />
  <Value Id="BPY" Name="Box pallet EUR Y non exchangeable" Description="A euro-pallet of type Y that may not be exchanged." />
  <Value Id="BPZ" Name="Roll Pallet 1" Description="80 X 60 cm pallet on casters." />
  <Value Id="BR" Name="Barge" Description="Flat bottomed inland cargo vessel for canals and rivers with or without own propulsion for the purpose of transported goods. (Synonym: Lighter)." />
  <Value Id="BX" Name="Boxcar" Description="An enclosed railway goods wagon." />
  <Value Id="CH" Name="Chassis" Description="A wheeled carriage onto which an ocean container is mounted for inland conveyance." />
  <Value Id="CN" Name="Container" Description="Equipment item as defined by ISO for transport. It must be of: A) permanent character, strong enough for repeated use; B) designed to facilitate the carriage of goods, by one or more modes of transport, without intermediate reloading; C) fitted with devices for its ready handling, particularly." />
  <Value Id="DPA" Name="Deadlight (panel)" Description="A set of panels fixed inside a porthole." />
  <Value Id="DPB" Name="Roll Pallet 2" Description="120 X 60 cm pallet on casters." />
  <Value Id="DPC" Name="Container gantry crane" Description="A fixed gantry crane ashore for container handling operations." />
  <Value Id="DPD" Name="Mobile crane" Description="A mobile crane for handling operations." />
  <Value Id="DPE" Name="Floating crane" Description="A crane mounted on a dedicated vessel." />
  <Value Id="DPF" Name="Ship's equipment crane" Description="A crane mounted on a ship for handling operations." />
  <Value Id="DPG" Name="Conveyor belt" Description="Rolling carpet belt." />
  <Value Id="DPH" Name="Forklift" Description="Equipment device for handling and moving goods." />
  <Value Id="DPI" Name="Stacking equipment" Description="Equipment device for stacking goods." />
  <Value Id="DPJ" Name="Taillift" Description="Equipment device at the rear of a truck for loading and unloading cargo." />
  <Value Id="EFP" Name="Exchangeable EUR flat pallet" Description="A flat euro-pallet that may be exchanged." />
  <Value Id="EYP" Name="Exchangeable EUR Y box pallet" Description="A euro-pallet of type Y that may be exchanged." />
  <Value Id="FPN" Name="Flat pallet EUR non exchangeable" Description="A flat euro-pallet that may not be exchanged." />
  <Value Id="FPR" Name="Flat pallet (railway property) non-exchangeable" Description="A non-exchangeable flat pallet owned by a railroad." />
  <Value Id="IL" Name="Lidded stackable rigid tray (CEN TS 14482:2002)" Description="Lidded stackable rigid tray compliant with CEN TS 14482:2002." />
  <Value Id="LAR" Name="Lashing rope" Description="A rope for lashing cargo." />
  <Value Id="LU" Name="Load/unload device on equipment" Description="A mechanical device used in the loading and/or unloading of cargo into and from transport equipment." />
  <Value Id="MPA" Name="Movable panel" Description="A panel which can be moved." />
  <Value Id="PA" Name="Pallet" Description="A platform on which goods can be stacked in order to facilitate the movement by a forklift or sling." />
  <Value Id="PBP" Name="Identified private box pallet" Description="A box pallet identified as being privately owned." />
  <Value Id="PFP" Name="Identified private flat pallet" Description="A flat pallet identified as being privately owned." />
  <Value Id="PL" Name="Platform" Description="A piece of equipment normally having a flat surface, or prepared for carrying cargo with a specific shape." />
  <Value Id="PPA" Name="Protecting panel" Description="A panel used for protection." />
  <Value Id="PST" Name="Portable stove" Description="A portable heating unit." />
  <Value Id="RF" Name="Flat car" Description="A railway wagon without raised sides or ends." />
  <Value Id="RG" Name="Reefer generator" Description="A generator used to control the temperature in temperature-controlled transport equipment." />
  <Value Id="RGF" Name="Ground facility" Description="Storage tank or facility capable of receiving shipment of goods or commodity." />
  <Value Id="RO" Name="Rope" Description="Rope used in the securing of cargo." />
  <Value Id="RR" Name="Rail car" Description="To identify that the equipment is a rail car." />
  <Value Id="SPP" Name="Identified special pallet" Description="A pallet identified as special." />
  <Value Id="STR" Name="Strap" Description="A narrow strip of flexible material." />
  <Value Id="SW" Name="Swap body" Description="Rectangular equipment unit without wheels, which can be mounted on a chassis or positioned on legs." />
  <Value Id="TE" Name="Trailer" Description="A vehicle without motive power, designed for the carriage of cargo and to be towed by a motor vehicle." />
  <Value Id="TP" Name="Tarpaulin" Description="Waterproof material, e.g. canvas, to spread over cargo to protect it from getting wet." />
  <Value Id="TS" Name="Tackles" Description="Identification of loading tackle used (sheets, ropes, chains, etc.), as specified in DCU 9 to CIM Article 13; and of containers, as specified in Articles 5 and 10 of Annex III to CIM (CIM 17)." />
  <Value Id="TSU" Name="Tarpaulin support" Description="A device to support a tarpaulin." />
  <Value Id="UL" Name="ULD (Unit load device)" Description="An aircraft container or pallet." />
</Root>