<?xml version="1.0" encoding="utf-8"?>
<Root xmlns:xsi="http://www.w3.org/2001/XMLSchema-instance" xmlns:xsd="http://www.w3.org/2001/XMLSchema" Id="8051" Name="Transport stage code qualifier" Description="Code qualifying a specific stage of transport." Count="an..3">
  <Value Id="1" Name="Inland transport" Description="Transport by which goods are moved from or to the frontier, or between inland points." />
  <Value Id="2" Name="At the statistical territory limit" Description="Point by which the means of transport are presumed to have left the statistical territory of despatch or to have entered the statistical territory of arrival." />
  <Value Id="3" Name="At arrival" Description="Transport by which goods are moved to the place of arrival." />
  <Value Id="4" Name="Means of transport at transit" Description="The means of transport used to carry goods that have come under transit procedures of the customs administration to which a transit declaration is being made." />
  <Value Id="5" Name="Means of transport crossing the regulatory border" Description="The means of transport moving into and out of a regulatory territory." />
  <Value Id="6" Name="Means of transport at first port of arrival into regulatory territory" Description="The means of transport moving into a regulatory territory at the first port of arrival." />
  <Value Id="10" Name="Pre-carriage transport" Description="Transport by which the goods are moved prior to their main carriage transport." />
  <Value Id="11" Name="At border" Description="Transport by which goods are moved to the Customs frontier." />
  <Value Id="12" Name="At departure" Description="Transport by which goods are moved from the place of departure." />
  <Value Id="13" Name="At destination" Description="Transport by which goods are moved at the place of destination." />
  <Value Id="15" Name="Main carriage - fourth carrier" Description="The fourth carrier of the ordered transport." />
  <Value Id="16" Name="Main carriage - fifth carrier" Description="The fifth carrier of the ordered transport." />
  <Value Id="17" Name="Main carriage - sixth carrier" Description="The sixth carrier of the ordered transport." />
  <Value Id="18" Name="Main carriage - seventh carrier" Description="The seventh carrier of the ordered transport." />
  <Value Id="19" Name="Main carriage - eighth carrier" Description="The eighth carrier of the ordered transport." />
  <Value Id="20" Name="Main-carriage transport" Description="The primary stage in the movement of cargo from the point of origin to the intended destination." />
  <Value Id="21" Name="Main carriage - first carrier" Description="The first carrier of the ordered transport when more than one carrier is involved." />
  <Value Id="22" Name="Main carriage - second carrier" Description="The second carrier of the ordered transport when more than one carrier is involved." />
  <Value Id="23" Name="Main carriage - third carrier" Description="The third carrier of the ordered transport when more than one carrier is involved." />
  <Value Id="24" Name="Inland waterway transport" Description="Transport by which goods are moved via an inland body of water." />
  <Value Id="25" Name="Delivery carrier all transport" Description="Carrier responsible from the point of origin to the final delivery destination." />
  <Value Id="26" Name="Second pre-carriage transport" Description="Second transport by which the goods are moved prior to their main carriage transport." />
  <Value Id="27" Name="Pre-acceptance transport" Description="The transport by which the goods are moved to the place of acceptance." />
  <Value Id="28" Name="Second on-carriage transport" Description="Second transport by which the goods are moved after the main carriage transport." />
  <Value Id="29" Name="Main carriage - ninth carrier" Description="The ninth carrier of the ordered transport." />
  <Value Id="30" Name="On-carriage transport" Description="Transport by which the goods are moved after the main carriage transport." />
  <Value Id="31" Name="Main carriage - tenth carrier" Description="The tenth carrier of the ordered transport." />
  <Value Id="32" Name="Main carriage - eleventh carrier" Description="The eleventh carrier of the ordered transport." />
  <Value Id="33" Name="Main carriage - twelfth carrier" Description="The twelfth carrier of the ordered transport." />
  <Value Id="34" Name="Overflight" Description="The movement of a conveyance through the airspace over the territories of a country without landing within the territories of the country." />
</Root>