<?xml version="1.0" encoding="utf-8"?>
<Root xmlns:xsi="http://www.w3.org/2001/XMLSchema-instance" xmlns:xsd="http://www.w3.org/2001/XMLSchema" Id="C088" Name="INSTITUTION IDENTIFICATION" Description="Identification of a financial institution by code branch number, or name and name of place. Code or branch number preferred.">
  <Element Position="010" Id="3433" Name="Institution name code" Rep="C" Count="an..11" />
  <Element Position="020" Id="1131" Name="Code list identification code" Rep="C" Count="an..17" />
  <Element Position="030" Id="3055" Name="Code list responsible agency code" Rep="C" Count="an..3" />
  <Element Position="040" Id="3434" Name="Institution branch identifier" Rep="C" Count="an..17" />
  <Element Position="050" Id="1131" Name="Code list identification code" Rep="C" Count="an..17" />
  <Element Position="060" Id="3055" Name="Code list responsible agency code" Rep="C" Count="an..3" />
  <Element Position="070" Id="3432" Name="Institution name" Rep="C" Count="an..70" />
  <Element Position="080" Id="3436" Name="Institution branch location name" Rep="C" Count="an..70" />
</Root>