<?xml version="1.0" encoding="utf-8"?>
<Root xmlns:xsi="http://www.w3.org/2001/XMLSchema-instance" xmlns:xsd="http://www.w3.org/2001/XMLSchema" Id="C203" Name="RATE/TARIFF CLASS" Description="Identification of the applicable rate/tariff class.">
  <Element Position="010" Id="5243" Name="Rate or tariff class description code" Rep="M" Count="an..9" />
  <Element Position="020" Id="1131" Name="Code list identification code" Rep="C" Count="an..17" />
  <Element Position="030" Id="3055" Name="Code list responsible agency code" Rep="C" Count="an..3" />
  <Element Position="040" Id="5242" Name="Rate or tariff class description" Rep="C" Count="an..35" />
  <Element Position="050" Id="5275" Name="Supplementary rate or tariff code" Rep="C" Count="an..6" />
  <Element Position="060" Id="1131" Name="Code list identification code" Rep="C" Count="an..17" />
  <Element Position="070" Id="3055" Name="Code list responsible agency code" Rep="C" Count="an..3" />
  <Element Position="080" Id="5275" Name="Supplementary rate or tariff code" Rep="C" Count="an..6" />
  <Element Position="090" Id="1131" Name="Code list identification code" Rep="C" Count="an..17" />
  <Element Position="100" Id="3055" Name="Code list responsible agency code" Rep="C" Count="an..3" />
</Root>