<?xml version="1.0" encoding="utf-8"?>
<Root xmlns:xsi="http://www.w3.org/2001/XMLSchema-instance" xmlns:xsd="http://www.w3.org/2001/XMLSchema" Id="C210" Name="MARKS &amp; LABELS" Description="Shipping marks on packages in free text; one to ten lines.">
  <Element Position="010" Id="7102" Name="Shipping marks description" Rep="M" Count="an..35" />
  <Element Position="020" Id="7102" Name="Shipping marks description" Rep="C" Count="an..35" />
  <Element Position="030" Id="7102" Name="Shipping marks description" Rep="C" Count="an..35" />
  <Element Position="040" Id="7102" Name="Shipping marks description" Rep="C" Count="an..35" />
  <Element Position="050" Id="7102" Name="Shipping marks description" Rep="C" Count="an..35" />
  <Element Position="060" Id="7102" Name="Shipping marks description" Rep="C" Count="an..35" />
  <Element Position="070" Id="7102" Name="Shipping marks description" Rep="C" Count="an..35" />
  <Element Position="080" Id="7102" Name="Shipping marks description" Rep="C" Count="an..35" />
  <Element Position="090" Id="7102" Name="Shipping marks description" Rep="C" Count="an..35" />
  <Element Position="100" Id="7102" Name="Shipping marks description" Rep="C" Count="an..35" />
</Root>