<?xml version="1.0" encoding="utf-8"?>
<Root xmlns:xsi="http://www.w3.org/2001/XMLSchema-instance" xmlns:xsd="http://www.w3.org/2001/XMLSchema" Id="E004" Name="RULE DETAILS" Description="To indicate the coded rule, a number and it's relation to the rule, a start day of service, a monetary amount associated to the rule, and additional information associated with the rule.">
  <Element Position="010" Id="4183" Name="Special condition code" Rep="M" Count="an..3" />
  <Element Position="020" Id="6350" Name="Units quantity" Rep="C" Count="n..15" />
  <Element Position="030" Id="6353" Name="Unit type code qualifier" Rep="C" Count="an..3" />
  <Element Position="040" Id="5479" Name="Relation code" Rep="C" Count="an..3" />
  <Element Position="050" Id="2160" Name="Days of week set identifier" Rep="C" Count="an..7" />
  <Element Position="060" Id="5004" Name="Monetary amount" Rep="C" Count="n..35" />
  <Element Position="070" Id="5025" Name="Monetary amount type code qualifier" Rep="C" Count="an..3" />
  <Element Position="080" Id="6345" Name="Currency identification code" Rep="C" Count="an..3" />
  <Element Position="090" Id="4440" Name="Free text" Rep="C" Count="an..512" />
  <Element Position="100" Id="4440" Name="Free text" Rep="C" Count="an..512" />
  <Element Position="110" Id="4440" Name="Free text" Rep="C" Count="an..512" />
  <Element Position="120" Id="4440" Name="Free text" Rep="C" Count="an..512" />
  <Element Position="130" Id="4440" Name="Free text" Rep="C" Count="an..512" />
  <Element Position="140" Id="4440" Name="Free text" Rep="C" Count="an..512" />
  <Element Position="150" Id="4440" Name="Free text" Rep="C" Count="an..512" />
  <Element Position="160" Id="4440" Name="Free text" Rep="C" Count="an..512" />
  <Element Position="170" Id="4440" Name="Free text" Rep="C" Count="an..512" />
</Root>