<?xml version="1.0" encoding="utf-8"?>
<Root xmlns:xsi="http://www.w3.org/2001/XMLSchema-instance" xmlns:xsd="http://www.w3.org/2001/XMLSchema" Id="E008" Name="GEOGRAPHIC DETAILS" Description="To specify a type of location, the actual location, the direction, distance, travel time and transportation to the location.">
  <Element Position="010" Id="3227" Name="Location function code qualifier" Rep="M" Count="an..3" />
  <Element Position="020" Id="3224" Name="Location name" Rep="M" Count="an..256" />
  <Element Position="030" Id="5479" Name="Relation code" Rep="C" Count="an..3" />
  <Element Position="040" Id="6060" Name="Quantity" Rep="C" Count="an..35" />
  <Element Position="050" Id="6063" Name="Quantity type code qualifier" Rep="C" Count="an..3" />
  <Element Position="060" Id="2002" Name="Time" Rep="C" Count="n4" />
  <Element Position="070" Id="8179" Name="Transport means description code" Rep="C" Count="an..8" />
  <Element Position="080" Id="8179" Name="Transport means description code" Rep="C" Count="an..8" />
  <Element Position="090" Id="8179" Name="Transport means description code" Rep="C" Count="an..8" />
  <Element Position="100" Id="8179" Name="Transport means description code" Rep="C" Count="an..8" />
  <Element Position="110" Id="8179" Name="Transport means description code" Rep="C" Count="an..8" />
  <Element Position="120" Id="6000" Name="Latitude degree" Rep="C" Count="an..10" />
  <Element Position="130" Id="6002" Name="Longitude degree" Rep="C" Count="an..11" />
</Root>