<?xml version="1.0" encoding="utf-8"?>
<Root xmlns:xsi="http://www.w3.org/2001/XMLSchema-instance" xmlns:xsd="http://www.w3.org/2001/XMLSchema" Id="E019" Name="PROMOTION DETAILS" Description="To specify the provider of a promotion, the promotion reference number, and associated text.">
  <Element Position="010" Id="3036" Name="Party name" Rep="M" Count="an..70" />
  <Element Position="020" Id="9607" Name="Yes or no indicator code" Rep="C" Count="an..3" />
  <Element Position="030" Id="1154" Name="Reference identifier" Rep="C" Count="an..70" />
  <Element Position="040" Id="4440" Name="Free text" Rep="C" Count="an..512" />
  <Element Position="050" Id="4440" Name="Free text" Rep="C" Count="an..512" />
  <Element Position="060" Id="4440" Name="Free text" Rep="C" Count="an..512" />
  <Element Position="070" Id="4440" Name="Free text" Rep="C" Count="an..512" />
  <Element Position="080" Id="4440" Name="Free text" Rep="C" Count="an..512" />
</Root>