<?xml version="1.0" encoding="utf-8"?>
<Root xmlns:xsi="http://www.w3.org/2001/XMLSchema-instance" xmlns:xsd="http://www.w3.org/2001/XMLSchema" Id="E015" Name="PRODUCT DATA INFORMATION" Description="To specify the product data in coded or text form, the number available, and the charge for usage.">
  <Element Position="010" Id="7009" Name="Item description code" Rep="C" Count="an..17" />
  <Element Position="020" Id="7008" Name="Item description" Rep="C" Count="an..256" />
  <Element Position="030" Id="6060" Name="Quantity" Rep="C" Count="an..35" />
  <Element Position="040" Id="5004" Name="Monetary amount" Rep="C" Count="n..35" />
  <Element Position="050" Id="2155" Name="Charge period type code" Rep="C" Count="an..3" />
  <Element Position="060" Id="5261" Name="Charge unit code" Rep="C" Count="an..3" />
  <Element Position="070" Id="6345" Name="Currency identification code" Rep="C" Count="an..3" />
  <Element Position="080" Id="4473" Name="Information type code" Rep="C" Count="an..4" />
  <Element Position="090" Id="4440" Name="Free text" Rep="C" Count="an..512" />
</Root>