<?xml version="1.0" encoding="utf-8"?>
<Root xmlns:xsi="http://www.w3.org/2001/XMLSchema-instance" xmlns:xsd="http://www.w3.org/2001/XMLSchema" Id="E083" Name="DELIVERY PATTERN" Description="To specify a delivery pattern that defines a quantity, delivered over a period of time, at a prescribed frequency.">
  <Element Position="010" Id="6063" Name="Quantity type code qualifier" Rep="M" Count="an..3" />
  <Element Position="020" Id="6060" Name="Quantity" Rep="C" Count="an..35" />
  <Element Position="030" Id="6411" Name="Measurement unit code" Rep="C" Count="an..8" />
  <Element Position="040" Id="6060" Name="Quantity" Rep="C" Count="an..35" />
  <Element Position="050" Id="2151" Name="Period type code" Rep="C" Count="an..3" />
  <Element Position="060" Id="2152" Name="Period count quantity" Rep="C" Count="n..3" />
  <Element Position="070" Id="2015" Name="Despatch pattern code" Rep="C" Count="an..3" />
  <Element Position="080" Id="2017" Name="Despatch pattern timing code" Rep="C" Count="an..3" />
</Root>