<?xml version="1.0" encoding="utf-8"?>
<Root xmlns:xsi="http://www.w3.org/2001/XMLSchema-instance" xmlns:xsd="http://www.w3.org/2001/XMLSchema" Id="E959" Name="ADDITIONAL SERVICE DETAILS" Description="To specify additional service details, such as the reserved date, starting time, ending time and location information.">
  <Element Position="010" Id="7161" Name="Special service description code" Rep="M" Count="an..3" />
  <Element Position="020" Id="2002" Name="Time" Rep="C" Count="n4" />
  <Element Position="030" Id="2002" Name="Time" Rep="C" Count="n4" />
  <Element Position="040" Id="2000" Name="Date" Rep="C" Count="an..14" />
  <Element Position="050" Id="3224" Name="Location name" Rep="C" Count="an..256" />
  <Element Position="060" Id="3225" Name="Location identifier" Rep="C" Count="an..35" />
  <Element Position="070" Id="3227" Name="Location function code qualifier" Rep="C" Count="an..3" />
  <Element Position="080" Id="7037" Name="Characteristic description code" Rep="C" Count="an..17" />
  <Element Position="090" Id="3223" Name="First related location identifier" Rep="C" Count="an..35" />
  <Element Position="100" Id="3207" Name="Country identifier" Rep="C" Count="an..3" />
  <Element Position="110" Id="7160" Name="Special service description" Rep="C" Count="an..35" />
  <Element Position="120" Id="7036" Name="Characteristic description" Rep="C" Count="an..35" />
  <Element Position="130" Id="1229" Name="Action code" Rep="C" Count="an..3" />
  <Element Position="140" Id="3233" Name="Second related location identifier" Rep="C" Count="an..35" />
  <Element Position="150" Id="3453" Name="Language name code" Rep="C" Count="an..3" />
  <Element Position="160" Id="6072" Name="Frequency rate" Rep="C" Count="n..9" />
  <Element Position="170" Id="6411" Name="Measurement unit code" Rep="C" Count="an..8" />
  <Element Position="180" Id="6060" Name="Quantity" Rep="C" Count="an..35" />
  <Element Position="190" Id="3036" Name="Party name" Rep="C" Count="an..70" />
</Root>