<?xml version="1.0" encoding="utf-8"?>
<Root xmlns:xsi="http://www.w3.org/2001/XMLSchema-instance" xmlns:xsd="http://www.w3.org/2001/XMLSchema" Id="E961" Name="TRANSPORT DETAILS" Description="Details describing a specific means of transport.">
  <Element Position="010" Id="8179" Name="Transport means description code" Rep="C" Count="an..8" />
  <Element Position="020" Id="8216" Name="Journey stops quantity" Rep="C" Count="n..3" />
  <Element Position="030" Id="2162" Name="Journey leg duration quantity" Rep="C" Count="an..6" />
  <Element Position="040" Id="5482" Name="Percentage" Rep="C" Count="n..10" />
  <Element Position="050" Id="2160" Name="Days of week set identifier" Rep="C" Count="an..7" />
  <Element Position="060" Id="2380" Name="Date or time or period text" Rep="C" Count="an..35" />
  <Element Position="070" Id="8215" Name="Transport means change indicator code" Rep="C" Count="an1" />
  <Element Position="080" Id="3225" Name="Location identifier" Rep="C" Count="an..35" />
  <Element Position="090" Id="3225" Name="Location identifier" Rep="C" Count="an..35" />
  <Element Position="100" Id="3225" Name="Location identifier" Rep="C" Count="an..35" />
</Root>