<?xml version="1.0" encoding="utf-8"?>
<Root xmlns:xsi="http://www.w3.org/2001/XMLSchema-instance" xmlns:xsd="http://www.w3.org/2001/XMLSchema" Id="E972" Name="MESSAGE PROCESSING DETAILS" Description="To indicate message processing information.">
  <Element Position="010" Id="4025" Name="Business function code" Rep="C" Count="an..3" />
  <Element Position="020" Id="1225" Name="Message function code" Rep="C" Count="an..3" />
  <Element Position="030" Id="3055" Name="Code list responsible agency code" Rep="C" Count="an..3" />
  <Element Position="040" Id="1225" Name="Message function code" Rep="C" Count="an..3" />
  <Element Position="050" Id="1225" Name="Message function code" Rep="C" Count="an..3" />
  <Element Position="060" Id="1225" Name="Message function code" Rep="C" Count="an..3" />
  <Element Position="070" Id="1225" Name="Message function code" Rep="C" Count="an..3" />
  <Element Position="080" Id="1225" Name="Message function code" Rep="C" Count="an..3" />
  <Element Position="090" Id="1225" Name="Message function code" Rep="C" Count="an..3" />
  <Element Position="100" Id="1225" Name="Message function code" Rep="C" Count="an..3" />
  <Element Position="110" Id="1225" Name="Message function code" Rep="C" Count="an..3" />
  <Element Position="120" Id="1225" Name="Message function code" Rep="C" Count="an..3" />
</Root>