<?xml version="1.0" encoding="utf-8"?>
<Root xmlns:xsi="http://www.w3.org/2001/XMLSchema-instance" xmlns:xsd="http://www.w3.org/2001/XMLSchema" Id="E977" Name="PAYMENT DETAILS" Description="To identify the method, type, amount, currency and due date of payment.">
  <Element Position="010" Id="4467" Name="Payment method code" Rep="C" Count="an..4" />
  <Element Position="020" Id="4469" Name="Payment purpose code" Rep="C" Count="an..4" />
  <Element Position="030" Id="5267" Name="Service type code" Rep="C" Count="an..3" />
  <Element Position="040" Id="5004" Name="Monetary amount" Rep="C" Count="n..35" />
  <Element Position="050" Id="6345" Name="Currency identification code" Rep="C" Count="an..3" />
  <Element Position="060" Id="1154" Name="Reference identifier" Rep="C" Count="an..70" />
  <Element Position="070" Id="2000" Name="Date" Rep="C" Count="an..14" />
  <Element Position="080" Id="3225" Name="Location identifier" Rep="C" Count="an..35" />
</Root>