<?xml version="1.0" encoding="utf-8"?>
<Root xmlns:xsi="http://www.w3.org/2001/XMLSchema-instance" xmlns:xsd="http://www.w3.org/2001/XMLSchema" Id="E981" Name="SPECIAL REQUIREMENT DETAILS" Description="To specify requirements concerning a special request or requirement and to reference to a traveller.">
  <Element Position="010" Id="4184" Name="Special requirement description" Rep="C" Count="an..17" />
  <Element Position="020" Id="6411" Name="Measurement unit code" Rep="C" Count="an..8" />
  <Element Position="030" Id="6060" Name="Quantity" Rep="C" Count="an..35" />
  <Element Position="040" Id="1145" Name="Traveller reference identifier" Rep="C" Count="an..35" />
  <Element Position="050" Id="7111" Name="Characteristic value description code" Rep="C" Count="an..3" />
  <Element Position="060" Id="7111" Name="Characteristic value description code" Rep="C" Count="an..3" />
  <Element Position="070" Id="7111" Name="Characteristic value description code" Rep="C" Count="an..3" />
  <Element Position="080" Id="7111" Name="Characteristic value description code" Rep="C" Count="an..3" />
  <Element Position="090" Id="7111" Name="Characteristic value description code" Rep="C" Count="an..3" />
</Root>