<?xml version="1.0" encoding="utf-8"?>
<Root xmlns:xsi="http://www.w3.org/2001/XMLSchema-instance" xmlns:xsd="http://www.w3.org/2001/XMLSchema" Id="E982" Name="TARIFF INFORMATION" Description="To identify the rates or tariff details.">
  <Element Position="010" Id="5263" Name="Rate type identifier" Rep="C" Count="an..20" />
  <Element Position="020" Id="5004" Name="Monetary amount" Rep="C" Count="n..35" />
  <Element Position="030" Id="6345" Name="Currency identification code" Rep="C" Count="an..3" />
  <Element Position="040" Id="5501" Name="Rate plan code" Rep="C" Count="an..3" />
  <Element Position="050" Id="5025" Name="Monetary amount type code qualifier" Rep="C" Count="an..3" />
  <Element Position="060" Id="2152" Name="Period count quantity" Rep="C" Count="n..3" />
  <Element Position="070" Id="5377" Name="Price change type code" Rep="C" Count="an..3" />
  <Element Position="080" Id="5160" Name="Total monetary amount" Rep="C" Count="n..20" />
  <Element Position="090" Id="2000" Name="Date" Rep="C" Count="an..14" />
  <Element Position="100" Id="2000" Name="Date" Rep="C" Count="an..14" />
  <Element Position="110" Id="4183" Name="Special condition code" Rep="C" Count="an..3" />
  <Element Position="120" Id="6060" Name="Quantity" Rep="C" Count="an..35" />
  <Element Position="130" Id="4405" Name="Status description code" Rep="C" Count="an..3" />
</Root>