<?xml version="1.0" encoding="utf-8"?>
<Root xmlns:xsi="http://www.w3.org/2001/XMLSchema-instance" xmlns:xsd="http://www.w3.org/2001/XMLSchema" Id="E980" Name="SPECIAL REQUIREMENT TYPE DETAILS" Description="To specify special requirements on services, the quantity required, action to be taken and where the requirement should be administered.">
  <Element Position="010" Id="4187" Name="Special requirement type code" Rep="M" Count="an..4" />
  <Element Position="020" Id="4405" Name="Status description code" Rep="C" Count="an..3" />
  <Element Position="030" Id="6060" Name="Quantity" Rep="C" Count="an..35" />
  <Element Position="040" Id="3036" Name="Party name" Rep="C" Count="an..70" />
  <Element Position="050" Id="7365" Name="Processing indicator description code" Rep="C" Count="an..3" />
  <Element Position="060" Id="3225" Name="Location identifier" Rep="C" Count="an..35" />
  <Element Position="070" Id="3225" Name="Location identifier" Rep="C" Count="an..35" />
  <Element Position="080" Id="7037" Name="Characteristic description code" Rep="C" Count="an..17" />
</Root>