<?xml version="1.0" encoding="utf-8"?>
<Root xmlns:xsi="http://www.w3.org/2001/XMLSchema-instance" xmlns:xsd="http://www.w3.org/2001/XMLSchema" Id="E984" Name="ASSOCIATED CHARGES INFORMATION" Description="Identification of the additional charges that are associated to a product or service.">
  <Element Position="010" Id="5261" Name="Charge unit code" Rep="C" Count="an..3" />
  <Element Position="020" Id="5004" Name="Monetary amount" Rep="C" Count="n..35" />
  <Element Position="030" Id="7008" Name="Item description" Rep="C" Count="an..256" />
  <Element Position="040" Id="6060" Name="Quantity" Rep="C" Count="an..35" />
  <Element Position="050" Id="2155" Name="Charge period type code" Rep="C" Count="an..3" />
  <Element Position="060" Id="6345" Name="Currency identification code" Rep="C" Count="an..3" />
  <Element Position="070" Id="3225" Name="Location identifier" Rep="C" Count="an..35" />
  <Element Position="080" Id="4440" Name="Free text" Rep="C" Count="an..512" />
  <Element Position="090" Id="4513" Name="Maintenance operation code" Rep="C" Count="an..3" />
  <Element Position="100" Id="7299" Name="Requirement designator code" Rep="C" Count="an..3" />
  <Element Position="110" Id="2018" Name="Age" Rep="C" Count="n..3" />
  <Element Position="120" Id="5482" Name="Percentage" Rep="C" Count="n..10" />
</Root>