<?xml version="1.0" encoding="utf-8"?>
<Root xmlns:xsi="http://www.w3.org/2001/XMLSchema-instance" xmlns:xsd="http://www.w3.org/2001/XMLSchema" Id="E986" Name="TRAVELLER DETAILS" Description="To identify the given or first name and title of a traveller, the traveller type, the traveller language, and the sex and age of the traveller.">
  <Element Position="010" Id="3460" Name="Given name" Rep="C" Count="an..70" />
  <Element Position="020" Id="3035" Name="Party function code qualifier" Rep="C" Count="an..3" />
  <Element Position="030" Id="1145" Name="Traveller reference identifier" Rep="C" Count="an..35" />
  <Element Position="040" Id="3504" Name="Given name title description" Rep="C" Count="an..9" />
  <Element Position="050" Id="8219" Name="Traveller accompanied by infant indicator code" Rep="C" Count="an1" />
  <Element Position="060" Id="3453" Name="Language name code" Rep="C" Count="an..3" />
  <Element Position="070" Id="3499" Name="Gender code" Rep="C" Count="an..3" />
  <Element Position="080" Id="2018" Name="Age" Rep="C" Count="n..3" />
</Root>