<?xml version="1.0" encoding="utf-8"?>
<Root xmlns:xsi="http://www.w3.org/2001/XMLSchema-instance" xmlns:xsd="http://www.w3.org/2001/XMLSchema" Id="E990" Name="SEQUENCE NUMBER DETAILS" Description="To specify sequence number information about a product or service.">
  <Element Position="010" Id="1050" Name="Sequence position identifier" Rep="M" Count="an..10" />
  <Element Position="020" Id="1050" Name="Sequence position identifier" Rep="C" Count="an..10" />
  <Element Position="030" Id="1050" Name="Sequence position identifier" Rep="C" Count="an..10" />
  <Element Position="040" Id="1050" Name="Sequence position identifier" Rep="C" Count="an..10" />
  <Element Position="050" Id="1050" Name="Sequence position identifier" Rep="C" Count="an..10" />
  <Element Position="060" Id="1050" Name="Sequence position identifier" Rep="C" Count="an..10" />
  <Element Position="070" Id="1050" Name="Sequence position identifier" Rep="C" Count="an..10" />
  <Element Position="080" Id="1050" Name="Sequence position identifier" Rep="C" Count="an..10" />
  <Element Position="090" Id="1050" Name="Sequence position identifier" Rep="C" Count="an..10" />
</Root>