<?xml version="1.0" encoding="utf-8"?>
<Root xmlns:xsi="http://www.w3.org/2001/XMLSchema-instance" xmlns:xsd="http://www.w3.org/2001/XMLSchema" Id="E999" Name="CONNECTION DETAILS" Description="To specify a location for connections and stopovers, the designated supplier, associated times, and travel sequence.">
  <Element Position="010" Id="3225" Name="Location identifier" Rep="C" Count="an..35" />
  <Element Position="020" Id="3036" Name="Party name" Rep="C" Count="an..70" />
  <Element Position="030" Id="2002" Name="Time" Rep="C" Count="n4" />
  <Element Position="040" Id="2002" Name="Time" Rep="C" Count="n4" />
  <Element Position="050" Id="3224" Name="Location name" Rep="C" Count="an..256" />
  <Element Position="060" Id="3227" Name="Location function code qualifier" Rep="C" Count="an..3" />
  <Element Position="070" Id="3207" Name="Country identifier" Rep="C" Count="an..3" />
  <Element Position="080" Id="1050" Name="Sequence position identifier" Rep="C" Count="an..10" />
</Root>