<?xml version="1.0" encoding="utf-8"?>
<Root xmlns:xsi="http://www.w3.org/2001/XMLSchema-instance" xmlns:xsd="http://www.w3.org/2001/XMLSchema" Id="S500" Name="SECURITY IDENTIFICATION DETAILS" Description="" Note="" Count="">
  <Element Position="010" Id="0577" Name="Security party qualifier" Rep="M" Count="an..3" />
  <Element Position="020" Id="0538" Name="Key name" Rep="C" Count="an..35" />
  <Element Position="030" Id="0511" Name="Security party identification" Rep="C" Count="an..1024" />
  <Element Position="040" Id="0513" Name="Security party code list qualifier" Rep="C" Count="an..3" />
  <Element Position="050" Id="0515" Name="Security party code list responsible agency, coded" Rep="C" Count="an..3" />
  <Element Position="060" Id="0586" Name="Security party name" Rep="C" Count="an..35" />
  <Element Position="070" Id="0586" Name="Security party name" Rep="C" Count="an..35" />
  <Element Position="080" Id="0586" Name="Security party name" Rep="C" Count="an..35" />
</Root>